Doxygen version used: 1.18.0
Searching for include files...
Searching for example files...
Searching for images...
Searching for dot files...
Searching for msc files...
Searching for dia files...
Searching for plantuml files...
Searching for mermaid files...
Searching for files to exclude
Searching for files in directory /Users/mike/CLionProjects/luisa/src/ext
Searching for files in directory /Users/mike/CLionProjects/luisa/src/ext/reproc
Searching for files in directory /Users/mike/CLionProjects/luisa/src/ext/reproc/reproc
Searching for files in directory /Users/mike/CLionProjects/luisa/src/ext/reproc/reproc/test
Searching for files in directory /Users/mike/CLionProjects/luisa/src/ext/reproc/reproc/include
Searching for files in directory /Users/mike/CLionProjects/luisa/src/ext/reproc/reproc/include/reproc
Searching for files in directory /Users/mike/CLionProjects/luisa/src/ext/reproc/reproc/resources
Searching for files in directory /Users/mike/CLionProjects/luisa/src/ext/reproc/reproc/examples
Searching for files in directory /Users/mike/CLionProjects/luisa/src/ext/reproc/reproc/src
Searching for files in directory /Users/mike/CLionProjects/luisa/src/ext/reproc/cmake
Searching for files in directory /Users/mike/CLionProjects/luisa/src/ext/reproc/reproc++
Searching for files in directory /Users/mike/CLionProjects/luisa/src/ext/reproc/reproc++/include
Searching for files in directory /Users/mike/CLionProjects/luisa/src/ext/reproc/reproc++/include/reproc++
Searching for files in directory /Users/mike/CLionProjects/luisa/src/ext/reproc/reproc++/include/reproc++/detail
Searching for files in directory /Users/mike/CLionProjects/luisa/src/ext/reproc/reproc++/examples
Searching for files in directory /Users/mike/CLionProjects/luisa/src/ext/reproc/reproc++/src
Searching for files in directory /Users/mike/CLionProjects/luisa/src/ext/yyjson
Searching for files in directory /Users/mike/CLionProjects/luisa/src/ext/yyjson/misc
Searching for files in directory /Users/mike/CLionProjects/luisa/src/ext/yyjson/test
Searching for files in directory /Users/mike/CLionProjects/luisa/src/ext/yyjson/test/util
Searching for files in directory /Users/mike/CLionProjects/luisa/src/ext/yyjson/test/xctest
Searching for files in directory /Users/mike/CLionProjects/luisa/src/ext/yyjson/test/data
Searching for files in directory /Users/mike/CLionProjects/luisa/src/ext/yyjson/test/data/num
Searching for files in directory /Users/mike/CLionProjects/luisa/src/ext/yyjson/test/data/json
Searching for files in directory /Users/mike/CLionProjects/luisa/src/ext/yyjson/test/data/json/test_roundtrip
Searching for files in directory /Users/mike/CLionProjects/luisa/src/ext/yyjson/test/data/json/test_transform
Searching for files in directory /Users/mike/CLionProjects/luisa/src/ext/yyjson/test/data/json/test_yyjson
Searching for files in directory /Users/mike/CLionProjects/luisa/src/ext/yyjson/test/data/json/test_checker
Searching for files in directory /Users/mike/CLionProjects/luisa/src/ext/yyjson/test/data/json/test_encoding
Searching for files in directory /Users/mike/CLionProjects/luisa/src/ext/yyjson/test/data/json/test_parsing
Searching for files in directory /Users/mike/CLionProjects/luisa/src/ext/yyjson/cmake
Searching for files in directory /Users/mike/CLionProjects/luisa/src/ext/yyjson/doc
Searching for files in directory /Users/mike/CLionProjects/luisa/src/ext/yyjson/doc/images
Searching for files in directory /Users/mike/CLionProjects/luisa/src/ext/yyjson/doc/doxygen
Searching for files in directory /Users/mike/CLionProjects/luisa/src/ext/yyjson/doc/doxygen/html
Searching for files in directory /Users/mike/CLionProjects/luisa/src/ext/yyjson/doc/doxygen/html/search
Searching for files in directory /Users/mike/CLionProjects/luisa/src/ext/yyjson/doc/doxygen/theme
Searching for files in directory /Users/mike/CLionProjects/luisa/src/ext/yyjson/fuzz
Searching for files in directory /Users/mike/CLionProjects/luisa/src/ext/yyjson/src
Searching for files in directory /Users/mike/CLionProjects/luisa/src/ext/volk
Searching for files in directory /Users/mike/CLionProjects/luisa/src/ext/volk/include
Searching for files in directory /Users/mike/CLionProjects/luisa/src/ext/volk/include/vk_video
Searching for files in directory /Users/mike/CLionProjects/luisa/src/ext/volk/include/vulkan
Searching for files in directory /Users/mike/CLionProjects/luisa/src/ext/volk/include/vulkan/utility
Searching for files in directory /Users/mike/CLionProjects/luisa/src/ext/pybind11
Searching for files in directory /Users/mike/CLionProjects/luisa/src/ext/pybind11/tools
Searching for files in directory /Users/mike/CLionProjects/luisa/src/ext/pybind11/pybind11
Searching for files in directory /Users/mike/CLionProjects/luisa/src/ext/pybind11/include
Searching for files in directory /Users/mike/CLionProjects/luisa/src/ext/pybind11/include/pybind11
Searching for files in directory /Users/mike/CLionProjects/luisa/src/ext/pybind11/include/pybind11/conduit
Searching for files in directory /Users/mike/CLionProjects/luisa/src/ext/pybind11/include/pybind11/eigen
Searching for files in directory /Users/mike/CLionProjects/luisa/src/ext/pybind11/include/pybind11/stl
Searching for files in directory /Users/mike/CLionProjects/luisa/src/ext/pybind11/include/pybind11/detail
Searching for files in directory /Users/mike/CLionProjects/luisa/src/ext/pybind11/tests
Searching for files in directory /Users/mike/CLionProjects/luisa/src/ext/pybind11/tests/test_cross_module_rtti
Searching for files in directory /Users/mike/CLionProjects/luisa/src/ext/pybind11/tests/test_with_catch
Searching for files in directory /Users/mike/CLionProjects/luisa/src/ext/pybind11/tests/pure_cpp
Searching for files in directory /Users/mike/CLionProjects/luisa/src/ext/pybind11/tests/test_cmake_build
Searching for files in directory /Users/mike/CLionProjects/luisa/src/ext/pybind11/tests/test_cmake_build/subdirectory_embed
Searching for files in directory /Users/mike/CLionProjects/luisa/src/ext/pybind11/tests/test_cmake_build/subdirectory_target
Searching for files in directory /Users/mike/CLionProjects/luisa/src/ext/pybind11/tests/test_cmake_build/subdirectory_function
Searching for files in directory /Users/mike/CLionProjects/luisa/src/ext/pybind11/tests/test_cmake_build/installed_embed
Searching for files in directory /Users/mike/CLionProjects/luisa/src/ext/pybind11/tests/test_cmake_build/installed_target
Searching for files in directory /Users/mike/CLionProjects/luisa/src/ext/pybind11/tests/test_cmake_build/installed_function
Searching for files in directory /Users/mike/CLionProjects/luisa/src/ext/pybind11/tests/extra_setuptools
Searching for files in directory /Users/mike/CLionProjects/luisa/src/ext/pybind11/tests/extra_python_package
Searching for files in directory /Users/mike/CLionProjects/luisa/src/ext/pybind11/docs
Searching for files in directory /Users/mike/CLionProjects/luisa/src/ext/pybind11/docs/advanced
Searching for files in directory /Users/mike/CLionProjects/luisa/src/ext/pybind11/docs/advanced/pycpp
Searching for files in directory /Users/mike/CLionProjects/luisa/src/ext/pybind11/docs/advanced/cast
Searching for files in directory /Users/mike/CLionProjects/luisa/src/ext/pybind11/docs/cmake
Searching for files in directory /Users/mike/CLionProjects/luisa/src/ext/pybind11/docs/_static
Searching for files in directory /Users/mike/CLionProjects/luisa/src/ext/pybind11/docs/_static/css
Searching for files in directory /Users/mike/CLionProjects/luisa/src/ext/SPIRV-Tools
Searching for files in directory /Users/mike/CLionProjects/luisa/src/ext/SPIRV-Tools/tools
Searching for files in directory /Users/mike/CLionProjects/luisa/src/ext/SPIRV-Tools/tools/lint
Searching for files in directory /Users/mike/CLionProjects/luisa/src/ext/SPIRV-Tools/tools/objdump
Searching for files in directory /Users/mike/CLionProjects/luisa/src/ext/SPIRV-Tools/tools/util
Searching for files in directory /Users/mike/CLionProjects/luisa/src/ext/SPIRV-Tools/tools/reduce
Searching for files in directory /Users/mike/CLionProjects/luisa/src/ext/SPIRV-Tools/tools/diff
Searching for files in directory /Users/mike/CLionProjects/luisa/src/ext/SPIRV-Tools/tools/emacs
Searching for files in directory /Users/mike/CLionProjects/luisa/src/ext/SPIRV-Tools/tools/cfg
Searching for files in directory /Users/mike/CLionProjects/luisa/src/ext/SPIRV-Tools/tools/link
Searching for files in directory /Users/mike/CLionProjects/luisa/src/ext/SPIRV-Tools/tools/dis
Searching for files in directory /Users/mike/CLionProjects/luisa/src/ext/SPIRV-Tools/tools/as
Searching for files in directory /Users/mike/CLionProjects/luisa/src/ext/SPIRV-Tools/tools/opt
Searching for files in directory /Users/mike/CLionProjects/luisa/src/ext/SPIRV-Tools/tools/fuzz
Searching for files in directory /Users/mike/CLionProjects/luisa/src/ext/SPIRV-Tools/tools/lesspipe
Searching for files in directory /Users/mike/CLionProjects/luisa/src/ext/SPIRV-Tools/tools/val
Searching for files in directory /Users/mike/CLionProjects/luisa/src/ext/SPIRV-Tools/test
Searching for files in directory /Users/mike/CLionProjects/luisa/src/ext/SPIRV-Tools/test/lint
Searching for files in directory /Users/mike/CLionProjects/luisa/src/ext/SPIRV-Tools/test/tools
Searching for files in directory /Users/mike/CLionProjects/luisa/src/ext/SPIRV-Tools/test/tools/objdump
Searching for files in directory /Users/mike/CLionProjects/luisa/src/ext/SPIRV-Tools/test/tools/opt
Searching for files in directory /Users/mike/CLionProjects/luisa/src/ext/SPIRV-Tools/test/util
Searching for files in directory /Users/mike/CLionProjects/luisa/src/ext/SPIRV-Tools/test/reduce
Searching for files in directory /Users/mike/CLionProjects/luisa/src/ext/SPIRV-Tools/test/wasm
Searching for files in directory /Users/mike/CLionProjects/luisa/src/ext/SPIRV-Tools/test/diff
Searching for files in directory /Users/mike/CLionProjects/luisa/src/ext/SPIRV-Tools/test/diff/diff_files
Searching for files in directory /Users/mike/CLionProjects/luisa/src/ext/SPIRV-Tools/test/link
Searching for files in directory /Users/mike/CLionProjects/luisa/src/ext/SPIRV-Tools/test/scripts
Searching for files in directory /Users/mike/CLionProjects/luisa/src/ext/SPIRV-Tools/test/opt
Searching for files in directory /Users/mike/CLionProjects/luisa/src/ext/SPIRV-Tools/test/opt/dominator_tree
Searching for files in directory /Users/mike/CLionProjects/luisa/src/ext/SPIRV-Tools/test/opt/loop_optimizations
Searching for files in directory /Users/mike/CLionProjects/luisa/src/ext/SPIRV-Tools/test/fuzz
Searching for files in directory /Users/mike/CLionProjects/luisa/src/ext/SPIRV-Tools/test/fuzz/fact_manager
Searching for files in directory /Users/mike/CLionProjects/luisa/src/ext/SPIRV-Tools/test/fuzzers
Searching for files in directory /Users/mike/CLionProjects/luisa/src/ext/SPIRV-Tools/test/fuzzers/corpora
Searching for files in directory /Users/mike/CLionProjects/luisa/src/ext/SPIRV-Tools/test/fuzzers/corpora/spv
Searching for files in directory /Users/mike/CLionProjects/luisa/src/ext/SPIRV-Tools/test/val
Searching for files in directory /Users/mike/CLionProjects/luisa/src/ext/SPIRV-Tools/cmake
Searching for files in directory /Users/mike/CLionProjects/luisa/src/ext/SPIRV-Tools/include
Searching for files in directory /Users/mike/CLionProjects/luisa/src/ext/SPIRV-Tools/include/spirv-tools
Searching for files in directory /Users/mike/CLionProjects/luisa/src/ext/SPIRV-Tools/source
Searching for files in directory /Users/mike/CLionProjects/luisa/src/ext/SPIRV-Tools/source/lint
Searching for files in directory /Users/mike/CLionProjects/luisa/src/ext/SPIRV-Tools/source/util
Searching for files in directory /Users/mike/CLionProjects/luisa/src/ext/SPIRV-Tools/source/reduce
Searching for files in directory /Users/mike/CLionProjects/luisa/src/ext/SPIRV-Tools/source/wasm
Searching for files in directory /Users/mike/CLionProjects/luisa/src/ext/SPIRV-Tools/source/diff
Searching for files in directory /Users/mike/CLionProjects/luisa/src/ext/SPIRV-Tools/source/link
Searching for files in directory /Users/mike/CLionProjects/luisa/src/ext/SPIRV-Tools/source/opt
Searching for files in directory /Users/mike/CLionProjects/luisa/src/ext/SPIRV-Tools/source/fuzz
Searching for files in directory /Users/mike/CLionProjects/luisa/src/ext/SPIRV-Tools/source/fuzz/fact_manager
Searching for files in directory /Users/mike/CLionProjects/luisa/src/ext/SPIRV-Tools/source/fuzz/protobufs
Searching for files in directory /Users/mike/CLionProjects/luisa/src/ext/SPIRV-Tools/source/fuzz/pass_management
Searching for files in directory /Users/mike/CLionProjects/luisa/src/ext/SPIRV-Tools/source/val
Searching for files in directory /Users/mike/CLionProjects/luisa/src/ext/SPIRV-Tools/utils
Searching for files in directory /Users/mike/CLionProjects/luisa/src/ext/SPIRV-Tools/utils/vim
Searching for files in directory /Users/mike/CLionProjects/luisa/src/ext/SPIRV-Tools/utils/Table
Searching for files in directory /Users/mike/CLionProjects/luisa/src/ext/SPIRV-Tools/utils/Table/__pycache__
Searching for files in directory /Users/mike/CLionProjects/luisa/src/ext/SPIRV-Tools/utils/vscode
Searching for files in directory /Users/mike/CLionProjects/luisa/src/ext/SPIRV-Tools/utils/vscode/src
Searching for files in directory /Users/mike/CLionProjects/luisa/src/ext/SPIRV-Tools/utils/vscode/src/grammar
Searching for files in directory /Users/mike/CLionProjects/luisa/src/ext/SPIRV-Tools/utils/vscode/src/tools
Searching for files in directory /Users/mike/CLionProjects/luisa/src/ext/SPIRV-Tools/utils/vscode/src/lsp
Searching for files in directory /Users/mike/CLionProjects/luisa/src/ext/SPIRV-Tools/utils/vscode/src/lsp/protocol
Searching for files in directory /Users/mike/CLionProjects/luisa/src/ext/SPIRV-Tools/utils/vscode/src/lsp/span
Searching for files in directory /Users/mike/CLionProjects/luisa/src/ext/SPIRV-Tools/utils/vscode/src/lsp/jsonrpc2
Searching for files in directory /Users/mike/CLionProjects/luisa/src/ext/SPIRV-Tools/utils/vscode/src/parser
Searching for files in directory /Users/mike/CLionProjects/luisa/src/ext/SPIRV-Tools/utils/vscode/src/schema
Searching for files in directory /Users/mike/CLionProjects/luisa/src/ext/SPIRV-Tools/docs
Searching for files in directory /Users/mike/CLionProjects/luisa/src/ext/SPIRV-Tools/build_overrides
Searching for files in directory /Users/mike/CLionProjects/luisa/src/ext/SPIRV-Tools/examples
Searching for files in directory /Users/mike/CLionProjects/luisa/src/ext/SPIRV-Tools/examples/cpp-interface
Searching for files in directory /Users/mike/CLionProjects/luisa/src/ext/SPIRV-Tools/android_test
Searching for files in directory /Users/mike/CLionProjects/luisa/src/ext/SPIRV-Tools/android_test/jni
Searching for files in directory /Users/mike/CLionProjects/luisa/src/ext/SPIRV-Tools/kokoro
Searching for files in directory /Users/mike/CLionProjects/luisa/src/ext/SPIRV-Tools/kokoro/linux-gcc-gn
Searching for files in directory /Users/mike/CLionProjects/luisa/src/ext/SPIRV-Tools/kokoro/dxc-smoketest
Searching for files in directory /Users/mike/CLionProjects/luisa/src/ext/SPIRV-Tools/kokoro/windows-vs2022-amd64-release
Searching for files in directory /Users/mike/CLionProjects/luisa/src/ext/SPIRV-Tools/kokoro/linux-clang-ubsan
Searching for files in directory /Users/mike/CLionProjects/luisa/src/ext/SPIRV-Tools/kokoro/windows-vs2022-amd64-debug
Searching for files in directory /Users/mike/CLionProjects/luisa/src/ext/SPIRV-Tools/kokoro/macos-clang-release-bazel
Searching for files in directory /Users/mike/CLionProjects/luisa/src/ext/SPIRV-Tools/kokoro/linux-clang-release-bazel
Searching for files in directory /Users/mike/CLionProjects/luisa/src/ext/SPIRV-Tools/kokoro/macos-clang-debug
Searching for files in directory /Users/mike/CLionProjects/luisa/src/ext/SPIRV-Tools/kokoro/linux-clang-debug
Searching for files in directory /Users/mike/CLionProjects/luisa/src/ext/SPIRV-Tools/kokoro/img
Searching for files in directory /Users/mike/CLionProjects/luisa/src/ext/SPIRV-Tools/kokoro/linux-clang-release
Searching for files in directory /Users/mike/CLionProjects/luisa/src/ext/SPIRV-Tools/kokoro/android
Searching for files in directory /Users/mike/CLionProjects/luisa/src/ext/SPIRV-Tools/kokoro/scripts
Searching for files in directory /Users/mike/CLionProjects/luisa/src/ext/SPIRV-Tools/kokoro/scripts/macos
Searching for files in directory /Users/mike/CLionProjects/luisa/src/ext/SPIRV-Tools/kokoro/scripts/linux
Searching for files in directory /Users/mike/CLionProjects/luisa/src/ext/SPIRV-Tools/kokoro/scripts/windows
Searching for files in directory /Users/mike/CLionProjects/luisa/src/ext/SPIRV-Tools/kokoro/linux-gcc-release
Searching for files in directory /Users/mike/CLionProjects/luisa/src/ext/SPIRV-Tools/kokoro/linux-clang-asan
Searching for files in directory /Users/mike/CLionProjects/luisa/src/ext/SPIRV-Tools/kokoro/macos-clang-release
Searching for files in directory /Users/mike/CLionProjects/luisa/src/ext/SPIRV-Tools/kokoro/shaderc-smoketest
Searching for files in directory /Users/mike/CLionProjects/luisa/src/ext/SPIRV-Tools/kokoro/check-format
Searching for files in directory /Users/mike/CLionProjects/luisa/src/ext/SPIRV-Tools/kokoro/ndk-build
Searching for files in directory /Users/mike/CLionProjects/luisa/src/ext/SPIRV-Tools/kokoro/linux-gcc-debug
Searching for files in directory /Users/mike/CLionProjects/luisa/src/ext/imgui
Searching for files in directory /Users/mike/CLionProjects/luisa/src/ext/imgui/misc
Searching for files in directory /Users/mike/CLionProjects/luisa/src/ext/imgui/misc/single_file
Searching for files in directory /Users/mike/CLionProjects/luisa/src/ext/imgui/misc/freetype
Searching for files in directory /Users/mike/CLionProjects/luisa/src/ext/imgui/misc/debuggers
Searching for files in directory /Users/mike/CLionProjects/luisa/src/ext/imgui/misc/cpp
Searching for files in directory /Users/mike/CLionProjects/luisa/src/ext/imgui/misc/fonts
Searching for files in directory /Users/mike/CLionProjects/luisa/src/ext/imgui/backends
Searching for files in directory /Users/mike/CLionProjects/luisa/src/ext/imgui/backends/sdlgpu3
Searching for files in directory /Users/mike/CLionProjects/luisa/src/ext/imgui/backends/vulkan
Searching for files in directory /Users/mike/CLionProjects/luisa/src/ext/imgui/docs
Searching for files in directory /Users/mike/CLionProjects/luisa/src/ext/imgui/examples
Searching for files in directory /Users/mike/CLionProjects/luisa/src/ext/imgui/examples/example_glfw_opengl2
Searching for files in directory /Users/mike/CLionProjects/luisa/src/ext/imgui/examples/example_null
Searching for files in directory /Users/mike/CLionProjects/luisa/src/ext/imgui/examples/example_glfw_opengl3
Searching for files in directory /Users/mike/CLionProjects/luisa/src/ext/imgui/examples/example_glut_opengl2
Searching for files in directory /Users/mike/CLionProjects/luisa/src/ext/imgui/examples/example_sdl2_vulkan
Searching for files in directory /Users/mike/CLionProjects/luisa/src/ext/imgui/examples/example_sdl3_metal
Searching for files in directory /Users/mike/CLionProjects/luisa/src/ext/imgui/examples/example_win32_directx9
Searching for files in directory /Users/mike/CLionProjects/luisa/src/ext/imgui/examples/example_glfw_vulkan
Searching for files in directory /Users/mike/CLionProjects/luisa/src/ext/imgui/examples/example_win32_opengl3
Searching for files in directory /Users/mike/CLionProjects/luisa/src/ext/imgui/examples/example_glfw_wgpu
Searching for files in directory /Users/mike/CLionProjects/luisa/src/ext/imgui/examples/example_allegro5
Searching for files in directory /Users/mike/CLionProjects/luisa/src/ext/imgui/examples/example_qnx_opengl3
Searching for files in directory /Users/mike/CLionProjects/luisa/src/ext/imgui/examples/example_qnx_opengl3/nto
Searching for files in directory /Users/mike/CLionProjects/luisa/src/ext/imgui/examples/example_qnx_opengl3/nto/aarch64
Searching for files in directory /Users/mike/CLionProjects/luisa/src/ext/imgui/examples/example_qnx_opengl3/nto/aarch64/o.le
Searching for files in directory /Users/mike/CLionProjects/luisa/src/ext/imgui/examples/example_qnx_opengl3/nto/x86_64
Searching for files in directory /Users/mike/CLionProjects/luisa/src/ext/imgui/examples/example_qnx_opengl3/nto/x86_64/o
Searching for files in directory /Users/mike/CLionProjects/luisa/src/ext/imgui/examples/example_win32_directx10
Searching for files in directory /Users/mike/CLionProjects/luisa/src/ext/imgui/examples/example_sdl2_metal
Searching for files in directory /Users/mike/CLionProjects/luisa/src/ext/imgui/examples/example_glfw_metal
Searching for files in directory /Users/mike/CLionProjects/luisa/src/ext/imgui/examples/example_win32_vulkan
Searching for files in directory /Users/mike/CLionProjects/luisa/src/ext/imgui/examples/example_win32_directx11
Searching for files in directory /Users/mike/CLionProjects/luisa/src/ext/imgui/examples/example_apple_metal4
Searching for files in directory /Users/mike/CLionProjects/luisa/src/ext/imgui/examples/example_apple_metal4/macOS
Searching for files in directory /Users/mike/CLionProjects/luisa/src/ext/imgui/examples/example_apple_metal4/iOS
Searching for files in directory /Users/mike/CLionProjects/luisa/src/ext/imgui/examples/example_apple_metal4/example_apple_metal4.xcodeproj
Searching for files in directory /Users/mike/CLionProjects/luisa/src/ext/imgui/examples/example_sdl3_wgpu
Searching for files in directory /Users/mike/CLionProjects/luisa/src/ext/imgui/examples/libs
Searching for files in directory /Users/mike/CLionProjects/luisa/src/ext/imgui/examples/libs/usynergy
Searching for files in directory /Users/mike/CLionProjects/luisa/src/ext/imgui/examples/libs/emscripten
Searching for files in directory /Users/mike/CLionProjects/luisa/src/ext/imgui/examples/libs/glfw
Searching for files in directory /Users/mike/CLionProjects/luisa/src/ext/imgui/examples/libs/glfw/lib-vc2010-64
Searching for files in directory /Users/mike/CLionProjects/luisa/src/ext/imgui/examples/libs/glfw/include
Searching for files in directory /Users/mike/CLionProjects/luisa/src/ext/imgui/examples/libs/glfw/include/GLFW
Searching for files in directory /Users/mike/CLionProjects/luisa/src/ext/imgui/examples/libs/glfw/lib-vc2010-32
Searching for files in directory /Users/mike/CLionProjects/luisa/src/ext/imgui/examples/example_apple_opengl2
Searching for files in directory /Users/mike/CLionProjects/luisa/src/ext/imgui/examples/example_apple_opengl2/example_apple_opengl2.xcodeproj
Searching for files in directory /Users/mike/CLionProjects/luisa/src/ext/imgui/examples/example_sdl2_opengl2
Searching for files in directory /Users/mike/CLionProjects/luisa/src/ext/imgui/examples/example_apple_opengl3
Searching for files in directory /Users/mike/CLionProjects/luisa/src/ext/imgui/examples/example_apple_opengl3/example_apple_opengl3.xcodeproj
Searching for files in directory /Users/mike/CLionProjects/luisa/src/ext/imgui/examples/example_sdl2_opengl3
Searching for files in directory /Users/mike/CLionProjects/luisa/src/ext/imgui/examples/example_sdl2_directx11
Searching for files in directory /Users/mike/CLionProjects/luisa/src/ext/imgui/examples/example_sdl3_metal4
Searching for files in directory /Users/mike/CLionProjects/luisa/src/ext/imgui/examples/example_sdl3_opengl3
Searching for files in directory /Users/mike/CLionProjects/luisa/src/ext/imgui/examples/example_sdl3_sdlgpu3
Searching for files in directory /Users/mike/CLionProjects/luisa/src/ext/imgui/examples/example_sdl3_vulkan
Searching for files in directory /Users/mike/CLionProjects/luisa/src/ext/imgui/examples/example_sdl2_wgpu
Searching for files in directory /Users/mike/CLionProjects/luisa/src/ext/imgui/examples/example_android_opengl3
Searching for files in directory /Users/mike/CLionProjects/luisa/src/ext/imgui/examples/example_android_opengl3/android
Searching for files in directory /Users/mike/CLionProjects/luisa/src/ext/imgui/examples/example_android_opengl3/android/app
Searching for files in directory /Users/mike/CLionProjects/luisa/src/ext/imgui/examples/example_android_opengl3/android/app/src
Searching for files in directory /Users/mike/CLionProjects/luisa/src/ext/imgui/examples/example_android_opengl3/android/app/src/main
Searching for files in directory /Users/mike/CLionProjects/luisa/src/ext/imgui/examples/example_android_opengl3/android/app/src/main/java
Searching for files in directory /Users/mike/CLionProjects/luisa/src/ext/imgui/examples/example_android_opengl3/android/gradle
Searching for files in directory /Users/mike/CLionProjects/luisa/src/ext/imgui/examples/example_apple_metal
Searching for files in directory /Users/mike/CLionProjects/luisa/src/ext/imgui/examples/example_apple_metal/macOS
Searching for files in directory /Users/mike/CLionProjects/luisa/src/ext/imgui/examples/example_apple_metal/example_apple_metal.xcodeproj
Searching for files in directory /Users/mike/CLionProjects/luisa/src/ext/imgui/examples/example_apple_metal/iOS
Searching for files in directory /Users/mike/CLionProjects/luisa/src/ext/imgui/examples/example_sdl2_sdlrenderer2
Searching for files in directory /Users/mike/CLionProjects/luisa/src/ext/imgui/examples/example_sdl3_directx11
Searching for files in directory /Users/mike/CLionProjects/luisa/src/ext/imgui/examples/example_sdl3_sdlrenderer3
Searching for files in directory /Users/mike/CLionProjects/luisa/src/ext/imgui/examples/example_win32_directx12
Searching for files in directory /Users/mike/CLionProjects/luisa/src/ext/imgui/examples/example_qnx_vulkan
Searching for files in directory /Users/mike/CLionProjects/luisa/src/ext/imgui/examples/example_qnx_vulkan/nto
Searching for files in directory /Users/mike/CLionProjects/luisa/src/ext/imgui/examples/example_qnx_vulkan/nto/aarch64
Searching for files in directory /Users/mike/CLionProjects/luisa/src/ext/imgui/examples/example_qnx_vulkan/nto/aarch64/o.le
Searching for files in directory /Users/mike/CLionProjects/luisa/src/ext/imgui/examples/example_qnx_vulkan/nto/x86_64
Searching for files in directory /Users/mike/CLionProjects/luisa/src/ext/imgui/examples/example_qnx_vulkan/nto/x86_64/o
Searching for files in directory /Users/mike/CLionProjects/luisa/src/ext/llvm-downgrade
Searching for files in directory /Users/mike/CLionProjects/luisa/src/ext/llvm-downgrade/tools
Searching for files in directory /Users/mike/CLionProjects/luisa/src/ext/llvm-downgrade/test
Searching for files in directory /Users/mike/CLionProjects/luisa/src/ext/llvm-downgrade/test/integration
Searching for files in directory /Users/mike/CLionProjects/luisa/src/ext/llvm-downgrade/test/tests
Searching for files in directory /Users/mike/CLionProjects/luisa/src/ext/llvm-downgrade/include
Searching for files in directory /Users/mike/CLionProjects/luisa/src/ext/llvm-downgrade/include/llvm
Searching for files in directory /Users/mike/CLionProjects/luisa/src/ext/llvm-downgrade/include/llvm/IR
Searching for files in directory /Users/mike/CLionProjects/luisa/src/ext/llvm-downgrade/include/llvm/Bitcode
Searching for files in directory /Users/mike/CLionProjects/luisa/src/ext/llvm-downgrade/common
Searching for files in directory /Users/mike/CLionProjects/luisa/src/ext/llvm-downgrade/src
Searching for files in directory /Users/mike/CLionProjects/luisa/src/ext/marl
Searching for files in directory /Users/mike/CLionProjects/luisa/src/ext/marl/benchmark
Searching for files in directory /Users/mike/CLionProjects/luisa/src/ext/marl/include
Searching for files in directory /Users/mike/CLionProjects/luisa/src/ext/marl/include/marl
Searching for files in directory /Users/mike/CLionProjects/luisa/src/ext/marl/src
Searching for files in directory /Users/mike/CLionProjects/luisa/src/ext/half
Searching for files in directory /Users/mike/CLionProjects/luisa/src/ext/half/include
Searching for files in directory /Users/mike/CLionProjects/luisa/src/ext/liblmdb
Searching for files in directory /Users/mike/CLionProjects/luisa/src/ext/glslang
Searching for files in directory /Users/mike/CLionProjects/luisa/src/ext/glslang/ndk_test
Searching for files in directory /Users/mike/CLionProjects/luisa/src/ext/glslang/ndk_test/jni
Searching for files in directory /Users/mike/CLionProjects/luisa/src/ext/glslang/Test
Searching for files in directory /Users/mike/CLionProjects/luisa/src/ext/glslang/Test/inc1
Searching for files in directory /Users/mike/CLionProjects/luisa/src/ext/glslang/Test/inc1/path1
Searching for files in directory /Users/mike/CLionProjects/luisa/src/ext/glslang/Test/inc1/path2
Searching for files in directory /Users/mike/CLionProjects/luisa/src/ext/glslang/Test/find_package
Searching for files in directory /Users/mike/CLionProjects/luisa/src/ext/glslang/Test/inc2
Searching for files in directory /Users/mike/CLionProjects/luisa/src/ext/glslang/Test/baseLegalResults
Searching for files in directory /Users/mike/CLionProjects/luisa/src/ext/glslang/Test/baseResults
Searching for files in directory /Users/mike/CLionProjects/luisa/src/ext/glslang/StandAlone
Searching for files in directory /Users/mike/CLionProjects/luisa/src/ext/glslang/SPIRV
Searching for files in directory /Users/mike/CLionProjects/luisa/src/ext/glslang/SPIRV/CInterface
Searching for files in directory /Users/mike/CLionProjects/luisa/src/ext/glslang/glslang
Searching for files in directory /Users/mike/CLionProjects/luisa/src/ext/glslang/glslang/OSDependent
Searching for files in directory /Users/mike/CLionProjects/luisa/src/ext/glslang/glslang/OSDependent/Web
Searching for files in directory /Users/mike/CLionProjects/luisa/src/ext/glslang/glslang/OSDependent/Unix
Searching for files in directory /Users/mike/CLionProjects/luisa/src/ext/glslang/glslang/OSDependent/Windows
Searching for files in directory /Users/mike/CLionProjects/luisa/src/ext/glslang/glslang/CInterface
Searching for files in directory /Users/mike/CLionProjects/luisa/src/ext/glslang/glslang/Include
Searching for files in directory /Users/mike/CLionProjects/luisa/src/ext/glslang/glslang/MachineIndependent
Searching for files in directory /Users/mike/CLionProjects/luisa/src/ext/glslang/glslang/MachineIndependent/preprocessor
Searching for files in directory /Users/mike/CLionProjects/luisa/src/ext/glslang/glslang/ResourceLimits
Searching for files in directory /Users/mike/CLionProjects/luisa/src/ext/glslang/glslang/Public
Searching for files in directory /Users/mike/CLionProjects/luisa/src/ext/glslang/glslang/ExtensionHeaders
Searching for files in directory /Users/mike/CLionProjects/luisa/src/ext/glslang/glslang/HLSL
Searching for files in directory /Users/mike/CLionProjects/luisa/src/ext/glslang/glslang/GenericCodeGen
Searching for files in directory /Users/mike/CLionProjects/luisa/src/ext/glslang/build_overrides
Searching for files in directory /Users/mike/CLionProjects/luisa/src/ext/glslang/External
Searching for files in directory /Users/mike/CLionProjects/luisa/src/ext/glslang/kokoro
Searching for files in directory /Users/mike/CLionProjects/luisa/src/ext/glslang/kokoro/license-check
Searching for files in directory /Users/mike/CLionProjects/luisa/src/ext/glslang/kokoro/linux-clang-cmake-nohlsl
Searching for files in directory /Users/mike/CLionProjects/luisa/src/ext/glslang/kokoro/linux-clang-cmake-nohlsl/shared
Searching for files in directory /Users/mike/CLionProjects/luisa/src/ext/glslang/kokoro/linux-clang-cmake-nohlsl/static
Searching for files in directory /Users/mike/CLionProjects/luisa/src/ext/glslang/kokoro/android-ndk-build-nohlsl
Searching for files in directory /Users/mike/CLionProjects/luisa/src/ext/glslang/kokoro/linux-gcc-cmake
Searching for files in directory /Users/mike/CLionProjects/luisa/src/ext/glslang/kokoro/linux-gcc-cmake/shared
Searching for files in directory /Users/mike/CLionProjects/luisa/src/ext/glslang/kokoro/linux-gcc-cmake/static
Searching for files in directory /Users/mike/CLionProjects/luisa/src/ext/glslang/kokoro/linux-clang-gn
Searching for files in directory /Users/mike/CLionProjects/luisa/src/ext/glslang/kokoro/android-ndk-build
Searching for files in directory /Users/mike/CLionProjects/luisa/src/ext/glslang/kokoro/linux-clang-cmake
Searching for files in directory /Users/mike/CLionProjects/luisa/src/ext/glslang/kokoro/linux-clang-cmake/shared
Searching for files in directory /Users/mike/CLionProjects/luisa/src/ext/glslang/kokoro/linux-clang-cmake/static
Searching for files in directory /Users/mike/CLionProjects/luisa/src/ext/glslang/gtests
Searching for files in directory /Users/mike/CLionProjects/luisa/src/ext/stb
Searching for files in directory /Users/mike/CLionProjects/luisa/src/ext/stb/stb
Searching for files in directory /Users/mike/CLionProjects/luisa/src/ext/stb/stb/stb_image_resize_test
Searching for files in directory /Users/mike/CLionProjects/luisa/src/ext/stb/stb/tools
Searching for files in directory /Users/mike/CLionProjects/luisa/src/ext/stb/stb/tools/unicode
Searching for files in directory /Users/mike/CLionProjects/luisa/src/ext/stb/stb/tests
Searching for files in directory /Users/mike/CLionProjects/luisa/src/ext/stb/stb/tests/vorbseek
Searching for files in directory /Users/mike/CLionProjects/luisa/src/ext/stb/stb/tests/sdf
Searching for files in directory /Users/mike/CLionProjects/luisa/src/ext/stb/stb/tests/pngsuite
Searching for files in directory /Users/mike/CLionProjects/luisa/src/ext/stb/stb/tests/pngsuite/unused
Searching for files in directory /Users/mike/CLionProjects/luisa/src/ext/stb/stb/tests/pngsuite/corrupt
Searching for files in directory /Users/mike/CLionProjects/luisa/src/ext/stb/stb/tests/pngsuite/16bit
Searching for files in directory /Users/mike/CLionProjects/luisa/src/ext/stb/stb/tests/pngsuite/primary_check
Searching for files in directory /Users/mike/CLionProjects/luisa/src/ext/stb/stb/tests/pngsuite/iphone
Searching for files in directory /Users/mike/CLionProjects/luisa/src/ext/stb/stb/tests/pngsuite/primary
Searching for files in directory /Users/mike/CLionProjects/luisa/src/ext/stb/stb/tests/pbm
Searching for files in directory /Users/mike/CLionProjects/luisa/src/ext/stb/stb/tests/caveview
Searching for files in directory /Users/mike/CLionProjects/luisa/src/ext/stb/stb/tests/caveview/win32
Searching for files in directory /Users/mike/CLionProjects/luisa/src/ext/stb/stb/tests/oversample
Searching for files in directory /Users/mike/CLionProjects/luisa/src/ext/stb/stb/tests/pg_test
Searching for files in directory /Users/mike/CLionProjects/luisa/src/ext/stb/stb/tests/prerelease
Searching for files in directory /Users/mike/CLionProjects/luisa/src/ext/stb/stb/docs
Searching for files in directory /Users/mike/CLionProjects/luisa/src/ext/stb/stb/data
Searching for files in directory /Users/mike/CLionProjects/luisa/src/ext/stb/stb/data/herringbone
Searching for files in directory /Users/mike/CLionProjects/luisa/src/ext/stb/stb/deprecated
Searching for files in directory /Users/mike/CLionProjects/luisa/src/ext/spdlog
Searching for files in directory /Users/mike/CLionProjects/luisa/src/ext/spdlog/bench
Searching for files in directory /Users/mike/CLionProjects/luisa/src/ext/spdlog/cmake
Searching for files in directory /Users/mike/CLionProjects/luisa/src/ext/spdlog/example
Searching for files in directory /Users/mike/CLionProjects/luisa/src/ext/spdlog/include
Searching for files in directory /Users/mike/CLionProjects/luisa/src/ext/spdlog/include/spdlog
Searching for files in directory /Users/mike/CLionProjects/luisa/src/ext/spdlog/include/spdlog/fmt
Searching for files in directory /Users/mike/CLionProjects/luisa/src/ext/spdlog/include/spdlog/fmt/bundled
Searching for files in directory /Users/mike/CLionProjects/luisa/src/ext/spdlog/include/spdlog/sinks
Searching for files in directory /Users/mike/CLionProjects/luisa/src/ext/spdlog/include/spdlog/details
Searching for files in directory /Users/mike/CLionProjects/luisa/src/ext/spdlog/include/spdlog/cfg
Searching for files in directory /Users/mike/CLionProjects/luisa/src/ext/spdlog/tests
Searching for files in directory /Users/mike/CLionProjects/luisa/src/ext/spdlog/logos
Searching for files in directory /Users/mike/CLionProjects/luisa/src/ext/spdlog/scripts
Searching for files in directory /Users/mike/CLionProjects/luisa/src/ext/spdlog/src
Searching for files in directory /Users/mike/CLionProjects/luisa/src/ext/magic_enum
Searching for files in directory /Users/mike/CLionProjects/luisa/src/ext/magic_enum/test
Searching for files in directory /Users/mike/CLionProjects/luisa/src/ext/magic_enum/test/3rdparty
Searching for files in directory /Users/mike/CLionProjects/luisa/src/ext/magic_enum/test/3rdparty/doctest
Searching for files in directory /Users/mike/CLionProjects/luisa/src/ext/magic_enum/test/installed_module
Searching for files in directory /Users/mike/CLionProjects/luisa/src/ext/magic_enum/cmake
Searching for files in directory /Users/mike/CLionProjects/luisa/src/ext/magic_enum/cmake/GenPkgConfig
Searching for files in directory /Users/mike/CLionProjects/luisa/src/ext/magic_enum/cmake/GenPkgConfig/buildTimeScripts
Searching for files in directory /Users/mike/CLionProjects/luisa/src/ext/magic_enum/example
Searching for files in directory /Users/mike/CLionProjects/luisa/src/ext/magic_enum/module
Searching for files in directory /Users/mike/CLionProjects/luisa/src/ext/magic_enum/include
Searching for files in directory /Users/mike/CLionProjects/luisa/src/ext/magic_enum/include/magic_enum
Searching for files in directory /Users/mike/CLionProjects/luisa/src/ext/magic_enum/doc
Searching for files in directory /Users/mike/CLionProjects/luisa/src/ext/BTree
Searching for files in directory /Users/mike/CLionProjects/luisa/src/ext/BTree/test
Searching for files in directory /Users/mike/CLionProjects/luisa/src/ext/BTree/cmake
Searching for files in directory /Users/mike/CLionProjects/luisa/src/ext/BTree/cmake/modules
Searching for files in directory /Users/mike/CLionProjects/luisa/src/ext/BTree/include
Searching for files in directory /Users/mike/CLionProjects/luisa/src/ext/BTree/include/fc
Searching for files in directory /Users/mike/CLionProjects/luisa/src/ext/spirv-headers
Searching for files in directory /Users/mike/CLionProjects/luisa/src/ext/spirv-headers/tools
Searching for files in directory /Users/mike/CLionProjects/luisa/src/ext/spirv-headers/tools/check_grammar
Searching for files in directory /Users/mike/CLionProjects/luisa/src/ext/spirv-headers/tools/buildHeaders
Searching for files in directory /Users/mike/CLionProjects/luisa/src/ext/spirv-headers/tools/buildHeaders/jsoncpp
Searching for files in directory /Users/mike/CLionProjects/luisa/src/ext/spirv-headers/tools/buildHeaders/jsoncpp/dist
Searching for files in directory /Users/mike/CLionProjects/luisa/src/ext/spirv-headers/tools/buildHeaders/jsoncpp/dist/json
Searching for files in directory /Users/mike/CLionProjects/luisa/src/ext/spirv-headers/tools/buildHeaders/bin
Searching for files in directory /Users/mike/CLionProjects/luisa/src/ext/spirv-headers/cmake
Searching for files in directory /Users/mike/CLionProjects/luisa/src/ext/spirv-headers/LICENSES
Searching for files in directory /Users/mike/CLionProjects/luisa/src/ext/spirv-headers/include
Searching for files in directory /Users/mike/CLionProjects/luisa/src/ext/spirv-headers/include/spirv
Searching for files in directory /Users/mike/CLionProjects/luisa/src/ext/spirv-headers/include/spirv/1.0
Searching for files in directory /Users/mike/CLionProjects/luisa/src/ext/spirv-headers/include/spirv/1.1
Searching for files in directory /Users/mike/CLionProjects/luisa/src/ext/spirv-headers/include/spirv/1.2
Searching for files in directory /Users/mike/CLionProjects/luisa/src/ext/spirv-headers/include/spirv/unified1
Searching for files in directory /Users/mike/CLionProjects/luisa/src/ext/spirv-headers/include/spirv/unified1/org
Searching for files in directory /Users/mike/CLionProjects/luisa/src/ext/spirv-headers/include/spirv/unified1/org/khronos
Searching for files in directory /Users/mike/CLionProjects/luisa/src/ext/spirv-headers/include/spirv/unified1/org/khronos/spv
Searching for files in directory /Users/mike/CLionProjects/luisa/src/ext/spirv-headers/tests
Searching for files in directory /Users/mike/CLionProjects/luisa/src/ext/spirv-headers/tests/find_package
Searching for files in directory /Users/mike/CLionProjects/luisa/src/ext/spirv-headers/tests/pkg_config
Searching for files in directory /Users/mike/CLionProjects/luisa/src/ext/xxHash
Searching for files in directory /Users/mike/CLionProjects/luisa/src/ext/xxHash/tests
Searching for files in directory /Users/mike/CLionProjects/luisa/src/ext/xxHash/tests/bench
Searching for files in directory /Users/mike/CLionProjects/luisa/src/ext/xxHash/tests/collisions
Searching for files in directory /Users/mike/CLionProjects/luisa/src/ext/xxHash/tests/collisions/allcodecs
Searching for files in directory /Users/mike/CLionProjects/luisa/src/ext/xxHash/cli
Searching for files in directory /Users/mike/CLionProjects/luisa/src/ext/xxHash/doc
Searching for files in directory /Users/mike/CLionProjects/luisa/src/ext/xxHash/fuzz
Searching for files in directory /Users/mike/CLionProjects/luisa/src/ext/xxHash/build
Searching for files in directory /Users/mike/CLionProjects/luisa/src/ext/xxHash/build/cmake
Searching for files in directory /Users/mike/CLionProjects/luisa/src/ext/xxHash/build/make
Searching for files in directory /Users/mike/CLionProjects/luisa/src/ext/glfw
Searching for files in directory /Users/mike/CLionProjects/luisa/src/ext/glfw/CMake
Searching for files in directory /Users/mike/CLionProjects/luisa/src/ext/glfw/CMake/modules
Searching for files in directory /Users/mike/CLionProjects/luisa/src/ext/glfw/include
Searching for files in directory /Users/mike/CLionProjects/luisa/src/ext/glfw/include/GLFW
Searching for files in directory /Users/mike/CLionProjects/luisa/src/ext/glfw/tests
Searching for files in directory /Users/mike/CLionProjects/luisa/src/ext/glfw/docs
Searching for files in directory /Users/mike/CLionProjects/luisa/src/ext/glfw/examples
Searching for files in directory /Users/mike/CLionProjects/luisa/src/ext/glfw/deps
Searching for files in directory /Users/mike/CLionProjects/luisa/src/ext/glfw/deps/wayland
Searching for files in directory /Users/mike/CLionProjects/luisa/src/ext/glfw/deps/glad
Searching for files in directory /Users/mike/CLionProjects/luisa/src/ext/glfw/src
Searching for files in directory /Users/mike/CLionProjects/luisa/src/ext/HIPRT
Searching for files in directory /Users/mike/CLionProjects/luisa/src/ext/HIPRT/tools
Searching for files in directory /Users/mike/CLionProjects/luisa/src/ext/HIPRT/tools/premake5
Searching for files in directory /Users/mike/CLionProjects/luisa/src/ext/HIPRT/tools/premake5/osx
Searching for files in directory /Users/mike/CLionProjects/luisa/src/ext/HIPRT/tools/premake5/win
Searching for files in directory /Users/mike/CLionProjects/luisa/src/ext/HIPRT/tools/premake5/linux64
Searching for files in directory /Users/mike/CLionProjects/luisa/src/ext/HIPRT/test
Searching for files in directory /Users/mike/CLionProjects/luisa/src/ext/HIPRT/test/kernels
Searching for files in directory /Users/mike/CLionProjects/luisa/src/ext/HIPRT/test/bitcodes
Searching for files in directory /Users/mike/CLionProjects/luisa/src/ext/HIPRT/test/references
Searching for files in directory /Users/mike/CLionProjects/luisa/src/ext/HIPRT/test/common
Searching for files in directory /Users/mike/CLionProjects/luisa/src/ext/HIPRT/test/common/meshes
Searching for files in directory /Users/mike/CLionProjects/luisa/src/ext/HIPRT/test/common/meshes/cornellbox
Searching for files in directory /Users/mike/CLionProjects/luisa/src/ext/HIPRT/contrib
Searching for files in directory /Users/mike/CLionProjects/luisa/src/ext/HIPRT/contrib/cpp20
Searching for files in directory /Users/mike/CLionProjects/luisa/src/ext/HIPRT/contrib/embree
Searching for files in directory /Users/mike/CLionProjects/luisa/src/ext/HIPRT/contrib/embree/win
Searching for files in directory /Users/mike/CLionProjects/luisa/src/ext/HIPRT/contrib/embree/include
Searching for files in directory /Users/mike/CLionProjects/luisa/src/ext/HIPRT/contrib/embree/include/embree4
Searching for files in directory /Users/mike/CLionProjects/luisa/src/ext/HIPRT/contrib/embree/linux
Searching for files in directory /Users/mike/CLionProjects/luisa/src/ext/HIPRT/contrib/argparse
Searching for files in directory /Users/mike/CLionProjects/luisa/src/ext/HIPRT/contrib/gtest-1.6.0
Searching for files in directory /Users/mike/CLionProjects/luisa/src/ext/HIPRT/contrib/gtest-1.6.0/gtest
Searching for files in directory /Users/mike/CLionProjects/luisa/src/ext/HIPRT/contrib/gtest-1.6.0/gtest/internal
Searching for files in directory /Users/mike/CLionProjects/luisa/src/ext/HIPRT/contrib/stbi
Searching for files in directory /Users/mike/CLionProjects/luisa/src/ext/HIPRT/contrib/zstd
Searching for files in directory /Users/mike/CLionProjects/luisa/src/ext/HIPRT/contrib/zstd/zlibWrapper
Searching for files in directory /Users/mike/CLionProjects/luisa/src/ext/HIPRT/contrib/zstd/zlibWrapper/examples
Searching for files in directory /Users/mike/CLionProjects/luisa/src/ext/HIPRT/contrib/zstd/tests
Searching for files in directory /Users/mike/CLionProjects/luisa/src/ext/HIPRT/contrib/zstd/tests/golden-decompression-errors
Searching for files in directory /Users/mike/CLionProjects/luisa/src/ext/HIPRT/contrib/zstd/tests/golden-decompression
Searching for files in directory /Users/mike/CLionProjects/luisa/src/ext/HIPRT/contrib/zstd/tests/gzip
Searching for files in directory /Users/mike/CLionProjects/luisa/src/ext/HIPRT/contrib/zstd/tests/golden-compression
Searching for files in directory /Users/mike/CLionProjects/luisa/src/ext/HIPRT/contrib/zstd/tests/dict-files
Searching for files in directory /Users/mike/CLionProjects/luisa/src/ext/HIPRT/contrib/zstd/tests/fuzz
Searching for files in directory /Users/mike/CLionProjects/luisa/src/ext/HIPRT/contrib/zstd/tests/fuzz/seq_prod_fuzz_example
Searching for files in directory /Users/mike/CLionProjects/luisa/src/ext/HIPRT/contrib/zstd/tests/cli-tests
Searching for files in directory /Users/mike/CLionProjects/luisa/src/ext/HIPRT/contrib/zstd/tests/cli-tests/decompression
Searching for files in directory /Users/mike/CLionProjects/luisa/src/ext/HIPRT/contrib/zstd/tests/cli-tests/progress
Searching for files in directory /Users/mike/CLionProjects/luisa/src/ext/HIPRT/contrib/zstd/tests/cli-tests/bin
Searching for files in directory /Users/mike/CLionProjects/luisa/src/ext/HIPRT/contrib/zstd/tests/cli-tests/determinism
Searching for files in directory /Users/mike/CLionProjects/luisa/src/ext/HIPRT/contrib/zstd/tests/cli-tests/file-stat
Searching for files in directory /Users/mike/CLionProjects/luisa/src/ext/HIPRT/contrib/zstd/tests/cli-tests/zstd-symlinks
Searching for files in directory /Users/mike/CLionProjects/luisa/src/ext/HIPRT/contrib/zstd/tests/cli-tests/basic
Searching for files in directory /Users/mike/CLionProjects/luisa/src/ext/HIPRT/contrib/zstd/tests/cli-tests/cltools
Searching for files in directory /Users/mike/CLionProjects/luisa/src/ext/HIPRT/contrib/zstd/tests/cli-tests/common
Searching for files in directory /Users/mike/CLionProjects/luisa/src/ext/HIPRT/contrib/zstd/tests/cli-tests/file-handling
Searching for files in directory /Users/mike/CLionProjects/luisa/src/ext/HIPRT/contrib/zstd/tests/cli-tests/compression
Searching for files in directory /Users/mike/CLionProjects/luisa/src/ext/HIPRT/contrib/zstd/tests/cli-tests/dictionaries
Searching for files in directory /Users/mike/CLionProjects/luisa/src/ext/HIPRT/contrib/zstd/tests/cli-tests/dict-builder
Searching for files in directory /Users/mike/CLionProjects/luisa/src/ext/HIPRT/contrib/zstd/tests/regression
Searching for files in directory /Users/mike/CLionProjects/luisa/src/ext/HIPRT/contrib/zstd/tests/golden-dictionaries
Searching for files in directory /Users/mike/CLionProjects/luisa/src/ext/HIPRT/contrib/zstd/contrib
Searching for files in directory /Users/mike/CLionProjects/luisa/src/ext/HIPRT/contrib/zstd/contrib/pzstd
Searching for files in directory /Users/mike/CLionProjects/luisa/src/ext/HIPRT/contrib/zstd/contrib/pzstd/test
Searching for files in directory /Users/mike/CLionProjects/luisa/src/ext/HIPRT/contrib/zstd/contrib/pzstd/utils
Searching for files in directory /Users/mike/CLionProjects/luisa/src/ext/HIPRT/contrib/zstd/contrib/pzstd/utils/test
Searching for files in directory /Users/mike/CLionProjects/luisa/src/ext/HIPRT/contrib/zstd/contrib/docker
Searching for files in directory /Users/mike/CLionProjects/luisa/src/ext/HIPRT/contrib/zstd/contrib/linux-kernel
Searching for files in directory /Users/mike/CLionProjects/luisa/src/ext/HIPRT/contrib/zstd/contrib/linux-kernel/test
Searching for files in directory /Users/mike/CLionProjects/luisa/src/ext/HIPRT/contrib/zstd/contrib/linux-kernel/test/include
Searching for files in directory /Users/mike/CLionProjects/luisa/src/ext/HIPRT/contrib/zstd/contrib/linux-kernel/test/include/linux
Searching for files in directory /Users/mike/CLionProjects/luisa/src/ext/HIPRT/contrib/zstd/contrib/recovery
Searching for files in directory /Users/mike/CLionProjects/luisa/src/ext/HIPRT/contrib/zstd/contrib/freestanding_lib
Searching for files in directory /Users/mike/CLionProjects/luisa/src/ext/HIPRT/contrib/zstd/contrib/match_finders
Searching for files in directory /Users/mike/CLionProjects/luisa/src/ext/HIPRT/contrib/zstd/contrib/seqBench
Searching for files in directory /Users/mike/CLionProjects/luisa/src/ext/HIPRT/contrib/zstd/contrib/VS2005
Searching for files in directory /Users/mike/CLionProjects/luisa/src/ext/HIPRT/contrib/zstd/contrib/VS2005/zstdlib
Searching for files in directory /Users/mike/CLionProjects/luisa/src/ext/HIPRT/contrib/zstd/contrib/VS2005/fuzzer
Searching for files in directory /Users/mike/CLionProjects/luisa/src/ext/HIPRT/contrib/zstd/contrib/VS2005/fullbench
Searching for files in directory /Users/mike/CLionProjects/luisa/src/ext/HIPRT/contrib/zstd/contrib/VS2005/zstd
Searching for files in directory /Users/mike/CLionProjects/luisa/src/ext/HIPRT/contrib/zstd/contrib/gen_html
Searching for files in directory /Users/mike/CLionProjects/luisa/src/ext/HIPRT/contrib/zstd/contrib/seekable_format
Searching for files in directory /Users/mike/CLionProjects/luisa/src/ext/HIPRT/contrib/zstd/contrib/seekable_format/tests
Searching for files in directory /Users/mike/CLionProjects/luisa/src/ext/HIPRT/contrib/zstd/contrib/seekable_format/examples
Searching for files in directory /Users/mike/CLionProjects/luisa/src/ext/HIPRT/contrib/zstd/contrib/snap
Searching for files in directory /Users/mike/CLionProjects/luisa/src/ext/HIPRT/contrib/zstd/contrib/premake
Searching for files in directory /Users/mike/CLionProjects/luisa/src/ext/HIPRT/contrib/zstd/contrib/diagnose_corruption
Searching for files in directory /Users/mike/CLionProjects/luisa/src/ext/HIPRT/contrib/zstd/contrib/externalSequenceProducer
Searching for files in directory /Users/mike/CLionProjects/luisa/src/ext/HIPRT/contrib/zstd/contrib/largeNbDicts
Searching for files in directory /Users/mike/CLionProjects/luisa/src/ext/HIPRT/contrib/zstd/programs
Searching for files in directory /Users/mike/CLionProjects/luisa/src/ext/HIPRT/contrib/zstd/programs/windres
Searching for files in directory /Users/mike/CLionProjects/luisa/src/ext/HIPRT/contrib/zstd/examples
Searching for files in directory /Users/mike/CLionProjects/luisa/src/ext/HIPRT/contrib/zstd/lib
Searching for files in directory /Users/mike/CLionProjects/luisa/src/ext/HIPRT/contrib/zstd/lib/compress
Searching for files in directory /Users/mike/CLionProjects/luisa/src/ext/HIPRT/contrib/zstd/lib/dictBuilder
Searching for files in directory /Users/mike/CLionProjects/luisa/src/ext/HIPRT/contrib/zstd/lib/decompress
Searching for files in directory /Users/mike/CLionProjects/luisa/src/ext/HIPRT/contrib/zstd/lib/legacy
Searching for files in directory /Users/mike/CLionProjects/luisa/src/ext/HIPRT/contrib/zstd/lib/common
Searching for files in directory /Users/mike/CLionProjects/luisa/src/ext/HIPRT/contrib/zstd/lib/dll
Searching for files in directory /Users/mike/CLionProjects/luisa/src/ext/HIPRT/contrib/zstd/lib/dll/example
Searching for files in directory /Users/mike/CLionProjects/luisa/src/ext/HIPRT/contrib/zstd/lib/deprecated
Searching for files in directory /Users/mike/CLionProjects/luisa/src/ext/HIPRT/contrib/zstd/doc
Searching for files in directory /Users/mike/CLionProjects/luisa/src/ext/HIPRT/contrib/zstd/doc/educational_decoder
Searching for files in directory /Users/mike/CLionProjects/luisa/src/ext/HIPRT/contrib/Orochi
Searching for files in directory /Users/mike/CLionProjects/luisa/src/ext/HIPRT/contrib/Orochi/UnitTest
Searching for files in directory /Users/mike/CLionProjects/luisa/src/ext/HIPRT/contrib/Orochi/UnitTest/bitcodes
Searching for files in directory /Users/mike/CLionProjects/luisa/src/ext/HIPRT/contrib/Orochi/UnitTest/contrib
Searching for files in directory /Users/mike/CLionProjects/luisa/src/ext/HIPRT/contrib/Orochi/UnitTest/contrib/gtest-1.6.0
Searching for files in directory /Users/mike/CLionProjects/luisa/src/ext/HIPRT/contrib/Orochi/UnitTest/contrib/gtest-1.6.0/gtest
Searching for files in directory /Users/mike/CLionProjects/luisa/src/ext/HIPRT/contrib/Orochi/UnitTest/contrib/gtest-1.6.0/gtest/internal
Searching for files in directory /Users/mike/CLionProjects/luisa/src/ext/HIPRT/contrib/Orochi/UnitTest/contrib/stb
Searching for files in directory /Users/mike/CLionProjects/luisa/src/ext/HIPRT/contrib/Orochi/tools
Searching for files in directory /Users/mike/CLionProjects/luisa/src/ext/HIPRT/contrib/Orochi/tools/premake5
Searching for files in directory /Users/mike/CLionProjects/luisa/src/ext/HIPRT/contrib/Orochi/tools/premake5/osx
Searching for files in directory /Users/mike/CLionProjects/luisa/src/ext/HIPRT/contrib/Orochi/tools/premake5/win
Searching for files in directory /Users/mike/CLionProjects/luisa/src/ext/HIPRT/contrib/Orochi/tools/premake5/linux64
Searching for files in directory /Users/mike/CLionProjects/luisa/src/ext/HIPRT/contrib/Orochi/Test
Searching for files in directory /Users/mike/CLionProjects/luisa/src/ext/HIPRT/contrib/Orochi/Test/SimpleD3D12
Searching for files in directory /Users/mike/CLionProjects/luisa/src/ext/HIPRT/contrib/Orochi/Test/RadixSort
Searching for files in directory /Users/mike/CLionProjects/luisa/src/ext/HIPRT/contrib/Orochi/Test/DeviceEnum
Searching for files in directory /Users/mike/CLionProjects/luisa/src/ext/HIPRT/contrib/Orochi/Test/Texture
Searching for files in directory /Users/mike/CLionProjects/luisa/src/ext/HIPRT/contrib/Orochi/Test/VulkanComputeSimple
Searching for files in directory /Users/mike/CLionProjects/luisa/src/ext/HIPRT/contrib/Orochi/Test/VulkanComputeSimple/vk_video
Searching for files in directory /Users/mike/CLionProjects/luisa/src/ext/HIPRT/contrib/Orochi/Test/VulkanComputeSimple/vulkan
Searching for files in directory /Users/mike/CLionProjects/luisa/src/ext/HIPRT/contrib/Orochi/Test/WMMA
Searching for files in directory /Users/mike/CLionProjects/luisa/src/ext/HIPRT/contrib/Orochi/contrib
Searching for files in directory /Users/mike/CLionProjects/luisa/src/ext/HIPRT/contrib/Orochi/contrib/bin
Searching for files in directory /Users/mike/CLionProjects/luisa/src/ext/HIPRT/contrib/Orochi/contrib/bin/win64
Searching for files in directory /Users/mike/CLionProjects/luisa/src/ext/HIPRT/contrib/Orochi/contrib/cuew
Searching for files in directory /Users/mike/CLionProjects/luisa/src/ext/HIPRT/contrib/Orochi/contrib/cuew/include
Searching for files in directory /Users/mike/CLionProjects/luisa/src/ext/HIPRT/contrib/Orochi/contrib/cuew/src
Searching for files in directory /Users/mike/CLionProjects/luisa/src/ext/HIPRT/contrib/Orochi/contrib/hipew
Searching for files in directory /Users/mike/CLionProjects/luisa/src/ext/HIPRT/contrib/Orochi/contrib/hipew/include
Searching for files in directory /Users/mike/CLionProjects/luisa/src/ext/HIPRT/contrib/Orochi/contrib/hipew/src
Searching for files in directory /Users/mike/CLionProjects/luisa/src/ext/HIPRT/contrib/Orochi/scripts
Searching for files in directory /Users/mike/CLionProjects/luisa/src/ext/HIPRT/contrib/Orochi/Orochi
Searching for files in directory /Users/mike/CLionProjects/luisa/src/ext/HIPRT/contrib/Orochi/ParallelPrimitives
Searching for files in directory /Users/mike/CLionProjects/luisa/src/ext/HIPRT/contrib/Orochi/ParallelPrimitives/cache
Searching for files in directory /Users/mike/CLionProjects/luisa/src/ext/HIPRT/scripts
Searching for files in directory /Users/mike/CLionProjects/luisa/src/ext/HIPRT/scripts/bitcodes
Searching for files in directory /Users/mike/CLionProjects/luisa/src/ext/HIPRT/hiprt
Searching for files in directory /Users/mike/CLionProjects/luisa/src/ext/HIPRT/hiprt/impl
Searching for files in directory /Users/mike/CLionProjects/luisa/src/ext/HIPRT/hiprt/cache
Searching for files in directory /Users/mike/CLionProjects/luisa/src/ext/EASTL
Searching for files in directory /Users/mike/CLionProjects/luisa/src/ext/EASTL/include
Searching for files in directory /Users/mike/CLionProjects/luisa/src/ext/EASTL/include/EASTL
Searching for files in directory /Users/mike/CLionProjects/luisa/src/ext/EASTL/include/EASTL/bonus
Searching for files in directory /Users/mike/CLionProjects/luisa/src/ext/EASTL/include/EASTL/internal
Searching for files in directory /Users/mike/CLionProjects/luisa/src/ext/EASTL/include/EASTL/internal/atomic
Searching for files in directory /Users/mike/CLionProjects/luisa/src/ext/EASTL/include/EASTL/internal/atomic/atomic_macros
Searching for files in directory /Users/mike/CLionProjects/luisa/src/ext/EASTL/include/EASTL/internal/atomic/arch
Searching for files in directory /Users/mike/CLionProjects/luisa/src/ext/EASTL/include/EASTL/internal/atomic/arch/x86
Searching for files in directory /Users/mike/CLionProjects/luisa/src/ext/EASTL/include/EASTL/internal/atomic/arch/arm
Searching for files in directory /Users/mike/CLionProjects/luisa/src/ext/EASTL/include/EASTL/internal/atomic/compiler
Searching for files in directory /Users/mike/CLionProjects/luisa/src/ext/EASTL/include/EASTL/internal/atomic/compiler/msvc
Searching for files in directory /Users/mike/CLionProjects/luisa/src/ext/EASTL/include/EASTL/internal/atomic/compiler/gcc
Searching for files in directory /Users/mike/CLionProjects/luisa/src/ext/EASTL/source
Searching for files in directory /Users/mike/CLionProjects/luisa/src/ext/EASTL/scripts
Searching for files in directory /Users/mike/CLionProjects/luisa/src/ext/EASTL/scripts/CMake
Searching for files in directory /Users/mike/CLionProjects/luisa/src/ext/EASTL/packages
Searching for files in directory /Users/mike/CLionProjects/luisa/src/ext/EASTL/packages/EABase
Searching for files in directory /Users/mike/CLionProjects/luisa/src/ext/EASTL/packages/EABase/include
Searching for files in directory /Users/mike/CLionProjects/luisa/src/ext/EASTL/packages/EABase/include/Common
Searching for files in directory /Users/mike/CLionProjects/luisa/src/ext/EASTL/packages/EABase/include/Common/EABase
Searching for files in directory /Users/mike/CLionProjects/luisa/src/ext/EASTL/packages/EABase/include/Common/EABase/config
Searching for files in directory /Users/mike/CLionProjects/luisa/src/ext/EASTL/packages/mimalloc
Searching for files in directory /Users/mike/CLionProjects/luisa/src/ext/EASTL/packages/mimalloc/ide
Searching for files in directory /Users/mike/CLionProjects/luisa/src/ext/EASTL/packages/mimalloc/ide/vs2022
Searching for files in directory /Users/mike/CLionProjects/luisa/src/ext/EASTL/packages/mimalloc/test
Searching for files in directory /Users/mike/CLionProjects/luisa/src/ext/EASTL/packages/mimalloc/cmake
Searching for files in directory /Users/mike/CLionProjects/luisa/src/ext/EASTL/packages/mimalloc/bin
Searching for files in directory /Users/mike/CLionProjects/luisa/src/ext/EASTL/packages/mimalloc/include
Searching for files in directory /Users/mike/CLionProjects/luisa/src/ext/EASTL/packages/mimalloc/include/mimalloc
Searching for files in directory /Users/mike/CLionProjects/luisa/src/ext/EASTL/packages/mimalloc/docs
Searching for files in directory /Users/mike/CLionProjects/luisa/src/ext/EASTL/packages/mimalloc/docs/search
Searching for files in directory /Users/mike/CLionProjects/luisa/src/ext/EASTL/packages/mimalloc/contrib
Searching for files in directory /Users/mike/CLionProjects/luisa/src/ext/EASTL/packages/mimalloc/contrib/docker
Searching for files in directory /Users/mike/CLionProjects/luisa/src/ext/EASTL/packages/mimalloc/contrib/docker/manylinux-x64
Searching for files in directory /Users/mike/CLionProjects/luisa/src/ext/EASTL/packages/mimalloc/contrib/docker/alpine
Searching for files in directory /Users/mike/CLionProjects/luisa/src/ext/EASTL/packages/mimalloc/contrib/docker/alpine-x86
Searching for files in directory /Users/mike/CLionProjects/luisa/src/ext/EASTL/packages/mimalloc/contrib/docker/alpine-arm32v7
Searching for files in directory /Users/mike/CLionProjects/luisa/src/ext/EASTL/packages/mimalloc/contrib/vcpkg
Searching for files in directory /Users/mike/CLionProjects/luisa/src/ext/EASTL/packages/mimalloc/doc
Searching for files in directory /Users/mike/CLionProjects/luisa/src/ext/EASTL/packages/mimalloc/doc/bench-2021
Searching for files in directory /Users/mike/CLionProjects/luisa/src/ext/EASTL/packages/mimalloc/doc/bench-2020
Searching for files in directory /Users/mike/CLionProjects/luisa/src/ext/EASTL/packages/mimalloc/src
Searching for files in directory /Users/mike/CLionProjects/luisa/src/ext/EASTL/packages/mimalloc/src/prim
Searching for files in directory /Users/mike/CLionProjects/luisa/src/ext/EASTL/packages/mimalloc/src/prim/osx
Searching for files in directory /Users/mike/CLionProjects/luisa/src/ext/EASTL/packages/mimalloc/src/prim/unix
Searching for files in directory /Users/mike/CLionProjects/luisa/src/ext/EASTL/packages/mimalloc/src/prim/emscripten
Searching for files in directory /Users/mike/CLionProjects/luisa/src/ext/EASTL/packages/mimalloc/src/prim/wasi
Searching for files in directory /Users/mike/CLionProjects/luisa/src/ext/EASTL/packages/mimalloc/src/prim/windows
Searching for files in directory /Users/mike/CLionProjects/luisa/src/ext/EASTL/doc
Searching for files in directory /Users/mike/CLionProjects/luisa/src/backends
Searching for files in directory /Users/mike/CLionProjects/luisa/src/backends/tools
Searching for files in directory /Users/mike/CLionProjects/luisa/src/backends/fallback
Searching for files in directory /Users/mike/CLionProjects/luisa/src/backends/fallback/fallback_builtin
Searching for files in directory /Users/mike/CLionProjects/luisa/src/backends/metal
Searching for files in directory /Users/mike/CLionProjects/luisa/src/backends/metal/tile
Searching for files in directory /Users/mike/CLionProjects/luisa/src/backends/metal/metal_builtin
Searching for files in directory /Users/mike/CLionProjects/luisa/src/backends/metal/metal-tex-compress
Searching for files in directory /Users/mike/CLionProjects/luisa/src/backends/cuda
Searching for files in directory /Users/mike/CLionProjects/luisa/src/backends/cuda/llvm_codegen
Searching for files in directory /Users/mike/CLionProjects/luisa/src/backends/cuda/cuda_builtin
Searching for files in directory /Users/mike/CLionProjects/luisa/src/backends/cuda/extensions
Searching for files in directory /Users/mike/CLionProjects/luisa/src/backends/cuda/lcub
Searching for files in directory /Users/mike/CLionProjects/luisa/src/backends/cuda/lcub/codegen
Searching for files in directory /Users/mike/CLionProjects/luisa/src/backends/cuda/lcub/codegen/include
Searching for files in directory /Users/mike/CLionProjects/luisa/src/backends/cuda/lcub/codegen/include/dcub
Searching for files in directory /Users/mike/CLionProjects/luisa/src/backends/cuda/lcub/codegen/scripts
Searching for files in directory /Users/mike/CLionProjects/luisa/src/backends/cuda/lcub/codegen/src
Searching for files in directory /Users/mike/CLionProjects/luisa/src/backends/cuda/lcub/codegen/src/dcub
Searching for files in directory /Users/mike/CLionProjects/luisa/src/backends/cuda/lcub/private
Searching for files in directory /Users/mike/CLionProjects/luisa/src/backends/cuda/lcub/private/dcub
Searching for files in directory /Users/mike/CLionProjects/luisa/src/backends/simd
Searching for files in directory /Users/mike/CLionProjects/luisa/src/backends/simd/schedule
Searching for files in directory /Users/mike/CLionProjects/luisa/src/backends/simd/runtime
Searching for files in directory /Users/mike/CLionProjects/luisa/src/backends/simd/llvm
Searching for files in directory /Users/mike/CLionProjects/luisa/src/backends/vk
Searching for files in directory /Users/mike/CLionProjects/luisa/src/backends/vk/builtin
Searching for files in directory /Users/mike/CLionProjects/luisa/src/backends/common
Searching for files in directory /Users/mike/CLionProjects/luisa/src/backends/common/metal-cpp
Searching for files in directory /Users/mike/CLionProjects/luisa/src/backends/common/metal-cpp/Metal
Searching for files in directory /Users/mike/CLionProjects/luisa/src/backends/common/metal-cpp/Foundation
Searching for files in directory /Users/mike/CLionProjects/luisa/src/backends/common/metal-cpp/QuartzCore
Searching for files in directory /Users/mike/CLionProjects/luisa/src/backends/common/metal-cpp/MetalFX
Searching for files in directory /Users/mike/CLionProjects/luisa/src/backends/common/metal-cpp/SingleHeader
Searching for files in directory /Users/mike/CLionProjects/luisa/src/backends/common/spirv
Searching for files in directory /Users/mike/CLionProjects/luisa/src/backends/common/spirv/spirv_codegen
Searching for files in directory /Users/mike/CLionProjects/luisa/src/backends/common/spirv_llvm
Searching for files in directory /Users/mike/CLionProjects/luisa/src/backends/common/hlsl
Searching for files in directory /Users/mike/CLionProjects/luisa/src/backends/common/hlsl/codegen_utils
Searching for files in directory /Users/mike/CLionProjects/luisa/src/backends/common/hlsl/builtin
Searching for files in directory /Users/mike/CLionProjects/luisa/src/backends/hip
Searching for files in directory /Users/mike/CLionProjects/luisa/src/backends/hip/llvm_codegen
Searching for files in directory /Users/mike/CLionProjects/luisa/src/backends/dx
Searching for files in directory /Users/mike/CLionProjects/luisa/src/backends/dx/LCAgilitySDK
Searching for files in directory /Users/mike/CLionProjects/luisa/src/backends/dx/DXRuntime
Searching for files in directory /Users/mike/CLionProjects/luisa/src/backends/dx/DXApi
Searching for files in directory /Users/mike/CLionProjects/luisa/src/backends/dx/dstorage
Searching for files in directory /Users/mike/CLionProjects/luisa/src/backends/dx/Shader
Searching for files in directory /Users/mike/CLionProjects/luisa/src/backends/dx/Resource
Searching for files in directory /Users/mike/CLionProjects/luisa/src/backends/dx/Resource/D3D12MemoryAllocator
Searching for files in directory /Users/mike/CLionProjects/luisa/src/backends/dx/WinPixEventRuntime
Searching for files in directory /Users/mike/CLionProjects/luisa/src/backends/metal4
Searching for files in directory /Users/mike/CLionProjects/luisa/src/backends/metal4/llvm_codegen
Searching for files in directory /Users/mike/CLionProjects/luisa/src/backends/metal4/tools
Searching for files in directory /Users/mike/CLionProjects/luisa/src/backends/metal4/tools/ios_path_tracer_app
Searching for files in directory /Users/mike/CLionProjects/luisa/src/backends/metal4/metal_builtin
Searching for files in directory /Users/mike/CLionProjects/luisa/src/backends/metal4/metal-tex-compress
Searching for files in directory /Users/mike/CLionProjects/luisa/src/backends/validation
Searching for files in directory /Users/mike/CLionProjects/luisa/src/backends/remote
Searching INPUT for files to process...
Searching for files in directory /Users/mike/CLionProjects/luisa/include
Searching for files in directory /Users/mike/CLionProjects/luisa/include/luisa
Searching for files in directory /Users/mike/CLionProjects/luisa/include/luisa/core
Searching for files in directory /Users/mike/CLionProjects/luisa/include/luisa/core/stl
Searching for files in directory /Users/mike/CLionProjects/luisa/include/luisa/osl
Searching for files in directory /Users/mike/CLionProjects/luisa/include/luisa/vstl
Searching for files in directory /Users/mike/CLionProjects/luisa/include/luisa/backends
Searching for files in directory /Users/mike/CLionProjects/luisa/include/luisa/backends/ext
Searching for files in directory /Users/mike/CLionProjects/luisa/include/luisa/backends/ext/cuda
Searching for files in directory /Users/mike/CLionProjects/luisa/include/luisa/backends/ext/cuda/lcub
Searching for files in directory /Users/mike/CLionProjects/luisa/include/luisa/backends/ext/cuda/lcub/dcub
Searching for files in directory /Users/mike/CLionProjects/luisa/include/luisa/backends/common
Searching for files in directory /Users/mike/CLionProjects/luisa/include/luisa/runtime
Searching for files in directory /Users/mike/CLionProjects/luisa/include/luisa/runtime/rhi
Searching for files in directory /Users/mike/CLionProjects/luisa/include/luisa/runtime/rtx
Searching for files in directory /Users/mike/CLionProjects/luisa/include/luisa/runtime/raster
Searching for files in directory /Users/mike/CLionProjects/luisa/include/luisa/tile
Searching for files in directory /Users/mike/CLionProjects/luisa/include/luisa/tile/bridge
Searching for files in directory /Users/mike/CLionProjects/luisa/include/luisa/tile/bridge/xir
Searching for files in directory /Users/mike/CLionProjects/luisa/include/luisa/tile/bridge/tirx
Searching for files in directory /Users/mike/CLionProjects/luisa/include/luisa/xir
Searching for files in directory /Users/mike/CLionProjects/luisa/include/luisa/xir/translators
Searching for files in directory /Users/mike/CLionProjects/luisa/include/luisa/xir/instructions
Searching for files in directory /Users/mike/CLionProjects/luisa/include/luisa/xir/passes
Searching for files in directory /Users/mike/CLionProjects/luisa/include/luisa/xir/metadata
Searching for files in directory /Users/mike/CLionProjects/luisa/include/luisa/coro
Searching for files in directory /Users/mike/CLionProjects/luisa/include/luisa/coro/schedulers
Searching for files in directory /Users/mike/CLionProjects/luisa/include/luisa/coro/schedulers/detail
Searching for files in directory /Users/mike/CLionProjects/luisa/include/luisa/gui
Searching for files in directory /Users/mike/CLionProjects/luisa/include/luisa/ast
Searching for files in directory /Users/mike/CLionProjects/luisa/include/luisa/clangcxx
Searching for files in directory /Users/mike/CLionProjects/luisa/include/luisa/dsl
Searching for files in directory /Users/mike/CLionProjects/luisa/include/luisa/dsl/rtx
Searching for files in directory /Users/mike/CLionProjects/luisa/include/luisa/dsl/raster
Searching for files in directory /Users/mike/CLionProjects/luisa/src
Searching for files in directory /Users/mike/CLionProjects/luisa/src/py
Searching for files in directory /Users/mike/CLionProjects/luisa/src/py/luisa
Searching for files in directory /Users/mike/CLionProjects/luisa/src/core
Searching for files in directory /Users/mike/CLionProjects/luisa/src/core/stl
Searching for files in directory /Users/mike/CLionProjects/luisa/src/osl
Searching for files in directory /Users/mike/CLionProjects/luisa/src/vstl
Searching for files in directory /Users/mike/CLionProjects/luisa/src/backends
Searching for files in directory /Users/mike/CLionProjects/luisa/src/backends/tools
Searching for files in directory /Users/mike/CLionProjects/luisa/src/backends/fallback
Searching for files in directory /Users/mike/CLionProjects/luisa/src/backends/fallback/fallback_builtin
Searching for files in directory /Users/mike/CLionProjects/luisa/src/backends/metal
Searching for files in directory /Users/mike/CLionProjects/luisa/src/backends/metal/tile
Searching for files in directory /Users/mike/CLionProjects/luisa/src/backends/metal/metal_builtin
Searching for files in directory /Users/mike/CLionProjects/luisa/src/backends/metal/metal-tex-compress
Searching for files in directory /Users/mike/CLionProjects/luisa/src/backends/cuda
Searching for files in directory /Users/mike/CLionProjects/luisa/src/backends/cuda/llvm_codegen
Searching for files in directory /Users/mike/CLionProjects/luisa/src/backends/cuda/cuda_builtin
Searching for files in directory /Users/mike/CLionProjects/luisa/src/backends/cuda/extensions
Searching for files in directory /Users/mike/CLionProjects/luisa/src/backends/cuda/lcub
Searching for files in directory /Users/mike/CLionProjects/luisa/src/backends/cuda/lcub/codegen
Searching for files in directory /Users/mike/CLionProjects/luisa/src/backends/cuda/lcub/codegen/include
Searching for files in directory /Users/mike/CLionProjects/luisa/src/backends/cuda/lcub/codegen/include/dcub
Searching for files in directory /Users/mike/CLionProjects/luisa/src/backends/cuda/lcub/codegen/scripts
Searching for files in directory /Users/mike/CLionProjects/luisa/src/backends/cuda/lcub/codegen/src
Searching for files in directory /Users/mike/CLionProjects/luisa/src/backends/cuda/lcub/codegen/src/dcub
Searching for files in directory /Users/mike/CLionProjects/luisa/src/backends/cuda/lcub/private
Searching for files in directory /Users/mike/CLionProjects/luisa/src/backends/cuda/lcub/private/dcub
Searching for files in directory /Users/mike/CLionProjects/luisa/src/backends/simd
Searching for files in directory /Users/mike/CLionProjects/luisa/src/backends/simd/schedule
Searching for files in directory /Users/mike/CLionProjects/luisa/src/backends/simd/runtime
Searching for files in directory /Users/mike/CLionProjects/luisa/src/backends/simd/llvm
Searching for files in directory /Users/mike/CLionProjects/luisa/src/backends/vk
Searching for files in directory /Users/mike/CLionProjects/luisa/src/backends/vk/builtin
Searching for files in directory /Users/mike/CLionProjects/luisa/src/backends/common
Searching for files in directory /Users/mike/CLionProjects/luisa/src/backends/common/metal-cpp
Searching for files in directory /Users/mike/CLionProjects/luisa/src/backends/common/metal-cpp/Metal
Searching for files in directory /Users/mike/CLionProjects/luisa/src/backends/common/metal-cpp/Foundation
Searching for files in directory /Users/mike/CLionProjects/luisa/src/backends/common/metal-cpp/QuartzCore
Searching for files in directory /Users/mike/CLionProjects/luisa/src/backends/common/metal-cpp/MetalFX
Searching for files in directory /Users/mike/CLionProjects/luisa/src/backends/common/metal-cpp/SingleHeader
Searching for files in directory /Users/mike/CLionProjects/luisa/src/backends/common/spirv
Searching for files in directory /Users/mike/CLionProjects/luisa/src/backends/common/spirv/spirv_codegen
Searching for files in directory /Users/mike/CLionProjects/luisa/src/backends/common/spirv_llvm
Searching for files in directory /Users/mike/CLionProjects/luisa/src/backends/common/hlsl
Searching for files in directory /Users/mike/CLionProjects/luisa/src/backends/common/hlsl/codegen_utils
Searching for files in directory /Users/mike/CLionProjects/luisa/src/backends/common/hlsl/builtin
Searching for files in directory /Users/mike/CLionProjects/luisa/src/backends/hip
Searching for files in directory /Users/mike/CLionProjects/luisa/src/backends/hip/llvm_codegen
Searching for files in directory /Users/mike/CLionProjects/luisa/src/backends/dx
Searching for files in directory /Users/mike/CLionProjects/luisa/src/backends/dx/LCAgilitySDK
Searching for files in directory /Users/mike/CLionProjects/luisa/src/backends/dx/DXRuntime
Searching for files in directory /Users/mike/CLionProjects/luisa/src/backends/dx/DXApi
Searching for files in directory /Users/mike/CLionProjects/luisa/src/backends/dx/dstorage
Searching for files in directory /Users/mike/CLionProjects/luisa/src/backends/dx/Shader
Searching for files in directory /Users/mike/CLionProjects/luisa/src/backends/dx/Resource
Searching for files in directory /Users/mike/CLionProjects/luisa/src/backends/dx/Resource/D3D12MemoryAllocator
Searching for files in directory /Users/mike/CLionProjects/luisa/src/backends/dx/WinPixEventRuntime
Searching for files in directory /Users/mike/CLionProjects/luisa/src/backends/metal4
Searching for files in directory /Users/mike/CLionProjects/luisa/src/backends/metal4/llvm_codegen
Searching for files in directory /Users/mike/CLionProjects/luisa/src/backends/metal4/tools
Searching for files in directory /Users/mike/CLionProjects/luisa/src/backends/metal4/tools/ios_path_tracer_app
Searching for files in directory /Users/mike/CLionProjects/luisa/src/backends/metal4/metal_builtin
Searching for files in directory /Users/mike/CLionProjects/luisa/src/backends/metal4/metal-tex-compress
Searching for files in directory /Users/mike/CLionProjects/luisa/src/backends/validation
Searching for files in directory /Users/mike/CLionProjects/luisa/src/backends/remote
Searching for files in directory /Users/mike/CLionProjects/luisa/src/ext
Searching for files in directory /Users/mike/CLionProjects/luisa/src/ext/reproc
Searching for files in directory /Users/mike/CLionProjects/luisa/src/ext/reproc/reproc
Searching for files in directory /Users/mike/CLionProjects/luisa/src/ext/reproc/reproc/test
Searching for files in directory /Users/mike/CLionProjects/luisa/src/ext/reproc/reproc/include
Searching for files in directory /Users/mike/CLionProjects/luisa/src/ext/reproc/reproc/include/reproc
Searching for files in directory /Users/mike/CLionProjects/luisa/src/ext/reproc/reproc/resources
Searching for files in directory /Users/mike/CLionProjects/luisa/src/ext/reproc/reproc/examples
Searching for files in directory /Users/mike/CLionProjects/luisa/src/ext/reproc/reproc/src
Searching for files in directory /Users/mike/CLionProjects/luisa/src/ext/reproc/cmake
Searching for files in directory /Users/mike/CLionProjects/luisa/src/ext/reproc/reproc++
Searching for files in directory /Users/mike/CLionProjects/luisa/src/ext/reproc/reproc++/include
Searching for files in directory /Users/mike/CLionProjects/luisa/src/ext/reproc/reproc++/include/reproc++
Searching for files in directory /Users/mike/CLionProjects/luisa/src/ext/reproc/reproc++/include/reproc++/detail
Searching for files in directory /Users/mike/CLionProjects/luisa/src/ext/reproc/reproc++/examples
Searching for files in directory /Users/mike/CLionProjects/luisa/src/ext/reproc/reproc++/src
Searching for files in directory /Users/mike/CLionProjects/luisa/src/ext/yyjson
Searching for files in directory /Users/mike/CLionProjects/luisa/src/ext/yyjson/misc
Searching for files in directory /Users/mike/CLionProjects/luisa/src/ext/yyjson/test
Searching for files in directory /Users/mike/CLionProjects/luisa/src/ext/yyjson/test/util
Searching for files in directory /Users/mike/CLionProjects/luisa/src/ext/yyjson/test/xctest
Searching for files in directory /Users/mike/CLionProjects/luisa/src/ext/yyjson/test/data
Searching for files in directory /Users/mike/CLionProjects/luisa/src/ext/yyjson/test/data/num
Searching for files in directory /Users/mike/CLionProjects/luisa/src/ext/yyjson/test/data/json
Searching for files in directory /Users/mike/CLionProjects/luisa/src/ext/yyjson/test/data/json/test_roundtrip
Searching for files in directory /Users/mike/CLionProjects/luisa/src/ext/yyjson/test/data/json/test_transform
Searching for files in directory /Users/mike/CLionProjects/luisa/src/ext/yyjson/test/data/json/test_yyjson
Searching for files in directory /Users/mike/CLionProjects/luisa/src/ext/yyjson/test/data/json/test_checker
Searching for files in directory /Users/mike/CLionProjects/luisa/src/ext/yyjson/test/data/json/test_encoding
Searching for files in directory /Users/mike/CLionProjects/luisa/src/ext/yyjson/test/data/json/test_parsing
Searching for files in directory /Users/mike/CLionProjects/luisa/src/ext/yyjson/cmake
Searching for files in directory /Users/mike/CLionProjects/luisa/src/ext/yyjson/doc
Searching for files in directory /Users/mike/CLionProjects/luisa/src/ext/yyjson/doc/images
Searching for files in directory /Users/mike/CLionProjects/luisa/src/ext/yyjson/doc/doxygen
Searching for files in directory /Users/mike/CLionProjects/luisa/src/ext/yyjson/doc/doxygen/html
Searching for files in directory /Users/mike/CLionProjects/luisa/src/ext/yyjson/doc/doxygen/html/search
Searching for files in directory /Users/mike/CLionProjects/luisa/src/ext/yyjson/doc/doxygen/theme
Searching for files in directory /Users/mike/CLionProjects/luisa/src/ext/yyjson/fuzz
Searching for files in directory /Users/mike/CLionProjects/luisa/src/ext/yyjson/src
Searching for files in directory /Users/mike/CLionProjects/luisa/src/ext/volk
Searching for files in directory /Users/mike/CLionProjects/luisa/src/ext/volk/include
Searching for files in directory /Users/mike/CLionProjects/luisa/src/ext/volk/include/vk_video
Searching for files in directory /Users/mike/CLionProjects/luisa/src/ext/volk/include/vulkan
Searching for files in directory /Users/mike/CLionProjects/luisa/src/ext/volk/include/vulkan/utility
Searching for files in directory /Users/mike/CLionProjects/luisa/src/ext/pybind11
Searching for files in directory /Users/mike/CLionProjects/luisa/src/ext/pybind11/tools
Searching for files in directory /Users/mike/CLionProjects/luisa/src/ext/pybind11/pybind11
Searching for files in directory /Users/mike/CLionProjects/luisa/src/ext/pybind11/include
Searching for files in directory /Users/mike/CLionProjects/luisa/src/ext/pybind11/include/pybind11
Searching for files in directory /Users/mike/CLionProjects/luisa/src/ext/pybind11/include/pybind11/conduit
Searching for files in directory /Users/mike/CLionProjects/luisa/src/ext/pybind11/include/pybind11/eigen
Searching for files in directory /Users/mike/CLionProjects/luisa/src/ext/pybind11/include/pybind11/stl
Searching for files in directory /Users/mike/CLionProjects/luisa/src/ext/pybind11/include/pybind11/detail
Searching for files in directory /Users/mike/CLionProjects/luisa/src/ext/pybind11/tests
Searching for files in directory /Users/mike/CLionProjects/luisa/src/ext/pybind11/tests/test_cross_module_rtti
Searching for files in directory /Users/mike/CLionProjects/luisa/src/ext/pybind11/tests/test_with_catch
Searching for files in directory /Users/mike/CLionProjects/luisa/src/ext/pybind11/tests/pure_cpp
Searching for files in directory /Users/mike/CLionProjects/luisa/src/ext/pybind11/tests/test_cmake_build
Searching for files in directory /Users/mike/CLionProjects/luisa/src/ext/pybind11/tests/test_cmake_build/subdirectory_embed
Searching for files in directory /Users/mike/CLionProjects/luisa/src/ext/pybind11/tests/test_cmake_build/subdirectory_target
Searching for files in directory /Users/mike/CLionProjects/luisa/src/ext/pybind11/tests/test_cmake_build/subdirectory_function
Searching for files in directory /Users/mike/CLionProjects/luisa/src/ext/pybind11/tests/test_cmake_build/installed_embed
Searching for files in directory /Users/mike/CLionProjects/luisa/src/ext/pybind11/tests/test_cmake_build/installed_target
Searching for files in directory /Users/mike/CLionProjects/luisa/src/ext/pybind11/tests/test_cmake_build/installed_function
Searching for files in directory /Users/mike/CLionProjects/luisa/src/ext/pybind11/tests/extra_setuptools
Searching for files in directory /Users/mike/CLionProjects/luisa/src/ext/pybind11/tests/extra_python_package
Searching for files in directory /Users/mike/CLionProjects/luisa/src/ext/pybind11/docs
Searching for files in directory /Users/mike/CLionProjects/luisa/src/ext/pybind11/docs/advanced
Searching for files in directory /Users/mike/CLionProjects/luisa/src/ext/pybind11/docs/advanced/pycpp
Searching for files in directory /Users/mike/CLionProjects/luisa/src/ext/pybind11/docs/advanced/cast
Searching for files in directory /Users/mike/CLionProjects/luisa/src/ext/pybind11/docs/cmake
Searching for files in directory /Users/mike/CLionProjects/luisa/src/ext/pybind11/docs/_static
Searching for files in directory /Users/mike/CLionProjects/luisa/src/ext/pybind11/docs/_static/css
Searching for files in directory /Users/mike/CLionProjects/luisa/src/ext/SPIRV-Tools
Searching for files in directory /Users/mike/CLionProjects/luisa/src/ext/SPIRV-Tools/tools
Searching for files in directory /Users/mike/CLionProjects/luisa/src/ext/SPIRV-Tools/tools/lint
Searching for files in directory /Users/mike/CLionProjects/luisa/src/ext/SPIRV-Tools/tools/objdump
Searching for files in directory /Users/mike/CLionProjects/luisa/src/ext/SPIRV-Tools/tools/util
Searching for files in directory /Users/mike/CLionProjects/luisa/src/ext/SPIRV-Tools/tools/reduce
Searching for files in directory /Users/mike/CLionProjects/luisa/src/ext/SPIRV-Tools/tools/diff
Searching for files in directory /Users/mike/CLionProjects/luisa/src/ext/SPIRV-Tools/tools/emacs
Searching for files in directory /Users/mike/CLionProjects/luisa/src/ext/SPIRV-Tools/tools/cfg
Searching for files in directory /Users/mike/CLionProjects/luisa/src/ext/SPIRV-Tools/tools/link
Searching for files in directory /Users/mike/CLionProjects/luisa/src/ext/SPIRV-Tools/tools/dis
Searching for files in directory /Users/mike/CLionProjects/luisa/src/ext/SPIRV-Tools/tools/as
Searching for files in directory /Users/mike/CLionProjects/luisa/src/ext/SPIRV-Tools/tools/opt
Searching for files in directory /Users/mike/CLionProjects/luisa/src/ext/SPIRV-Tools/tools/fuzz
Searching for files in directory /Users/mike/CLionProjects/luisa/src/ext/SPIRV-Tools/tools/lesspipe
Searching for files in directory /Users/mike/CLionProjects/luisa/src/ext/SPIRV-Tools/tools/val
Searching for files in directory /Users/mike/CLionProjects/luisa/src/ext/SPIRV-Tools/test
Searching for files in directory /Users/mike/CLionProjects/luisa/src/ext/SPIRV-Tools/test/lint
Searching for files in directory /Users/mike/CLionProjects/luisa/src/ext/SPIRV-Tools/test/tools
Searching for files in directory /Users/mike/CLionProjects/luisa/src/ext/SPIRV-Tools/test/tools/objdump
Searching for files in directory /Users/mike/CLionProjects/luisa/src/ext/SPIRV-Tools/test/tools/opt
Searching for files in directory /Users/mike/CLionProjects/luisa/src/ext/SPIRV-Tools/test/util
Searching for files in directory /Users/mike/CLionProjects/luisa/src/ext/SPIRV-Tools/test/reduce
Searching for files in directory /Users/mike/CLionProjects/luisa/src/ext/SPIRV-Tools/test/wasm
Searching for files in directory /Users/mike/CLionProjects/luisa/src/ext/SPIRV-Tools/test/diff
Searching for files in directory /Users/mike/CLionProjects/luisa/src/ext/SPIRV-Tools/test/diff/diff_files
Searching for files in directory /Users/mike/CLionProjects/luisa/src/ext/SPIRV-Tools/test/link
Searching for files in directory /Users/mike/CLionProjects/luisa/src/ext/SPIRV-Tools/test/scripts
Searching for files in directory /Users/mike/CLionProjects/luisa/src/ext/SPIRV-Tools/test/opt
Searching for files in directory /Users/mike/CLionProjects/luisa/src/ext/SPIRV-Tools/test/opt/dominator_tree
Searching for files in directory /Users/mike/CLionProjects/luisa/src/ext/SPIRV-Tools/test/opt/loop_optimizations
Searching for files in directory /Users/mike/CLionProjects/luisa/src/ext/SPIRV-Tools/test/fuzz
Searching for files in directory /Users/mike/CLionProjects/luisa/src/ext/SPIRV-Tools/test/fuzz/fact_manager
Searching for files in directory /Users/mike/CLionProjects/luisa/src/ext/SPIRV-Tools/test/fuzzers
Searching for files in directory /Users/mike/CLionProjects/luisa/src/ext/SPIRV-Tools/test/fuzzers/corpora
Searching for files in directory /Users/mike/CLionProjects/luisa/src/ext/SPIRV-Tools/test/fuzzers/corpora/spv
Searching for files in directory /Users/mike/CLionProjects/luisa/src/ext/SPIRV-Tools/test/val
Searching for files in directory /Users/mike/CLionProjects/luisa/src/ext/SPIRV-Tools/cmake
Searching for files in directory /Users/mike/CLionProjects/luisa/src/ext/SPIRV-Tools/include
Searching for files in directory /Users/mike/CLionProjects/luisa/src/ext/SPIRV-Tools/include/spirv-tools
Searching for files in directory /Users/mike/CLionProjects/luisa/src/ext/SPIRV-Tools/source
Searching for files in directory /Users/mike/CLionProjects/luisa/src/ext/SPIRV-Tools/source/lint
Searching for files in directory /Users/mike/CLionProjects/luisa/src/ext/SPIRV-Tools/source/util
Searching for files in directory /Users/mike/CLionProjects/luisa/src/ext/SPIRV-Tools/source/reduce
Searching for files in directory /Users/mike/CLionProjects/luisa/src/ext/SPIRV-Tools/source/wasm
Searching for files in directory /Users/mike/CLionProjects/luisa/src/ext/SPIRV-Tools/source/diff
Searching for files in directory /Users/mike/CLionProjects/luisa/src/ext/SPIRV-Tools/source/link
Searching for files in directory /Users/mike/CLionProjects/luisa/src/ext/SPIRV-Tools/source/opt
Searching for files in directory /Users/mike/CLionProjects/luisa/src/ext/SPIRV-Tools/source/fuzz
Searching for files in directory /Users/mike/CLionProjects/luisa/src/ext/SPIRV-Tools/source/fuzz/fact_manager
Searching for files in directory /Users/mike/CLionProjects/luisa/src/ext/SPIRV-Tools/source/fuzz/protobufs
Searching for files in directory /Users/mike/CLionProjects/luisa/src/ext/SPIRV-Tools/source/fuzz/pass_management
Searching for files in directory /Users/mike/CLionProjects/luisa/src/ext/SPIRV-Tools/source/val
Searching for files in directory /Users/mike/CLionProjects/luisa/src/ext/SPIRV-Tools/utils
Searching for files in directory /Users/mike/CLionProjects/luisa/src/ext/SPIRV-Tools/utils/vim
Searching for files in directory /Users/mike/CLionProjects/luisa/src/ext/SPIRV-Tools/utils/Table
Searching for files in directory /Users/mike/CLionProjects/luisa/src/ext/SPIRV-Tools/utils/Table/__pycache__
Searching for files in directory /Users/mike/CLionProjects/luisa/src/ext/SPIRV-Tools/utils/vscode
Searching for files in directory /Users/mike/CLionProjects/luisa/src/ext/SPIRV-Tools/utils/vscode/src
Searching for files in directory /Users/mike/CLionProjects/luisa/src/ext/SPIRV-Tools/utils/vscode/src/grammar
Searching for files in directory /Users/mike/CLionProjects/luisa/src/ext/SPIRV-Tools/utils/vscode/src/tools
Searching for files in directory /Users/mike/CLionProjects/luisa/src/ext/SPIRV-Tools/utils/vscode/src/lsp
Searching for files in directory /Users/mike/CLionProjects/luisa/src/ext/SPIRV-Tools/utils/vscode/src/lsp/protocol
Searching for files in directory /Users/mike/CLionProjects/luisa/src/ext/SPIRV-Tools/utils/vscode/src/lsp/span
Searching for files in directory /Users/mike/CLionProjects/luisa/src/ext/SPIRV-Tools/utils/vscode/src/lsp/jsonrpc2
Searching for files in directory /Users/mike/CLionProjects/luisa/src/ext/SPIRV-Tools/utils/vscode/src/parser
Searching for files in directory /Users/mike/CLionProjects/luisa/src/ext/SPIRV-Tools/utils/vscode/src/schema
Searching for files in directory /Users/mike/CLionProjects/luisa/src/ext/SPIRV-Tools/docs
Searching for files in directory /Users/mike/CLionProjects/luisa/src/ext/SPIRV-Tools/build_overrides
Searching for files in directory /Users/mike/CLionProjects/luisa/src/ext/SPIRV-Tools/examples
Searching for files in directory /Users/mike/CLionProjects/luisa/src/ext/SPIRV-Tools/examples/cpp-interface
Searching for files in directory /Users/mike/CLionProjects/luisa/src/ext/SPIRV-Tools/android_test
Searching for files in directory /Users/mike/CLionProjects/luisa/src/ext/SPIRV-Tools/android_test/jni
Searching for files in directory /Users/mike/CLionProjects/luisa/src/ext/SPIRV-Tools/kokoro
Searching for files in directory /Users/mike/CLionProjects/luisa/src/ext/SPIRV-Tools/kokoro/linux-gcc-gn
Searching for files in directory /Users/mike/CLionProjects/luisa/src/ext/SPIRV-Tools/kokoro/dxc-smoketest
Searching for files in directory /Users/mike/CLionProjects/luisa/src/ext/SPIRV-Tools/kokoro/windows-vs2022-amd64-release
Searching for files in directory /Users/mike/CLionProjects/luisa/src/ext/SPIRV-Tools/kokoro/linux-clang-ubsan
Searching for files in directory /Users/mike/CLionProjects/luisa/src/ext/SPIRV-Tools/kokoro/windows-vs2022-amd64-debug
Searching for files in directory /Users/mike/CLionProjects/luisa/src/ext/SPIRV-Tools/kokoro/macos-clang-release-bazel
Searching for files in directory /Users/mike/CLionProjects/luisa/src/ext/SPIRV-Tools/kokoro/linux-clang-release-bazel
Searching for files in directory /Users/mike/CLionProjects/luisa/src/ext/SPIRV-Tools/kokoro/macos-clang-debug
Searching for files in directory /Users/mike/CLionProjects/luisa/src/ext/SPIRV-Tools/kokoro/linux-clang-debug
Searching for files in directory /Users/mike/CLionProjects/luisa/src/ext/SPIRV-Tools/kokoro/img
Searching for files in directory /Users/mike/CLionProjects/luisa/src/ext/SPIRV-Tools/kokoro/linux-clang-release
Searching for files in directory /Users/mike/CLionProjects/luisa/src/ext/SPIRV-Tools/kokoro/android
Searching for files in directory /Users/mike/CLionProjects/luisa/src/ext/SPIRV-Tools/kokoro/scripts
Searching for files in directory /Users/mike/CLionProjects/luisa/src/ext/SPIRV-Tools/kokoro/scripts/macos
Searching for files in directory /Users/mike/CLionProjects/luisa/src/ext/SPIRV-Tools/kokoro/scripts/linux
Searching for files in directory /Users/mike/CLionProjects/luisa/src/ext/SPIRV-Tools/kokoro/scripts/windows
Searching for files in directory /Users/mike/CLionProjects/luisa/src/ext/SPIRV-Tools/kokoro/linux-gcc-release
Searching for files in directory /Users/mike/CLionProjects/luisa/src/ext/SPIRV-Tools/kokoro/linux-clang-asan
Searching for files in directory /Users/mike/CLionProjects/luisa/src/ext/SPIRV-Tools/kokoro/macos-clang-release
Searching for files in directory /Users/mike/CLionProjects/luisa/src/ext/SPIRV-Tools/kokoro/shaderc-smoketest
Searching for files in directory /Users/mike/CLionProjects/luisa/src/ext/SPIRV-Tools/kokoro/check-format
Searching for files in directory /Users/mike/CLionProjects/luisa/src/ext/SPIRV-Tools/kokoro/ndk-build
Searching for files in directory /Users/mike/CLionProjects/luisa/src/ext/SPIRV-Tools/kokoro/linux-gcc-debug
Searching for files in directory /Users/mike/CLionProjects/luisa/src/ext/imgui
Searching for files in directory /Users/mike/CLionProjects/luisa/src/ext/imgui/misc
Searching for files in directory /Users/mike/CLionProjects/luisa/src/ext/imgui/misc/single_file
Searching for files in directory /Users/mike/CLionProjects/luisa/src/ext/imgui/misc/freetype
Searching for files in directory /Users/mike/CLionProjects/luisa/src/ext/imgui/misc/debuggers
Searching for files in directory /Users/mike/CLionProjects/luisa/src/ext/imgui/misc/cpp
Searching for files in directory /Users/mike/CLionProjects/luisa/src/ext/imgui/misc/fonts
Searching for files in directory /Users/mike/CLionProjects/luisa/src/ext/imgui/backends
Searching for files in directory /Users/mike/CLionProjects/luisa/src/ext/imgui/backends/sdlgpu3
Searching for files in directory /Users/mike/CLionProjects/luisa/src/ext/imgui/backends/vulkan
Searching for files in directory /Users/mike/CLionProjects/luisa/src/ext/imgui/docs
Searching for files in directory /Users/mike/CLionProjects/luisa/src/ext/imgui/examples
Searching for files in directory /Users/mike/CLionProjects/luisa/src/ext/imgui/examples/example_glfw_opengl2
Searching for files in directory /Users/mike/CLionProjects/luisa/src/ext/imgui/examples/example_null
Searching for files in directory /Users/mike/CLionProjects/luisa/src/ext/imgui/examples/example_glfw_opengl3
Searching for files in directory /Users/mike/CLionProjects/luisa/src/ext/imgui/examples/example_glut_opengl2
Searching for files in directory /Users/mike/CLionProjects/luisa/src/ext/imgui/examples/example_sdl2_vulkan
Searching for files in directory /Users/mike/CLionProjects/luisa/src/ext/imgui/examples/example_sdl3_metal
Searching for files in directory /Users/mike/CLionProjects/luisa/src/ext/imgui/examples/example_win32_directx9
Searching for files in directory /Users/mike/CLionProjects/luisa/src/ext/imgui/examples/example_glfw_vulkan
Searching for files in directory /Users/mike/CLionProjects/luisa/src/ext/imgui/examples/example_win32_opengl3
Searching for files in directory /Users/mike/CLionProjects/luisa/src/ext/imgui/examples/example_glfw_wgpu
Searching for files in directory /Users/mike/CLionProjects/luisa/src/ext/imgui/examples/example_allegro5
Searching for files in directory /Users/mike/CLionProjects/luisa/src/ext/imgui/examples/example_qnx_opengl3
Searching for files in directory /Users/mike/CLionProjects/luisa/src/ext/imgui/examples/example_qnx_opengl3/nto
Searching for files in directory /Users/mike/CLionProjects/luisa/src/ext/imgui/examples/example_qnx_opengl3/nto/aarch64
Searching for files in directory /Users/mike/CLionProjects/luisa/src/ext/imgui/examples/example_qnx_opengl3/nto/aarch64/o.le
Searching for files in directory /Users/mike/CLionProjects/luisa/src/ext/imgui/examples/example_qnx_opengl3/nto/x86_64
Searching for files in directory /Users/mike/CLionProjects/luisa/src/ext/imgui/examples/example_qnx_opengl3/nto/x86_64/o
Searching for files in directory /Users/mike/CLionProjects/luisa/src/ext/imgui/examples/example_win32_directx10
Searching for files in directory /Users/mike/CLionProjects/luisa/src/ext/imgui/examples/example_sdl2_metal
Searching for files in directory /Users/mike/CLionProjects/luisa/src/ext/imgui/examples/example_glfw_metal
Searching for files in directory /Users/mike/CLionProjects/luisa/src/ext/imgui/examples/example_win32_vulkan
Searching for files in directory /Users/mike/CLionProjects/luisa/src/ext/imgui/examples/example_win32_directx11
Searching for files in directory /Users/mike/CLionProjects/luisa/src/ext/imgui/examples/example_apple_metal4
Searching for files in directory /Users/mike/CLionProjects/luisa/src/ext/imgui/examples/example_apple_metal4/macOS
Searching for files in directory /Users/mike/CLionProjects/luisa/src/ext/imgui/examples/example_apple_metal4/iOS
Searching for files in directory /Users/mike/CLionProjects/luisa/src/ext/imgui/examples/example_apple_metal4/example_apple_metal4.xcodeproj
Searching for files in directory /Users/mike/CLionProjects/luisa/src/ext/imgui/examples/example_sdl3_wgpu
Searching for files in directory /Users/mike/CLionProjects/luisa/src/ext/imgui/examples/libs
Searching for files in directory /Users/mike/CLionProjects/luisa/src/ext/imgui/examples/libs/usynergy
Searching for files in directory /Users/mike/CLionProjects/luisa/src/ext/imgui/examples/libs/emscripten
Searching for files in directory /Users/mike/CLionProjects/luisa/src/ext/imgui/examples/libs/glfw
Searching for files in directory /Users/mike/CLionProjects/luisa/src/ext/imgui/examples/libs/glfw/lib-vc2010-64
Searching for files in directory /Users/mike/CLionProjects/luisa/src/ext/imgui/examples/libs/glfw/include
Searching for files in directory /Users/mike/CLionProjects/luisa/src/ext/imgui/examples/libs/glfw/include/GLFW
Searching for files in directory /Users/mike/CLionProjects/luisa/src/ext/imgui/examples/libs/glfw/lib-vc2010-32
Searching for files in directory /Users/mike/CLionProjects/luisa/src/ext/imgui/examples/example_apple_opengl2
Searching for files in directory /Users/mike/CLionProjects/luisa/src/ext/imgui/examples/example_apple_opengl2/example_apple_opengl2.xcodeproj
Searching for files in directory /Users/mike/CLionProjects/luisa/src/ext/imgui/examples/example_sdl2_opengl2
Searching for files in directory /Users/mike/CLionProjects/luisa/src/ext/imgui/examples/example_apple_opengl3
Searching for files in directory /Users/mike/CLionProjects/luisa/src/ext/imgui/examples/example_apple_opengl3/example_apple_opengl3.xcodeproj
Searching for files in directory /Users/mike/CLionProjects/luisa/src/ext/imgui/examples/example_sdl2_opengl3
Searching for files in directory /Users/mike/CLionProjects/luisa/src/ext/imgui/examples/example_sdl2_directx11
Searching for files in directory /Users/mike/CLionProjects/luisa/src/ext/imgui/examples/example_sdl3_metal4
Searching for files in directory /Users/mike/CLionProjects/luisa/src/ext/imgui/examples/example_sdl3_opengl3
Searching for files in directory /Users/mike/CLionProjects/luisa/src/ext/imgui/examples/example_sdl3_sdlgpu3
Searching for files in directory /Users/mike/CLionProjects/luisa/src/ext/imgui/examples/example_sdl3_vulkan
Searching for files in directory /Users/mike/CLionProjects/luisa/src/ext/imgui/examples/example_sdl2_wgpu
Searching for files in directory /Users/mike/CLionProjects/luisa/src/ext/imgui/examples/example_android_opengl3
Searching for files in directory /Users/mike/CLionProjects/luisa/src/ext/imgui/examples/example_android_opengl3/android
Searching for files in directory /Users/mike/CLionProjects/luisa/src/ext/imgui/examples/example_android_opengl3/android/app
Searching for files in directory /Users/mike/CLionProjects/luisa/src/ext/imgui/examples/example_android_opengl3/android/app/src
Searching for files in directory /Users/mike/CLionProjects/luisa/src/ext/imgui/examples/example_android_opengl3/android/app/src/main
Searching for files in directory /Users/mike/CLionProjects/luisa/src/ext/imgui/examples/example_android_opengl3/android/app/src/main/java
Searching for files in directory /Users/mike/CLionProjects/luisa/src/ext/imgui/examples/example_android_opengl3/android/gradle
Searching for files in directory /Users/mike/CLionProjects/luisa/src/ext/imgui/examples/example_apple_metal
Searching for files in directory /Users/mike/CLionProjects/luisa/src/ext/imgui/examples/example_apple_metal/macOS
Searching for files in directory /Users/mike/CLionProjects/luisa/src/ext/imgui/examples/example_apple_metal/example_apple_metal.xcodeproj
Searching for files in directory /Users/mike/CLionProjects/luisa/src/ext/imgui/examples/example_apple_metal/iOS
Searching for files in directory /Users/mike/CLionProjects/luisa/src/ext/imgui/examples/example_sdl2_sdlrenderer2
Searching for files in directory /Users/mike/CLionProjects/luisa/src/ext/imgui/examples/example_sdl3_directx11
Searching for files in directory /Users/mike/CLionProjects/luisa/src/ext/imgui/examples/example_sdl3_sdlrenderer3
Searching for files in directory /Users/mike/CLionProjects/luisa/src/ext/imgui/examples/example_win32_directx12
Searching for files in directory /Users/mike/CLionProjects/luisa/src/ext/imgui/examples/example_qnx_vulkan
Searching for files in directory /Users/mike/CLionProjects/luisa/src/ext/imgui/examples/example_qnx_vulkan/nto
Searching for files in directory /Users/mike/CLionProjects/luisa/src/ext/imgui/examples/example_qnx_vulkan/nto/aarch64
Searching for files in directory /Users/mike/CLionProjects/luisa/src/ext/imgui/examples/example_qnx_vulkan/nto/aarch64/o.le
Searching for files in directory /Users/mike/CLionProjects/luisa/src/ext/imgui/examples/example_qnx_vulkan/nto/x86_64
Searching for files in directory /Users/mike/CLionProjects/luisa/src/ext/imgui/examples/example_qnx_vulkan/nto/x86_64/o
Searching for files in directory /Users/mike/CLionProjects/luisa/src/ext/llvm-downgrade
Searching for files in directory /Users/mike/CLionProjects/luisa/src/ext/llvm-downgrade/tools
Searching for files in directory /Users/mike/CLionProjects/luisa/src/ext/llvm-downgrade/test
Searching for files in directory /Users/mike/CLionProjects/luisa/src/ext/llvm-downgrade/test/integration
Searching for files in directory /Users/mike/CLionProjects/luisa/src/ext/llvm-downgrade/test/tests
Searching for files in directory /Users/mike/CLionProjects/luisa/src/ext/llvm-downgrade/include
Searching for files in directory /Users/mike/CLionProjects/luisa/src/ext/llvm-downgrade/include/llvm
Searching for files in directory /Users/mike/CLionProjects/luisa/src/ext/llvm-downgrade/include/llvm/IR
Searching for files in directory /Users/mike/CLionProjects/luisa/src/ext/llvm-downgrade/include/llvm/Bitcode
Searching for files in directory /Users/mike/CLionProjects/luisa/src/ext/llvm-downgrade/common
Searching for files in directory /Users/mike/CLionProjects/luisa/src/ext/llvm-downgrade/src
Searching for files in directory /Users/mike/CLionProjects/luisa/src/ext/marl
Searching for files in directory /Users/mike/CLionProjects/luisa/src/ext/marl/benchmark
Searching for files in directory /Users/mike/CLionProjects/luisa/src/ext/marl/include
Searching for files in directory /Users/mike/CLionProjects/luisa/src/ext/marl/include/marl
Searching for files in directory /Users/mike/CLionProjects/luisa/src/ext/marl/src
Searching for files in directory /Users/mike/CLionProjects/luisa/src/ext/half
Searching for files in directory /Users/mike/CLionProjects/luisa/src/ext/half/include
Searching for files in directory /Users/mike/CLionProjects/luisa/src/ext/liblmdb
Searching for files in directory /Users/mike/CLionProjects/luisa/src/ext/glslang
Searching for files in directory /Users/mike/CLionProjects/luisa/src/ext/glslang/ndk_test
Searching for files in directory /Users/mike/CLionProjects/luisa/src/ext/glslang/ndk_test/jni
Searching for files in directory /Users/mike/CLionProjects/luisa/src/ext/glslang/Test
Searching for files in directory /Users/mike/CLionProjects/luisa/src/ext/glslang/Test/inc1
Searching for files in directory /Users/mike/CLionProjects/luisa/src/ext/glslang/Test/inc1/path1
Searching for files in directory /Users/mike/CLionProjects/luisa/src/ext/glslang/Test/inc1/path2
Searching for files in directory /Users/mike/CLionProjects/luisa/src/ext/glslang/Test/find_package
Searching for files in directory /Users/mike/CLionProjects/luisa/src/ext/glslang/Test/inc2
Searching for files in directory /Users/mike/CLionProjects/luisa/src/ext/glslang/Test/baseLegalResults
Searching for files in directory /Users/mike/CLionProjects/luisa/src/ext/glslang/Test/baseResults
Searching for files in directory /Users/mike/CLionProjects/luisa/src/ext/glslang/StandAlone
Searching for files in directory /Users/mike/CLionProjects/luisa/src/ext/glslang/SPIRV
Searching for files in directory /Users/mike/CLionProjects/luisa/src/ext/glslang/SPIRV/CInterface
Searching for files in directory /Users/mike/CLionProjects/luisa/src/ext/glslang/glslang
Searching for files in directory /Users/mike/CLionProjects/luisa/src/ext/glslang/glslang/OSDependent
Searching for files in directory /Users/mike/CLionProjects/luisa/src/ext/glslang/glslang/OSDependent/Web
Searching for files in directory /Users/mike/CLionProjects/luisa/src/ext/glslang/glslang/OSDependent/Unix
Searching for files in directory /Users/mike/CLionProjects/luisa/src/ext/glslang/glslang/OSDependent/Windows
Searching for files in directory /Users/mike/CLionProjects/luisa/src/ext/glslang/glslang/CInterface
Searching for files in directory /Users/mike/CLionProjects/luisa/src/ext/glslang/glslang/Include
Searching for files in directory /Users/mike/CLionProjects/luisa/src/ext/glslang/glslang/MachineIndependent
Searching for files in directory /Users/mike/CLionProjects/luisa/src/ext/glslang/glslang/MachineIndependent/preprocessor
Searching for files in directory /Users/mike/CLionProjects/luisa/src/ext/glslang/glslang/ResourceLimits
Searching for files in directory /Users/mike/CLionProjects/luisa/src/ext/glslang/glslang/Public
Searching for files in directory /Users/mike/CLionProjects/luisa/src/ext/glslang/glslang/ExtensionHeaders
Searching for files in directory /Users/mike/CLionProjects/luisa/src/ext/glslang/glslang/HLSL
Searching for files in directory /Users/mike/CLionProjects/luisa/src/ext/glslang/glslang/GenericCodeGen
Searching for files in directory /Users/mike/CLionProjects/luisa/src/ext/glslang/build_overrides
Searching for files in directory /Users/mike/CLionProjects/luisa/src/ext/glslang/External
Searching for files in directory /Users/mike/CLionProjects/luisa/src/ext/glslang/kokoro
Searching for files in directory /Users/mike/CLionProjects/luisa/src/ext/glslang/kokoro/license-check
Searching for files in directory /Users/mike/CLionProjects/luisa/src/ext/glslang/kokoro/linux-clang-cmake-nohlsl
Searching for files in directory /Users/mike/CLionProjects/luisa/src/ext/glslang/kokoro/linux-clang-cmake-nohlsl/shared
Searching for files in directory /Users/mike/CLionProjects/luisa/src/ext/glslang/kokoro/linux-clang-cmake-nohlsl/static
Searching for files in directory /Users/mike/CLionProjects/luisa/src/ext/glslang/kokoro/android-ndk-build-nohlsl
Searching for files in directory /Users/mike/CLionProjects/luisa/src/ext/glslang/kokoro/linux-gcc-cmake
Searching for files in directory /Users/mike/CLionProjects/luisa/src/ext/glslang/kokoro/linux-gcc-cmake/shared
Searching for files in directory /Users/mike/CLionProjects/luisa/src/ext/glslang/kokoro/linux-gcc-cmake/static
Searching for files in directory /Users/mike/CLionProjects/luisa/src/ext/glslang/kokoro/linux-clang-gn
Searching for files in directory /Users/mike/CLionProjects/luisa/src/ext/glslang/kokoro/android-ndk-build
Searching for files in directory /Users/mike/CLionProjects/luisa/src/ext/glslang/kokoro/linux-clang-cmake
Searching for files in directory /Users/mike/CLionProjects/luisa/src/ext/glslang/kokoro/linux-clang-cmake/shared
Searching for files in directory /Users/mike/CLionProjects/luisa/src/ext/glslang/kokoro/linux-clang-cmake/static
Searching for files in directory /Users/mike/CLionProjects/luisa/src/ext/glslang/gtests
Searching for files in directory /Users/mike/CLionProjects/luisa/src/ext/stb
Searching for files in directory /Users/mike/CLionProjects/luisa/src/ext/stb/stb
Searching for files in directory /Users/mike/CLionProjects/luisa/src/ext/stb/stb/stb_image_resize_test
Searching for files in directory /Users/mike/CLionProjects/luisa/src/ext/stb/stb/tools
Searching for files in directory /Users/mike/CLionProjects/luisa/src/ext/stb/stb/tools/unicode
Searching for files in directory /Users/mike/CLionProjects/luisa/src/ext/stb/stb/tests
Searching for files in directory /Users/mike/CLionProjects/luisa/src/ext/stb/stb/tests/vorbseek
Searching for files in directory /Users/mike/CLionProjects/luisa/src/ext/stb/stb/tests/sdf
Searching for files in directory /Users/mike/CLionProjects/luisa/src/ext/stb/stb/tests/pngsuite
Searching for files in directory /Users/mike/CLionProjects/luisa/src/ext/stb/stb/tests/pngsuite/unused
Searching for files in directory /Users/mike/CLionProjects/luisa/src/ext/stb/stb/tests/pngsuite/corrupt
Searching for files in directory /Users/mike/CLionProjects/luisa/src/ext/stb/stb/tests/pngsuite/16bit
Searching for files in directory /Users/mike/CLionProjects/luisa/src/ext/stb/stb/tests/pngsuite/primary_check
Searching for files in directory /Users/mike/CLionProjects/luisa/src/ext/stb/stb/tests/pngsuite/iphone
Searching for files in directory /Users/mike/CLionProjects/luisa/src/ext/stb/stb/tests/pngsuite/primary
Searching for files in directory /Users/mike/CLionProjects/luisa/src/ext/stb/stb/tests/pbm
Searching for files in directory /Users/mike/CLionProjects/luisa/src/ext/stb/stb/tests/caveview
Searching for files in directory /Users/mike/CLionProjects/luisa/src/ext/stb/stb/tests/caveview/win32
Searching for files in directory /Users/mike/CLionProjects/luisa/src/ext/stb/stb/tests/oversample
Searching for files in directory /Users/mike/CLionProjects/luisa/src/ext/stb/stb/tests/pg_test
Searching for files in directory /Users/mike/CLionProjects/luisa/src/ext/stb/stb/tests/prerelease
Searching for files in directory /Users/mike/CLionProjects/luisa/src/ext/stb/stb/docs
Searching for files in directory /Users/mike/CLionProjects/luisa/src/ext/stb/stb/data
Searching for files in directory /Users/mike/CLionProjects/luisa/src/ext/stb/stb/data/herringbone
Searching for files in directory /Users/mike/CLionProjects/luisa/src/ext/stb/stb/deprecated
Searching for files in directory /Users/mike/CLionProjects/luisa/src/ext/spdlog
Searching for files in directory /Users/mike/CLionProjects/luisa/src/ext/spdlog/bench
Searching for files in directory /Users/mike/CLionProjects/luisa/src/ext/spdlog/cmake
Searching for files in directory /Users/mike/CLionProjects/luisa/src/ext/spdlog/example
Searching for files in directory /Users/mike/CLionProjects/luisa/src/ext/spdlog/include
Searching for files in directory /Users/mike/CLionProjects/luisa/src/ext/spdlog/include/spdlog
Searching for files in directory /Users/mike/CLionProjects/luisa/src/ext/spdlog/include/spdlog/fmt
Searching for files in directory /Users/mike/CLionProjects/luisa/src/ext/spdlog/include/spdlog/fmt/bundled
Searching for files in directory /Users/mike/CLionProjects/luisa/src/ext/spdlog/include/spdlog/sinks
Searching for files in directory /Users/mike/CLionProjects/luisa/src/ext/spdlog/include/spdlog/details
Searching for files in directory /Users/mike/CLionProjects/luisa/src/ext/spdlog/include/spdlog/cfg
Searching for files in directory /Users/mike/CLionProjects/luisa/src/ext/spdlog/tests
Searching for files in directory /Users/mike/CLionProjects/luisa/src/ext/spdlog/logos
Searching for files in directory /Users/mike/CLionProjects/luisa/src/ext/spdlog/scripts
Searching for files in directory /Users/mike/CLionProjects/luisa/src/ext/spdlog/src
Searching for files in directory /Users/mike/CLionProjects/luisa/src/ext/magic_enum
Searching for files in directory /Users/mike/CLionProjects/luisa/src/ext/magic_enum/test
Searching for files in directory /Users/mike/CLionProjects/luisa/src/ext/magic_enum/test/3rdparty
Searching for files in directory /Users/mike/CLionProjects/luisa/src/ext/magic_enum/test/3rdparty/doctest
Searching for files in directory /Users/mike/CLionProjects/luisa/src/ext/magic_enum/test/installed_module
Searching for files in directory /Users/mike/CLionProjects/luisa/src/ext/magic_enum/cmake
Searching for files in directory /Users/mike/CLionProjects/luisa/src/ext/magic_enum/cmake/GenPkgConfig
Searching for files in directory /Users/mike/CLionProjects/luisa/src/ext/magic_enum/cmake/GenPkgConfig/buildTimeScripts
Searching for files in directory /Users/mike/CLionProjects/luisa/src/ext/magic_enum/example
Searching for files in directory /Users/mike/CLionProjects/luisa/src/ext/magic_enum/module
Searching for files in directory /Users/mike/CLionProjects/luisa/src/ext/magic_enum/include
Searching for files in directory /Users/mike/CLionProjects/luisa/src/ext/magic_enum/include/magic_enum
Searching for files in directory /Users/mike/CLionProjects/luisa/src/ext/magic_enum/doc
Searching for files in directory /Users/mike/CLionProjects/luisa/src/ext/BTree
Searching for files in directory /Users/mike/CLionProjects/luisa/src/ext/BTree/test
Searching for files in directory /Users/mike/CLionProjects/luisa/src/ext/BTree/cmake
Searching for files in directory /Users/mike/CLionProjects/luisa/src/ext/BTree/cmake/modules
Searching for files in directory /Users/mike/CLionProjects/luisa/src/ext/BTree/include
Searching for files in directory /Users/mike/CLionProjects/luisa/src/ext/BTree/include/fc
Searching for files in directory /Users/mike/CLionProjects/luisa/src/ext/spirv-headers
Searching for files in directory /Users/mike/CLionProjects/luisa/src/ext/spirv-headers/tools
Searching for files in directory /Users/mike/CLionProjects/luisa/src/ext/spirv-headers/tools/check_grammar
Searching for files in directory /Users/mike/CLionProjects/luisa/src/ext/spirv-headers/tools/buildHeaders
Searching for files in directory /Users/mike/CLionProjects/luisa/src/ext/spirv-headers/tools/buildHeaders/jsoncpp
Searching for files in directory /Users/mike/CLionProjects/luisa/src/ext/spirv-headers/tools/buildHeaders/jsoncpp/dist
Searching for files in directory /Users/mike/CLionProjects/luisa/src/ext/spirv-headers/tools/buildHeaders/jsoncpp/dist/json
Searching for files in directory /Users/mike/CLionProjects/luisa/src/ext/spirv-headers/tools/buildHeaders/bin
Searching for files in directory /Users/mike/CLionProjects/luisa/src/ext/spirv-headers/cmake
Searching for files in directory /Users/mike/CLionProjects/luisa/src/ext/spirv-headers/LICENSES
Searching for files in directory /Users/mike/CLionProjects/luisa/src/ext/spirv-headers/include
Searching for files in directory /Users/mike/CLionProjects/luisa/src/ext/spirv-headers/include/spirv
Searching for files in directory /Users/mike/CLionProjects/luisa/src/ext/spirv-headers/include/spirv/1.0
Searching for files in directory /Users/mike/CLionProjects/luisa/src/ext/spirv-headers/include/spirv/1.1
Searching for files in directory /Users/mike/CLionProjects/luisa/src/ext/spirv-headers/include/spirv/1.2
Searching for files in directory /Users/mike/CLionProjects/luisa/src/ext/spirv-headers/include/spirv/unified1
Searching for files in directory /Users/mike/CLionProjects/luisa/src/ext/spirv-headers/include/spirv/unified1/org
Searching for files in directory /Users/mike/CLionProjects/luisa/src/ext/spirv-headers/include/spirv/unified1/org/khronos
Searching for files in directory /Users/mike/CLionProjects/luisa/src/ext/spirv-headers/include/spirv/unified1/org/khronos/spv
Searching for files in directory /Users/mike/CLionProjects/luisa/src/ext/spirv-headers/tests
Searching for files in directory /Users/mike/CLionProjects/luisa/src/ext/spirv-headers/tests/find_package
Searching for files in directory /Users/mike/CLionProjects/luisa/src/ext/spirv-headers/tests/pkg_config
Searching for files in directory /Users/mike/CLionProjects/luisa/src/ext/xxHash
Searching for files in directory /Users/mike/CLionProjects/luisa/src/ext/xxHash/tests
Searching for files in directory /Users/mike/CLionProjects/luisa/src/ext/xxHash/tests/bench
Searching for files in directory /Users/mike/CLionProjects/luisa/src/ext/xxHash/tests/collisions
Searching for files in directory /Users/mike/CLionProjects/luisa/src/ext/xxHash/tests/collisions/allcodecs
Searching for files in directory /Users/mike/CLionProjects/luisa/src/ext/xxHash/cli
Searching for files in directory /Users/mike/CLionProjects/luisa/src/ext/xxHash/doc
Searching for files in directory /Users/mike/CLionProjects/luisa/src/ext/xxHash/fuzz
Searching for files in directory /Users/mike/CLionProjects/luisa/src/ext/xxHash/build
Searching for files in directory /Users/mike/CLionProjects/luisa/src/ext/xxHash/build/cmake
Searching for files in directory /Users/mike/CLionProjects/luisa/src/ext/xxHash/build/make
Searching for files in directory /Users/mike/CLionProjects/luisa/src/ext/glfw
Searching for files in directory /Users/mike/CLionProjects/luisa/src/ext/glfw/CMake
Searching for files in directory /Users/mike/CLionProjects/luisa/src/ext/glfw/CMake/modules
Searching for files in directory /Users/mike/CLionProjects/luisa/src/ext/glfw/include
Searching for files in directory /Users/mike/CLionProjects/luisa/src/ext/glfw/include/GLFW
Searching for files in directory /Users/mike/CLionProjects/luisa/src/ext/glfw/tests
Searching for files in directory /Users/mike/CLionProjects/luisa/src/ext/glfw/docs
Searching for files in directory /Users/mike/CLionProjects/luisa/src/ext/glfw/examples
Searching for files in directory /Users/mike/CLionProjects/luisa/src/ext/glfw/deps
Searching for files in directory /Users/mike/CLionProjects/luisa/src/ext/glfw/deps/wayland
Searching for files in directory /Users/mike/CLionProjects/luisa/src/ext/glfw/deps/glad
Searching for files in directory /Users/mike/CLionProjects/luisa/src/ext/glfw/src
Searching for files in directory /Users/mike/CLionProjects/luisa/src/ext/HIPRT
Searching for files in directory /Users/mike/CLionProjects/luisa/src/ext/HIPRT/tools
Searching for files in directory /Users/mike/CLionProjects/luisa/src/ext/HIPRT/tools/premake5
Searching for files in directory /Users/mike/CLionProjects/luisa/src/ext/HIPRT/tools/premake5/osx
Searching for files in directory /Users/mike/CLionProjects/luisa/src/ext/HIPRT/tools/premake5/win
Searching for files in directory /Users/mike/CLionProjects/luisa/src/ext/HIPRT/tools/premake5/linux64
Searching for files in directory /Users/mike/CLionProjects/luisa/src/ext/HIPRT/test
Searching for files in directory /Users/mike/CLionProjects/luisa/src/ext/HIPRT/test/kernels
Searching for files in directory /Users/mike/CLionProjects/luisa/src/ext/HIPRT/test/bitcodes
Searching for files in directory /Users/mike/CLionProjects/luisa/src/ext/HIPRT/test/references
Searching for files in directory /Users/mike/CLionProjects/luisa/src/ext/HIPRT/test/common
Searching for files in directory /Users/mike/CLionProjects/luisa/src/ext/HIPRT/test/common/meshes
Searching for files in directory /Users/mike/CLionProjects/luisa/src/ext/HIPRT/test/common/meshes/cornellbox
Searching for files in directory /Users/mike/CLionProjects/luisa/src/ext/HIPRT/contrib
Searching for files in directory /Users/mike/CLionProjects/luisa/src/ext/HIPRT/contrib/cpp20
Searching for files in directory /Users/mike/CLionProjects/luisa/src/ext/HIPRT/contrib/embree
Searching for files in directory /Users/mike/CLionProjects/luisa/src/ext/HIPRT/contrib/embree/win
Searching for files in directory /Users/mike/CLionProjects/luisa/src/ext/HIPRT/contrib/embree/include
Searching for files in directory /Users/mike/CLionProjects/luisa/src/ext/HIPRT/contrib/embree/include/embree4
Searching for files in directory /Users/mike/CLionProjects/luisa/src/ext/HIPRT/contrib/embree/linux
Searching for files in directory /Users/mike/CLionProjects/luisa/src/ext/HIPRT/contrib/argparse
Searching for files in directory /Users/mike/CLionProjects/luisa/src/ext/HIPRT/contrib/gtest-1.6.0
Searching for files in directory /Users/mike/CLionProjects/luisa/src/ext/HIPRT/contrib/gtest-1.6.0/gtest
Searching for files in directory /Users/mike/CLionProjects/luisa/src/ext/HIPRT/contrib/gtest-1.6.0/gtest/internal
Searching for files in directory /Users/mike/CLionProjects/luisa/src/ext/HIPRT/contrib/stbi
Searching for files in directory /Users/mike/CLionProjects/luisa/src/ext/HIPRT/contrib/zstd
Searching for files in directory /Users/mike/CLionProjects/luisa/src/ext/HIPRT/contrib/zstd/zlibWrapper
Searching for files in directory /Users/mike/CLionProjects/luisa/src/ext/HIPRT/contrib/zstd/zlibWrapper/examples
Searching for files in directory /Users/mike/CLionProjects/luisa/src/ext/HIPRT/contrib/zstd/tests
Searching for files in directory /Users/mike/CLionProjects/luisa/src/ext/HIPRT/contrib/zstd/tests/golden-decompression-errors
Searching for files in directory /Users/mike/CLionProjects/luisa/src/ext/HIPRT/contrib/zstd/tests/golden-decompression
Searching for files in directory /Users/mike/CLionProjects/luisa/src/ext/HIPRT/contrib/zstd/tests/gzip
Searching for files in directory /Users/mike/CLionProjects/luisa/src/ext/HIPRT/contrib/zstd/tests/golden-compression
Searching for files in directory /Users/mike/CLionProjects/luisa/src/ext/HIPRT/contrib/zstd/tests/dict-files
Searching for files in directory /Users/mike/CLionProjects/luisa/src/ext/HIPRT/contrib/zstd/tests/fuzz
Searching for files in directory /Users/mike/CLionProjects/luisa/src/ext/HIPRT/contrib/zstd/tests/fuzz/seq_prod_fuzz_example
Searching for files in directory /Users/mike/CLionProjects/luisa/src/ext/HIPRT/contrib/zstd/tests/cli-tests
Searching for files in directory /Users/mike/CLionProjects/luisa/src/ext/HIPRT/contrib/zstd/tests/cli-tests/decompression
Searching for files in directory /Users/mike/CLionProjects/luisa/src/ext/HIPRT/contrib/zstd/tests/cli-tests/progress
Searching for files in directory /Users/mike/CLionProjects/luisa/src/ext/HIPRT/contrib/zstd/tests/cli-tests/bin
Searching for files in directory /Users/mike/CLionProjects/luisa/src/ext/HIPRT/contrib/zstd/tests/cli-tests/determinism
Searching for files in directory /Users/mike/CLionProjects/luisa/src/ext/HIPRT/contrib/zstd/tests/cli-tests/file-stat
Searching for files in directory /Users/mike/CLionProjects/luisa/src/ext/HIPRT/contrib/zstd/tests/cli-tests/zstd-symlinks
Searching for files in directory /Users/mike/CLionProjects/luisa/src/ext/HIPRT/contrib/zstd/tests/cli-tests/basic
Searching for files in directory /Users/mike/CLionProjects/luisa/src/ext/HIPRT/contrib/zstd/tests/cli-tests/cltools
Searching for files in directory /Users/mike/CLionProjects/luisa/src/ext/HIPRT/contrib/zstd/tests/cli-tests/common
Searching for files in directory /Users/mike/CLionProjects/luisa/src/ext/HIPRT/contrib/zstd/tests/cli-tests/file-handling
Searching for files in directory /Users/mike/CLionProjects/luisa/src/ext/HIPRT/contrib/zstd/tests/cli-tests/compression
Searching for files in directory /Users/mike/CLionProjects/luisa/src/ext/HIPRT/contrib/zstd/tests/cli-tests/dictionaries
Searching for files in directory /Users/mike/CLionProjects/luisa/src/ext/HIPRT/contrib/zstd/tests/cli-tests/dict-builder
Searching for files in directory /Users/mike/CLionProjects/luisa/src/ext/HIPRT/contrib/zstd/tests/regression
Searching for files in directory /Users/mike/CLionProjects/luisa/src/ext/HIPRT/contrib/zstd/tests/golden-dictionaries
Searching for files in directory /Users/mike/CLionProjects/luisa/src/ext/HIPRT/contrib/zstd/contrib
Searching for files in directory /Users/mike/CLionProjects/luisa/src/ext/HIPRT/contrib/zstd/contrib/pzstd
Searching for files in directory /Users/mike/CLionProjects/luisa/src/ext/HIPRT/contrib/zstd/contrib/pzstd/test
Searching for files in directory /Users/mike/CLionProjects/luisa/src/ext/HIPRT/contrib/zstd/contrib/pzstd/utils
Searching for files in directory /Users/mike/CLionProjects/luisa/src/ext/HIPRT/contrib/zstd/contrib/pzstd/utils/test
Searching for files in directory /Users/mike/CLionProjects/luisa/src/ext/HIPRT/contrib/zstd/contrib/docker
Searching for files in directory /Users/mike/CLionProjects/luisa/src/ext/HIPRT/contrib/zstd/contrib/linux-kernel
Searching for files in directory /Users/mike/CLionProjects/luisa/src/ext/HIPRT/contrib/zstd/contrib/linux-kernel/test
Searching for files in directory /Users/mike/CLionProjects/luisa/src/ext/HIPRT/contrib/zstd/contrib/linux-kernel/test/include
Searching for files in directory /Users/mike/CLionProjects/luisa/src/ext/HIPRT/contrib/zstd/contrib/linux-kernel/test/include/linux
Searching for files in directory /Users/mike/CLionProjects/luisa/src/ext/HIPRT/contrib/zstd/contrib/recovery
Searching for files in directory /Users/mike/CLionProjects/luisa/src/ext/HIPRT/contrib/zstd/contrib/freestanding_lib
Searching for files in directory /Users/mike/CLionProjects/luisa/src/ext/HIPRT/contrib/zstd/contrib/match_finders
Searching for files in directory /Users/mike/CLionProjects/luisa/src/ext/HIPRT/contrib/zstd/contrib/seqBench
Searching for files in directory /Users/mike/CLionProjects/luisa/src/ext/HIPRT/contrib/zstd/contrib/VS2005
Searching for files in directory /Users/mike/CLionProjects/luisa/src/ext/HIPRT/contrib/zstd/contrib/VS2005/zstdlib
Searching for files in directory /Users/mike/CLionProjects/luisa/src/ext/HIPRT/contrib/zstd/contrib/VS2005/fuzzer
Searching for files in directory /Users/mike/CLionProjects/luisa/src/ext/HIPRT/contrib/zstd/contrib/VS2005/fullbench
Searching for files in directory /Users/mike/CLionProjects/luisa/src/ext/HIPRT/contrib/zstd/contrib/VS2005/zstd
Searching for files in directory /Users/mike/CLionProjects/luisa/src/ext/HIPRT/contrib/zstd/contrib/gen_html
Searching for files in directory /Users/mike/CLionProjects/luisa/src/ext/HIPRT/contrib/zstd/contrib/seekable_format
Searching for files in directory /Users/mike/CLionProjects/luisa/src/ext/HIPRT/contrib/zstd/contrib/seekable_format/tests
Searching for files in directory /Users/mike/CLionProjects/luisa/src/ext/HIPRT/contrib/zstd/contrib/seekable_format/examples
Searching for files in directory /Users/mike/CLionProjects/luisa/src/ext/HIPRT/contrib/zstd/contrib/snap
Searching for files in directory /Users/mike/CLionProjects/luisa/src/ext/HIPRT/contrib/zstd/contrib/premake
Searching for files in directory /Users/mike/CLionProjects/luisa/src/ext/HIPRT/contrib/zstd/contrib/diagnose_corruption
Searching for files in directory /Users/mike/CLionProjects/luisa/src/ext/HIPRT/contrib/zstd/contrib/externalSequenceProducer
Searching for files in directory /Users/mike/CLionProjects/luisa/src/ext/HIPRT/contrib/zstd/contrib/largeNbDicts
Searching for files in directory /Users/mike/CLionProjects/luisa/src/ext/HIPRT/contrib/zstd/programs
Searching for files in directory /Users/mike/CLionProjects/luisa/src/ext/HIPRT/contrib/zstd/programs/windres
Searching for files in directory /Users/mike/CLionProjects/luisa/src/ext/HIPRT/contrib/zstd/examples
Searching for files in directory /Users/mike/CLionProjects/luisa/src/ext/HIPRT/contrib/zstd/lib
Searching for files in directory /Users/mike/CLionProjects/luisa/src/ext/HIPRT/contrib/zstd/lib/compress
Searching for files in directory /Users/mike/CLionProjects/luisa/src/ext/HIPRT/contrib/zstd/lib/dictBuilder
Searching for files in directory /Users/mike/CLionProjects/luisa/src/ext/HIPRT/contrib/zstd/lib/decompress
Searching for files in directory /Users/mike/CLionProjects/luisa/src/ext/HIPRT/contrib/zstd/lib/legacy
Searching for files in directory /Users/mike/CLionProjects/luisa/src/ext/HIPRT/contrib/zstd/lib/common
Searching for files in directory /Users/mike/CLionProjects/luisa/src/ext/HIPRT/contrib/zstd/lib/dll
Searching for files in directory /Users/mike/CLionProjects/luisa/src/ext/HIPRT/contrib/zstd/lib/dll/example
Searching for files in directory /Users/mike/CLionProjects/luisa/src/ext/HIPRT/contrib/zstd/lib/deprecated
Searching for files in directory /Users/mike/CLionProjects/luisa/src/ext/HIPRT/contrib/zstd/doc
Searching for files in directory /Users/mike/CLionProjects/luisa/src/ext/HIPRT/contrib/zstd/doc/educational_decoder
Searching for files in directory /Users/mike/CLionProjects/luisa/src/ext/HIPRT/contrib/Orochi
Searching for files in directory /Users/mike/CLionProjects/luisa/src/ext/HIPRT/contrib/Orochi/UnitTest
Searching for files in directory /Users/mike/CLionProjects/luisa/src/ext/HIPRT/contrib/Orochi/UnitTest/bitcodes
Searching for files in directory /Users/mike/CLionProjects/luisa/src/ext/HIPRT/contrib/Orochi/UnitTest/contrib
Searching for files in directory /Users/mike/CLionProjects/luisa/src/ext/HIPRT/contrib/Orochi/UnitTest/contrib/gtest-1.6.0
Searching for files in directory /Users/mike/CLionProjects/luisa/src/ext/HIPRT/contrib/Orochi/UnitTest/contrib/gtest-1.6.0/gtest
Searching for files in directory /Users/mike/CLionProjects/luisa/src/ext/HIPRT/contrib/Orochi/UnitTest/contrib/gtest-1.6.0/gtest/internal
Searching for files in directory /Users/mike/CLionProjects/luisa/src/ext/HIPRT/contrib/Orochi/UnitTest/contrib/stb
Searching for files in directory /Users/mike/CLionProjects/luisa/src/ext/HIPRT/contrib/Orochi/tools
Searching for files in directory /Users/mike/CLionProjects/luisa/src/ext/HIPRT/contrib/Orochi/tools/premake5
Searching for files in directory /Users/mike/CLionProjects/luisa/src/ext/HIPRT/contrib/Orochi/tools/premake5/osx
Searching for files in directory /Users/mike/CLionProjects/luisa/src/ext/HIPRT/contrib/Orochi/tools/premake5/win
Searching for files in directory /Users/mike/CLionProjects/luisa/src/ext/HIPRT/contrib/Orochi/tools/premake5/linux64
Searching for files in directory /Users/mike/CLionProjects/luisa/src/ext/HIPRT/contrib/Orochi/Test
Searching for files in directory /Users/mike/CLionProjects/luisa/src/ext/HIPRT/contrib/Orochi/Test/SimpleD3D12
Searching for files in directory /Users/mike/CLionProjects/luisa/src/ext/HIPRT/contrib/Orochi/Test/RadixSort
Searching for files in directory /Users/mike/CLionProjects/luisa/src/ext/HIPRT/contrib/Orochi/Test/DeviceEnum
Searching for files in directory /Users/mike/CLionProjects/luisa/src/ext/HIPRT/contrib/Orochi/Test/Texture
Searching for files in directory /Users/mike/CLionProjects/luisa/src/ext/HIPRT/contrib/Orochi/Test/VulkanComputeSimple
Searching for files in directory /Users/mike/CLionProjects/luisa/src/ext/HIPRT/contrib/Orochi/Test/VulkanComputeSimple/vk_video
Searching for files in directory /Users/mike/CLionProjects/luisa/src/ext/HIPRT/contrib/Orochi/Test/VulkanComputeSimple/vulkan
Searching for files in directory /Users/mike/CLionProjects/luisa/src/ext/HIPRT/contrib/Orochi/Test/WMMA
Searching for files in directory /Users/mike/CLionProjects/luisa/src/ext/HIPRT/contrib/Orochi/contrib
Searching for files in directory /Users/mike/CLionProjects/luisa/src/ext/HIPRT/contrib/Orochi/contrib/bin
Searching for files in directory /Users/mike/CLionProjects/luisa/src/ext/HIPRT/contrib/Orochi/contrib/bin/win64
Searching for files in directory /Users/mike/CLionProjects/luisa/src/ext/HIPRT/contrib/Orochi/contrib/cuew
Searching for files in directory /Users/mike/CLionProjects/luisa/src/ext/HIPRT/contrib/Orochi/contrib/cuew/include
Searching for files in directory /Users/mike/CLionProjects/luisa/src/ext/HIPRT/contrib/Orochi/contrib/cuew/src
Searching for files in directory /Users/mike/CLionProjects/luisa/src/ext/HIPRT/contrib/Orochi/contrib/hipew
Searching for files in directory /Users/mike/CLionProjects/luisa/src/ext/HIPRT/contrib/Orochi/contrib/hipew/include
Searching for files in directory /Users/mike/CLionProjects/luisa/src/ext/HIPRT/contrib/Orochi/contrib/hipew/src
Searching for files in directory /Users/mike/CLionProjects/luisa/src/ext/HIPRT/contrib/Orochi/scripts
Searching for files in directory /Users/mike/CLionProjects/luisa/src/ext/HIPRT/contrib/Orochi/Orochi
Searching for files in directory /Users/mike/CLionProjects/luisa/src/ext/HIPRT/contrib/Orochi/ParallelPrimitives
Searching for files in directory /Users/mike/CLionProjects/luisa/src/ext/HIPRT/contrib/Orochi/ParallelPrimitives/cache
Searching for files in directory /Users/mike/CLionProjects/luisa/src/ext/HIPRT/scripts
Searching for files in directory /Users/mike/CLionProjects/luisa/src/ext/HIPRT/scripts/bitcodes
Searching for files in directory /Users/mike/CLionProjects/luisa/src/ext/HIPRT/hiprt
Searching for files in directory /Users/mike/CLionProjects/luisa/src/ext/HIPRT/hiprt/impl
Searching for files in directory /Users/mike/CLionProjects/luisa/src/ext/HIPRT/hiprt/cache
Searching for files in directory /Users/mike/CLionProjects/luisa/src/ext/EASTL
Searching for files in directory /Users/mike/CLionProjects/luisa/src/ext/EASTL/include
Searching for files in directory /Users/mike/CLionProjects/luisa/src/ext/EASTL/include/EASTL
Searching for files in directory /Users/mike/CLionProjects/luisa/src/ext/EASTL/include/EASTL/bonus
Searching for files in directory /Users/mike/CLionProjects/luisa/src/ext/EASTL/include/EASTL/internal
Searching for files in directory /Users/mike/CLionProjects/luisa/src/ext/EASTL/include/EASTL/internal/atomic
Searching for files in directory /Users/mike/CLionProjects/luisa/src/ext/EASTL/include/EASTL/internal/atomic/atomic_macros
Searching for files in directory /Users/mike/CLionProjects/luisa/src/ext/EASTL/include/EASTL/internal/atomic/arch
Searching for files in directory /Users/mike/CLionProjects/luisa/src/ext/EASTL/include/EASTL/internal/atomic/arch/x86
Searching for files in directory /Users/mike/CLionProjects/luisa/src/ext/EASTL/include/EASTL/internal/atomic/arch/arm
Searching for files in directory /Users/mike/CLionProjects/luisa/src/ext/EASTL/include/EASTL/internal/atomic/compiler
Searching for files in directory /Users/mike/CLionProjects/luisa/src/ext/EASTL/include/EASTL/internal/atomic/compiler/msvc
Searching for files in directory /Users/mike/CLionProjects/luisa/src/ext/EASTL/include/EASTL/internal/atomic/compiler/gcc
Searching for files in directory /Users/mike/CLionProjects/luisa/src/ext/EASTL/source
Searching for files in directory /Users/mike/CLionProjects/luisa/src/ext/EASTL/scripts
Searching for files in directory /Users/mike/CLionProjects/luisa/src/ext/EASTL/scripts/CMake
Searching for files in directory /Users/mike/CLionProjects/luisa/src/ext/EASTL/packages
Searching for files in directory /Users/mike/CLionProjects/luisa/src/ext/EASTL/packages/EABase
Searching for files in directory /Users/mike/CLionProjects/luisa/src/ext/EASTL/packages/EABase/include
Searching for files in directory /Users/mike/CLionProjects/luisa/src/ext/EASTL/packages/EABase/include/Common
Searching for files in directory /Users/mike/CLionProjects/luisa/src/ext/EASTL/packages/EABase/include/Common/EABase
Searching for files in directory /Users/mike/CLionProjects/luisa/src/ext/EASTL/packages/EABase/include/Common/EABase/config
Searching for files in directory /Users/mike/CLionProjects/luisa/src/ext/EASTL/packages/mimalloc
Searching for files in directory /Users/mike/CLionProjects/luisa/src/ext/EASTL/packages/mimalloc/ide
Searching for files in directory /Users/mike/CLionProjects/luisa/src/ext/EASTL/packages/mimalloc/ide/vs2022
Searching for files in directory /Users/mike/CLionProjects/luisa/src/ext/EASTL/packages/mimalloc/test
Searching for files in directory /Users/mike/CLionProjects/luisa/src/ext/EASTL/packages/mimalloc/cmake
Searching for files in directory /Users/mike/CLionProjects/luisa/src/ext/EASTL/packages/mimalloc/bin
Searching for files in directory /Users/mike/CLionProjects/luisa/src/ext/EASTL/packages/mimalloc/include
Searching for files in directory /Users/mike/CLionProjects/luisa/src/ext/EASTL/packages/mimalloc/include/mimalloc
Searching for files in directory /Users/mike/CLionProjects/luisa/src/ext/EASTL/packages/mimalloc/docs
Searching for files in directory /Users/mike/CLionProjects/luisa/src/ext/EASTL/packages/mimalloc/docs/search
Searching for files in directory /Users/mike/CLionProjects/luisa/src/ext/EASTL/packages/mimalloc/contrib
Searching for files in directory /Users/mike/CLionProjects/luisa/src/ext/EASTL/packages/mimalloc/contrib/docker
Searching for files in directory /Users/mike/CLionProjects/luisa/src/ext/EASTL/packages/mimalloc/contrib/docker/manylinux-x64
Searching for files in directory /Users/mike/CLionProjects/luisa/src/ext/EASTL/packages/mimalloc/contrib/docker/alpine
Searching for files in directory /Users/mike/CLionProjects/luisa/src/ext/EASTL/packages/mimalloc/contrib/docker/alpine-x86
Searching for files in directory /Users/mike/CLionProjects/luisa/src/ext/EASTL/packages/mimalloc/contrib/docker/alpine-arm32v7
Searching for files in directory /Users/mike/CLionProjects/luisa/src/ext/EASTL/packages/mimalloc/contrib/vcpkg
Searching for files in directory /Users/mike/CLionProjects/luisa/src/ext/EASTL/packages/mimalloc/doc
Searching for files in directory /Users/mike/CLionProjects/luisa/src/ext/EASTL/packages/mimalloc/doc/bench-2021
Searching for files in directory /Users/mike/CLionProjects/luisa/src/ext/EASTL/packages/mimalloc/doc/bench-2020
Searching for files in directory /Users/mike/CLionProjects/luisa/src/ext/EASTL/packages/mimalloc/src
Searching for files in directory /Users/mike/CLionProjects/luisa/src/ext/EASTL/packages/mimalloc/src/prim
Searching for files in directory /Users/mike/CLionProjects/luisa/src/ext/EASTL/packages/mimalloc/src/prim/osx
Searching for files in directory /Users/mike/CLionProjects/luisa/src/ext/EASTL/packages/mimalloc/src/prim/unix
Searching for files in directory /Users/mike/CLionProjects/luisa/src/ext/EASTL/packages/mimalloc/src/prim/emscripten
Searching for files in directory /Users/mike/CLionProjects/luisa/src/ext/EASTL/packages/mimalloc/src/prim/wasi
Searching for files in directory /Users/mike/CLionProjects/luisa/src/ext/EASTL/packages/mimalloc/src/prim/windows
Searching for files in directory /Users/mike/CLionProjects/luisa/src/ext/EASTL/doc
Searching for files in directory /Users/mike/CLionProjects/luisa/src/runtime
Searching for files in directory /Users/mike/CLionProjects/luisa/src/runtime/rhi
Searching for files in directory /Users/mike/CLionProjects/luisa/src/runtime/rtx
Searching for files in directory /Users/mike/CLionProjects/luisa/src/runtime/raster
Searching for files in directory /Users/mike/CLionProjects/luisa/src/tests
Searching for files in directory /Users/mike/CLionProjects/luisa/src/tests/benchmark
Searching for files in directory /Users/mike/CLionProjects/luisa/src/tests/ut
Searching for files in directory /Users/mike/CLionProjects/luisa/src/tests/unit
Searching for files in directory /Users/mike/CLionProjects/luisa/src/tests/unit/core
Searching for files in directory /Users/mike/CLionProjects/luisa/src/tests/unit/fallback
Searching for files in directory /Users/mike/CLionProjects/luisa/src/tests/unit/ext
Searching for files in directory /Users/mike/CLionProjects/luisa/src/tests/unit/runtime
Searching for files in directory /Users/mike/CLionProjects/luisa/src/tests/unit/simd
Searching for files in directory /Users/mike/CLionProjects/luisa/src/tests/unit/tile
Searching for files in directory /Users/mike/CLionProjects/luisa/src/tests/unit/tile/bridge
Searching for files in directory /Users/mike/CLionProjects/luisa/src/tests/unit/xir
Searching for files in directory /Users/mike/CLionProjects/luisa/src/tests/unit/coro
Searching for files in directory /Users/mike/CLionProjects/luisa/src/tests/unit/ast
Searching for files in directory /Users/mike/CLionProjects/luisa/src/tests/unit/dsl
Searching for files in directory /Users/mike/CLionProjects/luisa/src/tests/python
Searching for files in directory /Users/mike/CLionProjects/luisa/src/tests/integration
Searching for files in directory /Users/mike/CLionProjects/luisa/src/tests/integration/runtime
Searching for files in directory /Users/mike/CLionProjects/luisa/src/tests/integration/runtime/transient_resource_device
Searching for files in directory /Users/mike/CLionProjects/luisa/src/tests/integration/runtime/motion_blur
Searching for files in directory /Users/mike/CLionProjects/luisa/src/tests/integration/xir
Searching for files in directory /Users/mike/CLionProjects/luisa/src/tests/cuda
Searching for files in directory /Users/mike/CLionProjects/luisa/src/tests/ios
Searching for files in directory /Users/mike/CLionProjects/luisa/src/tests/ios/metal4_path_tracer_app
Searching for files in directory /Users/mike/CLionProjects/luisa/src/tests/common
Searching for files in directory /Users/mike/CLionProjects/luisa/src/tests/cxx_shaders
Searching for files in directory /Users/mike/CLionProjects/luisa/src/tests/cxx_shaders/std
Searching for files in directory /Users/mike/CLionProjects/luisa/src/tests/cxx_shaders/std/ex
Searching for files in directory /Users/mike/CLionProjects/luisa/src/tests/cxx_shaders/std/internal
Searching for files in directory /Users/mike/CLionProjects/luisa/src/tests/cxx_shaders/luisa
Searching for files in directory /Users/mike/CLionProjects/luisa/src/tests/cxx_shaders/luisa/experimental
Searching for files in directory /Users/mike/CLionProjects/luisa/src/tests/cxx_shaders/luisa/types
Searching for files in directory /Users/mike/CLionProjects/luisa/src/tests/cxx_shaders/luisa/types/ops
Searching for files in directory /Users/mike/CLionProjects/luisa/src/tests/cxx_shaders/luisa/resources
Searching for files in directory /Users/mike/CLionProjects/luisa/src/tests/cxx_shaders/luisa/type_traits
Searching for files in directory /Users/mike/CLionProjects/luisa/src/tests/cxx_shaders/luisa/numeric
Searching for files in directory /Users/mike/CLionProjects/luisa/src/tests/cxx_shaders/luisa/mesh_shader
Searching for files in directory /Users/mike/CLionProjects/luisa/src/tests/cxx_shaders/luisa/functions
Searching for files in directory /Users/mike/CLionProjects/luisa/src/tests/cxx_shaders/luisa/raster
Searching for files in directory /Users/mike/CLionProjects/luisa/src/tests/cxx_shaders/luisa/raytracing
Searching for files in directory /Users/mike/CLionProjects/luisa/src/tile
Searching for files in directory /Users/mike/CLionProjects/luisa/src/tile/bridge
Searching for files in directory /Users/mike/CLionProjects/luisa/src/tile/bridge/xir
Searching for files in directory /Users/mike/CLionProjects/luisa/src/tile/bridge/tirx
Searching for files in directory /Users/mike/CLionProjects/luisa/src/tile/bridge/tirx/patches
Searching for files in directory /Users/mike/CLionProjects/luisa/src/xir
Searching for files in directory /Users/mike/CLionProjects/luisa/src/xir/translators
Searching for files in directory /Users/mike/CLionProjects/luisa/src/xir/instructions
Searching for files in directory /Users/mike/CLionProjects/luisa/src/xir/passes
Searching for files in directory /Users/mike/CLionProjects/luisa/src/xir/tests
Searching for files in directory /Users/mike/CLionProjects/luisa/src/xir/metadata
Searching for files in directory /Users/mike/CLionProjects/luisa/src/coro
Searching for files in directory /Users/mike/CLionProjects/luisa/src/coro/schedulers
Searching for files in directory /Users/mike/CLionProjects/luisa/src/gui
Searching for files in directory /Users/mike/CLionProjects/luisa/src/ast
Searching for files in directory /Users/mike/CLionProjects/luisa/src/clangcxx
Searching for files in directory /Users/mike/CLionProjects/luisa/src/clangcxx/src
Searching for files in directory /Users/mike/CLionProjects/luisa/src/clangcxx/src/llvm
Searching for files in directory /Users/mike/CLionProjects/luisa/src/clangcxx/src/llvm/Utils
Searching for files in directory /Users/mike/CLionProjects/luisa/src/dsl
Searching for files in directory /Users/mike/CLionProjects/luisa/src/dsl/ext
Searching for files in directory /Users/mike/CLionProjects/luisa/src/dsl/rtx
Searching for files in directory /Users/mike/CLionProjects/luisa/src/dsl/raster
Reading and parsing tag files
Parsing files
Preprocessing /Users/mike/CLionProjects/luisa/include/luisa/ast/ast2json.h...
Parsing file /Users/mike/CLionProjects/luisa/include/luisa/ast/ast2json.h...
Preprocessing /Users/mike/CLionProjects/luisa/include/luisa/ast/atomic_ref_node.h...
Parsing file /Users/mike/CLionProjects/luisa/include/luisa/ast/atomic_ref_node.h...
Preprocessing /Users/mike/CLionProjects/luisa/include/luisa/ast/attribute.h...
Parsing file /Users/mike/CLionProjects/luisa/include/luisa/ast/attribute.h...
Preprocessing /Users/mike/CLionProjects/luisa/include/luisa/ast/callable_library.h...
Parsing file /Users/mike/CLionProjects/luisa/include/luisa/ast/callable_library.h...
Preprocessing /Users/mike/CLionProjects/luisa/include/luisa/ast/constant_data.h...
Parsing file /Users/mike/CLionProjects/luisa/include/luisa/ast/constant_data.h...
Preprocessing /Users/mike/CLionProjects/luisa/include/luisa/ast/coro_suspend.h...
Parsing file /Users/mike/CLionProjects/luisa/include/luisa/ast/coro_suspend.h...
Preprocessing /Users/mike/CLionProjects/luisa/include/luisa/ast/expression.h...
Parsing file /Users/mike/CLionProjects/luisa/include/luisa/ast/expression.h...
Preprocessing /Users/mike/CLionProjects/luisa/include/luisa/ast/external_function.h...
Parsing file /Users/mike/CLionProjects/luisa/include/luisa/ast/external_function.h...
Preprocessing /Users/mike/CLionProjects/luisa/include/luisa/ast/function.h...
Parsing file /Users/mike/CLionProjects/luisa/include/luisa/ast/function.h...
Preprocessing /Users/mike/CLionProjects/luisa/include/luisa/ast/function_builder.h...
Parsing file /Users/mike/CLionProjects/luisa/include/luisa/ast/function_builder.h...
Preprocessing /Users/mike/CLionProjects/luisa/include/luisa/ast/interface.h...
Parsing file /Users/mike/CLionProjects/luisa/include/luisa/ast/interface.h...
Preprocessing /Users/mike/CLionProjects/luisa/include/luisa/ast/member_reflect.inl.h...
Parsing file /Users/mike/CLionProjects/luisa/include/luisa/ast/member_reflect.inl.h...
Preprocessing /Users/mike/CLionProjects/luisa/include/luisa/ast/op.h...
Parsing file /Users/mike/CLionProjects/luisa/include/luisa/ast/op.h...
Preprocessing /Users/mike/CLionProjects/luisa/include/luisa/ast/statement.h...
Parsing file /Users/mike/CLionProjects/luisa/include/luisa/ast/statement.h...
Preprocessing /Users/mike/CLionProjects/luisa/include/luisa/ast/type.h...
Parsing file /Users/mike/CLionProjects/luisa/include/luisa/ast/type.h...
Preprocessing /Users/mike/CLionProjects/luisa/include/luisa/ast/type_registry.h...
Parsing file /Users/mike/CLionProjects/luisa/include/luisa/ast/type_registry.h...
Preprocessing /Users/mike/CLionProjects/luisa/include/luisa/ast/usage.h...
Parsing file /Users/mike/CLionProjects/luisa/include/luisa/ast/usage.h...
Preprocessing /Users/mike/CLionProjects/luisa/include/luisa/ast/variable.h...
Parsing file /Users/mike/CLionProjects/luisa/include/luisa/ast/variable.h...
Preprocessing /Users/mike/CLionProjects/luisa/include/luisa/backends/common/volk_init.h...
Parsing file /Users/mike/CLionProjects/luisa/include/luisa/backends/common/volk_init.h...
Preprocessing /Users/mike/CLionProjects/luisa/include/luisa/backends/common/vulkan_check_error.h...
Parsing file /Users/mike/CLionProjects/luisa/include/luisa/backends/common/vulkan_check_error.h...
Preprocessing /Users/mike/CLionProjects/luisa/include/luisa/backends/common/vulkan_swapchain.h...
Parsing file /Users/mike/CLionProjects/luisa/include/luisa/backends/common/vulkan_swapchain.h...
Preprocessing /Users/mike/CLionProjects/luisa/include/luisa/backends/ext/cuda/cuda_config_ext.h...
Parsing file /Users/mike/CLionProjects/luisa/include/luisa/backends/ext/cuda/cuda_config_ext.h...
Preprocessing /Users/mike/CLionProjects/luisa/include/luisa/backends/ext/cuda/cuda_external_ext.h...
Parsing file /Users/mike/CLionProjects/luisa/include/luisa/backends/ext/cuda/cuda_external_ext.h...
Preprocessing /Users/mike/CLionProjects/luisa/include/luisa/backends/ext/cuda/cuda_graph_ext.h...
Parsing file /Users/mike/CLionProjects/luisa/include/luisa/backends/ext/cuda/cuda_graph_ext.h...
Preprocessing /Users/mike/CLionProjects/luisa/include/luisa/backends/ext/cuda/lcub/cuda_lcub_command.h...
Parsing file /Users/mike/CLionProjects/luisa/include/luisa/backends/ext/cuda/lcub/cuda_lcub_command.h...
Preprocessing /Users/mike/CLionProjects/luisa/include/luisa/backends/ext/cuda/lcub/dcub/dcub_common.h...
Parsing file /Users/mike/CLionProjects/luisa/include/luisa/backends/ext/cuda/lcub/dcub/dcub_common.h...
Preprocessing /Users/mike/CLionProjects/luisa/include/luisa/backends/ext/cuda/lcub/dcub/dcub_utils.h...
Parsing file /Users/mike/CLionProjects/luisa/include/luisa/backends/ext/cuda/lcub/dcub/dcub_utils.h...
Preprocessing /Users/mike/CLionProjects/luisa/include/luisa/backends/ext/cuda/lcub/device_merge_sort.h...
Parsing file /Users/mike/CLionProjects/luisa/include/luisa/backends/ext/cuda/lcub/device_merge_sort.h...
Preprocessing /Users/mike/CLionProjects/luisa/include/luisa/backends/ext/cuda/lcub/device_partition.h...
Parsing file /Users/mike/CLionProjects/luisa/include/luisa/backends/ext/cuda/lcub/device_partition.h...
Preprocessing /Users/mike/CLionProjects/luisa/include/luisa/backends/ext/cuda/lcub/device_radix_sort.h...
Parsing file /Users/mike/CLionProjects/luisa/include/luisa/backends/ext/cuda/lcub/device_radix_sort.h...
Preprocessing /Users/mike/CLionProjects/luisa/include/luisa/backends/ext/cuda/lcub/device_reduce.h...
Parsing file /Users/mike/CLionProjects/luisa/include/luisa/backends/ext/cuda/lcub/device_reduce.h...
Preprocessing /Users/mike/CLionProjects/luisa/include/luisa/backends/ext/cuda/lcub/device_run_length_encode.h...
Parsing file /Users/mike/CLionProjects/luisa/include/luisa/backends/ext/cuda/lcub/device_run_length_encode.h...
Preprocessing /Users/mike/CLionProjects/luisa/include/luisa/backends/ext/cuda/lcub/device_scan.h...
Parsing file /Users/mike/CLionProjects/luisa/include/luisa/backends/ext/cuda/lcub/device_scan.h...
Preprocessing /Users/mike/CLionProjects/luisa/include/luisa/backends/ext/cuda/lcub/device_select.h...
Parsing file /Users/mike/CLionProjects/luisa/include/luisa/backends/ext/cuda/lcub/device_select.h...
Preprocessing /Users/mike/CLionProjects/luisa/include/luisa/backends/ext/cuda/lcub/device_spmv.h...
Parsing file /Users/mike/CLionProjects/luisa/include/luisa/backends/ext/cuda/lcub/device_spmv.h...
Preprocessing /Users/mike/CLionProjects/luisa/include/luisa/backends/ext/cuda/lcub/lcub.h...
Parsing file /Users/mike/CLionProjects/luisa/include/luisa/backends/ext/cuda/lcub/lcub.h...
Preprocessing /Users/mike/CLionProjects/luisa/include/luisa/backends/ext/debug_capture_ext.hpp...
Parsing file /Users/mike/CLionProjects/luisa/include/luisa/backends/ext/debug_capture_ext.hpp...
Preprocessing /Users/mike/CLionProjects/luisa/include/luisa/backends/ext/denoiser_ext.h...
Parsing file /Users/mike/CLionProjects/luisa/include/luisa/backends/ext/denoiser_ext.h...
Preprocessing /Users/mike/CLionProjects/luisa/include/luisa/backends/ext/dml_ext.h...
Parsing file /Users/mike/CLionProjects/luisa/include/luisa/backends/ext/dml_ext.h...
Preprocessing /Users/mike/CLionProjects/luisa/include/luisa/backends/ext/dstorage_cmd.h...
Parsing file /Users/mike/CLionProjects/luisa/include/luisa/backends/ext/dstorage_cmd.h...
Preprocessing /Users/mike/CLionProjects/luisa/include/luisa/backends/ext/dstorage_ext.hpp...
Parsing file /Users/mike/CLionProjects/luisa/include/luisa/backends/ext/dstorage_ext.hpp...
Preprocessing /Users/mike/CLionProjects/luisa/include/luisa/backends/ext/dstorage_ext_interface.h...
Parsing file /Users/mike/CLionProjects/luisa/include/luisa/backends/ext/dstorage_ext_interface.h...
Preprocessing /Users/mike/CLionProjects/luisa/include/luisa/backends/ext/dx_config_ext.h...
Parsing file /Users/mike/CLionProjects/luisa/include/luisa/backends/ext/dx_config_ext.h...
Preprocessing /Users/mike/CLionProjects/luisa/include/luisa/backends/ext/dx_cuda_interop.h...
Parsing file /Users/mike/CLionProjects/luisa/include/luisa/backends/ext/dx_cuda_interop.h...
Preprocessing /Users/mike/CLionProjects/luisa/include/luisa/backends/ext/dx_cuda_timeline_event.h...
Parsing file /Users/mike/CLionProjects/luisa/include/luisa/backends/ext/dx_cuda_timeline_event.h...
Preprocessing /Users/mike/CLionProjects/luisa/include/luisa/backends/ext/dx_custom_cmd.h...
Parsing file /Users/mike/CLionProjects/luisa/include/luisa/backends/ext/dx_custom_cmd.h...
Preprocessing /Users/mike/CLionProjects/luisa/include/luisa/backends/ext/dx_hdr_ext.hpp...
Parsing file /Users/mike/CLionProjects/luisa/include/luisa/backends/ext/dx_hdr_ext.hpp...
Preprocessing /Users/mike/CLionProjects/luisa/include/luisa/backends/ext/dx_hdr_ext_interface.h...
Parsing file /Users/mike/CLionProjects/luisa/include/luisa/backends/ext/dx_hdr_ext_interface.h...
Preprocessing /Users/mike/CLionProjects/luisa/include/luisa/backends/ext/native_resource_ext.hpp...
Parsing file /Users/mike/CLionProjects/luisa/include/luisa/backends/ext/native_resource_ext.hpp...
Preprocessing /Users/mike/CLionProjects/luisa/include/luisa/backends/ext/native_resource_ext_interface.h...
Parsing file /Users/mike/CLionProjects/luisa/include/luisa/backends/ext/native_resource_ext_interface.h...
Preprocessing /Users/mike/CLionProjects/luisa/include/luisa/backends/ext/pinned_memory_ext.hpp...
Parsing file /Users/mike/CLionProjects/luisa/include/luisa/backends/ext/pinned_memory_ext.hpp...
Preprocessing /Users/mike/CLionProjects/luisa/include/luisa/backends/ext/raster_cmd.h...
Parsing file /Users/mike/CLionProjects/luisa/include/luisa/backends/ext/raster_cmd.h...
Preprocessing /Users/mike/CLionProjects/luisa/include/luisa/backends/ext/raster_ext.hpp...
Parsing file /Users/mike/CLionProjects/luisa/include/luisa/backends/ext/raster_ext.hpp...
Preprocessing /Users/mike/CLionProjects/luisa/include/luisa/backends/ext/raster_ext_interface.h...
Parsing file /Users/mike/CLionProjects/luisa/include/luisa/backends/ext/raster_ext_interface.h...
Preprocessing /Users/mike/CLionProjects/luisa/include/luisa/backends/ext/registry.h...
Parsing file /Users/mike/CLionProjects/luisa/include/luisa/backends/ext/registry.h...
Preprocessing /Users/mike/CLionProjects/luisa/include/luisa/backends/ext/remote_config_ext.h...
Parsing file /Users/mike/CLionProjects/luisa/include/luisa/backends/ext/remote_config_ext.h...
Preprocessing /Users/mike/CLionProjects/luisa/include/luisa/backends/ext/simd_config_ext.h...
Parsing file /Users/mike/CLionProjects/luisa/include/luisa/backends/ext/simd_config_ext.h...
Preprocessing /Users/mike/CLionProjects/luisa/include/luisa/backends/ext/stats_ext.h...
Parsing file /Users/mike/CLionProjects/luisa/include/luisa/backends/ext/stats_ext.h...
Preprocessing /Users/mike/CLionProjects/luisa/include/luisa/backends/ext/tex_compress_ext.h...
Parsing file /Users/mike/CLionProjects/luisa/include/luisa/backends/ext/tex_compress_ext.h...
Preprocessing /Users/mike/CLionProjects/luisa/include/luisa/backends/ext/vk_config_ext.h...
Parsing file /Users/mike/CLionProjects/luisa/include/luisa/backends/ext/vk_config_ext.h...
Preprocessing /Users/mike/CLionProjects/luisa/include/luisa/backends/ext/vk_cuda_interop.h...
Parsing file /Users/mike/CLionProjects/luisa/include/luisa/backends/ext/vk_cuda_interop.h...
Preprocessing /Users/mike/CLionProjects/luisa/include/luisa/backends/ext/vk_custom_cmd.h...
Parsing file /Users/mike/CLionProjects/luisa/include/luisa/backends/ext/vk_custom_cmd.h...
Preprocessing /Users/mike/CLionProjects/luisa/include/luisa/clangcxx/ast.h...
Parsing file /Users/mike/CLionProjects/luisa/include/luisa/clangcxx/ast.h...
Preprocessing /Users/mike/CLionProjects/luisa/include/luisa/clangcxx/build_arguments.h...
Parsing file /Users/mike/CLionProjects/luisa/include/luisa/clangcxx/build_arguments.h...
Preprocessing /Users/mike/CLionProjects/luisa/include/luisa/clangcxx/compiler.h...
Parsing file /Users/mike/CLionProjects/luisa/include/luisa/clangcxx/compiler.h...
Preprocessing /Users/mike/CLionProjects/luisa/include/luisa/core/basic_traits.h...
Parsing file /Users/mike/CLionProjects/luisa/include/luisa/core/basic_traits.h...
Preprocessing /Users/mike/CLionProjects/luisa/include/luisa/core/basic_types.h...
Parsing file /Users/mike/CLionProjects/luisa/include/luisa/core/basic_types.h...
Preprocessing /Users/mike/CLionProjects/luisa/include/luisa/core/binary_file_stream.h...
Parsing file /Users/mike/CLionProjects/luisa/include/luisa/core/binary_file_stream.h...
Preprocessing /Users/mike/CLionProjects/luisa/include/luisa/core/binary_io.h...
Parsing file /Users/mike/CLionProjects/luisa/include/luisa/core/binary_io.h...
Preprocessing /Users/mike/CLionProjects/luisa/include/luisa/core/clock.h...
Parsing file /Users/mike/CLionProjects/luisa/include/luisa/core/clock.h...
Preprocessing /Users/mike/CLionProjects/luisa/include/luisa/core/concepts.h...
Parsing file /Users/mike/CLionProjects/luisa/include/luisa/core/concepts.h...
Preprocessing /Users/mike/CLionProjects/luisa/include/luisa/core/constants.h...
Parsing file /Users/mike/CLionProjects/luisa/include/luisa/core/constants.h...
Preprocessing /Users/mike/CLionProjects/luisa/include/luisa/core/dll_export.h...
Parsing file /Users/mike/CLionProjects/luisa/include/luisa/core/dll_export.h...
Preprocessing /Users/mike/CLionProjects/luisa/include/luisa/core/dynamic_module.h...
Parsing file /Users/mike/CLionProjects/luisa/include/luisa/core/dynamic_module.h...
Preprocessing /Users/mike/CLionProjects/luisa/include/luisa/core/fiber.h...
Parsing file /Users/mike/CLionProjects/luisa/include/luisa/core/fiber.h...
Preprocessing /Users/mike/CLionProjects/luisa/include/luisa/core/fiber_future.h...
Parsing file /Users/mike/CLionProjects/luisa/include/luisa/core/fiber_future.h...
Preprocessing /Users/mike/CLionProjects/luisa/include/luisa/core/first_fit.h...
Parsing file /Users/mike/CLionProjects/luisa/include/luisa/core/first_fit.h...
Preprocessing /Users/mike/CLionProjects/luisa/include/luisa/core/intrin.h...
Parsing file /Users/mike/CLionProjects/luisa/include/luisa/core/intrin.h...
Preprocessing /Users/mike/CLionProjects/luisa/include/luisa/core/logging.h...
Parsing file /Users/mike/CLionProjects/luisa/include/luisa/core/logging.h...
Preprocessing /Users/mike/CLionProjects/luisa/include/luisa/core/macro.h...
Parsing file /Users/mike/CLionProjects/luisa/include/luisa/core/macro.h...
Preprocessing /Users/mike/CLionProjects/luisa/include/luisa/core/magic_enum.h...
Parsing file /Users/mike/CLionProjects/luisa/include/luisa/core/magic_enum.h...
Preprocessing /Users/mike/CLionProjects/luisa/include/luisa/core/managed_ilist.h...
Parsing file /Users/mike/CLionProjects/luisa/include/luisa/core/managed_ilist.h...
Preprocessing /Users/mike/CLionProjects/luisa/include/luisa/core/managed_ptr.h...
Parsing file /Users/mike/CLionProjects/luisa/include/luisa/core/managed_ptr.h...
Preprocessing /Users/mike/CLionProjects/luisa/include/luisa/core/mathematics.h...
Parsing file /Users/mike/CLionProjects/luisa/include/luisa/core/mathematics.h...
Preprocessing /Users/mike/CLionProjects/luisa/include/luisa/core/memory_sanitizer.hpp...
Parsing file /Users/mike/CLionProjects/luisa/include/luisa/core/memory_sanitizer.hpp...
Preprocessing /Users/mike/CLionProjects/luisa/include/luisa/core/platform.h...
Parsing file /Users/mike/CLionProjects/luisa/include/luisa/core/platform.h...
Preprocessing /Users/mike/CLionProjects/luisa/include/luisa/core/pool.h...
Parsing file /Users/mike/CLionProjects/luisa/include/luisa/core/pool.h...
Preprocessing /Users/mike/CLionProjects/luisa/include/luisa/core/shared_function.h...
Parsing file /Users/mike/CLionProjects/luisa/include/luisa/core/shared_function.h...
Preprocessing /Users/mike/CLionProjects/luisa/include/luisa/core/spin_mutex.h...
Parsing file /Users/mike/CLionProjects/luisa/include/luisa/core/spin_mutex.h...
Preprocessing /Users/mike/CLionProjects/luisa/include/luisa/core/stl.h...
Parsing file /Users/mike/CLionProjects/luisa/include/luisa/core/stl.h...
Preprocessing /Users/mike/CLionProjects/luisa/include/luisa/core/stl/algorithm.h...
Parsing file /Users/mike/CLionProjects/luisa/include/luisa/core/stl/algorithm.h...
Preprocessing /Users/mike/CLionProjects/luisa/include/luisa/core/stl/deque.h...
Parsing file /Users/mike/CLionProjects/luisa/include/luisa/core/stl/deque.h...
Preprocessing /Users/mike/CLionProjects/luisa/include/luisa/core/stl/filesystem.h...
Parsing file /Users/mike/CLionProjects/luisa/include/luisa/core/stl/filesystem.h...
Preprocessing /Users/mike/CLionProjects/luisa/include/luisa/core/stl/fixed_map.h...
Parsing file /Users/mike/CLionProjects/luisa/include/luisa/core/stl/fixed_map.h...
Preprocessing /Users/mike/CLionProjects/luisa/include/luisa/core/stl/format.h...
Parsing file /Users/mike/CLionProjects/luisa/include/luisa/core/stl/format.h...
Preprocessing /Users/mike/CLionProjects/luisa/include/luisa/core/stl/functional.h...
Parsing file /Users/mike/CLionProjects/luisa/include/luisa/core/stl/functional.h...
Preprocessing /Users/mike/CLionProjects/luisa/include/luisa/core/stl/functional_impl.h...
Parsing file /Users/mike/CLionProjects/luisa/include/luisa/core/stl/functional_impl.h...
Preprocessing /Users/mike/CLionProjects/luisa/include/luisa/core/stl/hash.h...
Parsing file /Users/mike/CLionProjects/luisa/include/luisa/core/stl/hash.h...
Preprocessing /Users/mike/CLionProjects/luisa/include/luisa/core/stl/hash_fwd.h...
Parsing file /Users/mike/CLionProjects/luisa/include/luisa/core/stl/hash_fwd.h...
Preprocessing /Users/mike/CLionProjects/luisa/include/luisa/core/stl/iterator.h...
Parsing file /Users/mike/CLionProjects/luisa/include/luisa/core/stl/iterator.h...
Preprocessing /Users/mike/CLionProjects/luisa/include/luisa/core/stl/list.h...
Parsing file /Users/mike/CLionProjects/luisa/include/luisa/core/stl/list.h...
Preprocessing /Users/mike/CLionProjects/luisa/include/luisa/core/stl/lru_cache.h...
Parsing file /Users/mike/CLionProjects/luisa/include/luisa/core/stl/lru_cache.h...
Preprocessing /Users/mike/CLionProjects/luisa/include/luisa/core/stl/map.h...
Parsing file /Users/mike/CLionProjects/luisa/include/luisa/core/stl/map.h...
Preprocessing /Users/mike/CLionProjects/luisa/include/luisa/core/stl/memory.h...
Parsing file /Users/mike/CLionProjects/luisa/include/luisa/core/stl/memory.h...
Preprocessing /Users/mike/CLionProjects/luisa/include/luisa/core/stl/optional.h...
Parsing file /Users/mike/CLionProjects/luisa/include/luisa/core/stl/optional.h...
Preprocessing /Users/mike/CLionProjects/luisa/include/luisa/core/stl/pdqsort.h...
Parsing file /Users/mike/CLionProjects/luisa/include/luisa/core/stl/pdqsort.h...
Preprocessing /Users/mike/CLionProjects/luisa/include/luisa/core/stl/priority_queue.h...
Parsing file /Users/mike/CLionProjects/luisa/include/luisa/core/stl/priority_queue.h...
Preprocessing /Users/mike/CLionProjects/luisa/include/luisa/core/stl/queue.h...
Parsing file /Users/mike/CLionProjects/luisa/include/luisa/core/stl/queue.h...
Preprocessing /Users/mike/CLionProjects/luisa/include/luisa/core/stl/ring_buffer.h...
Parsing file /Users/mike/CLionProjects/luisa/include/luisa/core/stl/ring_buffer.h...
Preprocessing /Users/mike/CLionProjects/luisa/include/luisa/core/stl/sstream.h...
Parsing file /Users/mike/CLionProjects/luisa/include/luisa/core/stl/sstream.h...
Preprocessing /Users/mike/CLionProjects/luisa/include/luisa/core/stl/stack.h...
Parsing file /Users/mike/CLionProjects/luisa/include/luisa/core/stl/stack.h...
Preprocessing /Users/mike/CLionProjects/luisa/include/luisa/core/stl/string.h...
Parsing file /Users/mike/CLionProjects/luisa/include/luisa/core/stl/string.h...
Preprocessing /Users/mike/CLionProjects/luisa/include/luisa/core/stl/type_traits.h...
Parsing file /Users/mike/CLionProjects/luisa/include/luisa/core/stl/type_traits.h...
Preprocessing /Users/mike/CLionProjects/luisa/include/luisa/core/stl/unordered_dense.h...
Parsing file /Users/mike/CLionProjects/luisa/include/luisa/core/stl/unordered_dense.h...
Preprocessing /Users/mike/CLionProjects/luisa/include/luisa/core/stl/unordered_map.h...
Parsing file /Users/mike/CLionProjects/luisa/include/luisa/core/stl/unordered_map.h...
Preprocessing /Users/mike/CLionProjects/luisa/include/luisa/core/stl/variant.h...
Parsing file /Users/mike/CLionProjects/luisa/include/luisa/core/stl/variant.h...
Preprocessing /Users/mike/CLionProjects/luisa/include/luisa/core/stl/vector.h...
Parsing file /Users/mike/CLionProjects/luisa/include/luisa/core/stl/vector.h...
Preprocessing /Users/mike/CLionProjects/luisa/include/luisa/core/stl/vector_map.h...
Parsing file /Users/mike/CLionProjects/luisa/include/luisa/core/stl/vector_map.h...
Preprocessing /Users/mike/CLionProjects/luisa/include/luisa/core/string_scratch.h...
Parsing file /Users/mike/CLionProjects/luisa/include/luisa/core/string_scratch.h...
Preprocessing /Users/mike/CLionProjects/luisa/include/luisa/core/swizzle_2.inl.h...
Parsing file /Users/mike/CLionProjects/luisa/include/luisa/core/swizzle_2.inl.h...
Preprocessing /Users/mike/CLionProjects/luisa/include/luisa/core/swizzle_3.inl.h...
Parsing file /Users/mike/CLionProjects/luisa/include/luisa/core/swizzle_3.inl.h...
Preprocessing /Users/mike/CLionProjects/luisa/include/luisa/core/swizzle_4.inl.h...
Parsing file /Users/mike/CLionProjects/luisa/include/luisa/core/swizzle_4.inl.h...
Preprocessing /Users/mike/CLionProjects/luisa/include/luisa/core/thread_safety.h...
Parsing file /Users/mike/CLionProjects/luisa/include/luisa/core/thread_safety.h...
Preprocessing /Users/mike/CLionProjects/luisa/include/luisa/coro/coro_common.h...
Parsing file /Users/mike/CLionProjects/luisa/include/luisa/coro/coro_common.h...
Preprocessing /Users/mike/CLionProjects/luisa/include/luisa/coro/coro_frame_storage.h...
Parsing file /Users/mike/CLionProjects/luisa/include/luisa/coro/coro_frame_storage.h...
Preprocessing /Users/mike/CLionProjects/luisa/include/luisa/coro/coro_graph.h...
Parsing file /Users/mike/CLionProjects/luisa/include/luisa/coro/coro_graph.h...
Preprocessing /Users/mike/CLionProjects/luisa/include/luisa/coro/coro_scheduler.h...
Parsing file /Users/mike/CLionProjects/luisa/include/luisa/coro/coro_scheduler.h...
Preprocessing /Users/mike/CLionProjects/luisa/include/luisa/coro/coro_slot_access.h...
Parsing file /Users/mike/CLionProjects/luisa/include/luisa/coro/coro_slot_access.h...
Preprocessing /Users/mike/CLionProjects/luisa/include/luisa/coro/radix_sort.h...
Parsing file /Users/mike/CLionProjects/luisa/include/luisa/coro/radix_sort.h...
Preprocessing /Users/mike/CLionProjects/luisa/include/luisa/coro/schedulers/compaction.h...
Parsing file /Users/mike/CLionProjects/luisa/include/luisa/coro/schedulers/compaction.h...
Preprocessing /Users/mike/CLionProjects/luisa/include/luisa/coro/schedulers/detail/token_index.h...
Parsing file /Users/mike/CLionProjects/luisa/include/luisa/coro/schedulers/detail/token_index.h...
Preprocessing /Users/mike/CLionProjects/luisa/include/luisa/coro/schedulers/graph_wavefront.h...
Parsing file /Users/mike/CLionProjects/luisa/include/luisa/coro/schedulers/graph_wavefront.h...
Preprocessing /Users/mike/CLionProjects/luisa/include/luisa/coro/schedulers/graph_wavefront_policy.h...
Parsing file /Users/mike/CLionProjects/luisa/include/luisa/coro/schedulers/graph_wavefront_policy.h...
Preprocessing /Users/mike/CLionProjects/luisa/include/luisa/coro/schedulers/multisplit.h...
Parsing file /Users/mike/CLionProjects/luisa/include/luisa/coro/schedulers/multisplit.h...
Preprocessing /Users/mike/CLionProjects/luisa/include/luisa/coro/schedulers/persistent.h...
Parsing file /Users/mike/CLionProjects/luisa/include/luisa/coro/schedulers/persistent.h...
Preprocessing /Users/mike/CLionProjects/luisa/include/luisa/coro/schedulers/persistent_threads.h...
Parsing file /Users/mike/CLionProjects/luisa/include/luisa/coro/schedulers/persistent_threads.h...
Preprocessing /Users/mike/CLionProjects/luisa/include/luisa/coro/schedulers/state_machine.h...
Parsing file /Users/mike/CLionProjects/luisa/include/luisa/coro/schedulers/state_machine.h...
Preprocessing /Users/mike/CLionProjects/luisa/include/luisa/coro/schedulers/wavefront.h...
Parsing file /Users/mike/CLionProjects/luisa/include/luisa/coro/schedulers/wavefront.h...
Preprocessing /Users/mike/CLionProjects/luisa/include/luisa/coro/schedulers/wavefront_auxiliary.h...
Parsing file /Users/mike/CLionProjects/luisa/include/luisa/coro/schedulers/wavefront_auxiliary.h...
Preprocessing /Users/mike/CLionProjects/luisa/include/luisa/coro/schedulers/wavefront_extension.h...
Parsing file /Users/mike/CLionProjects/luisa/include/luisa/coro/schedulers/wavefront_extension.h...
Preprocessing /Users/mike/CLionProjects/luisa/include/luisa/dsl/arg.h...
Parsing file /Users/mike/CLionProjects/luisa/include/luisa/dsl/arg.h...
Preprocessing /Users/mike/CLionProjects/luisa/include/luisa/dsl/atomic.h...
Parsing file /Users/mike/CLionProjects/luisa/include/luisa/dsl/atomic.h...
Preprocessing /Users/mike/CLionProjects/luisa/include/luisa/dsl/binding_group.h...
Parsing file /Users/mike/CLionProjects/luisa/include/luisa/dsl/binding_group.h...
Preprocessing /Users/mike/CLionProjects/luisa/include/luisa/dsl/builtin.h...
Parsing file /Users/mike/CLionProjects/luisa/include/luisa/dsl/builtin.h...
Preprocessing /Users/mike/CLionProjects/luisa/include/luisa/dsl/callable_library.h...
Parsing file /Users/mike/CLionProjects/luisa/include/luisa/dsl/callable_library.h...
Preprocessing /Users/mike/CLionProjects/luisa/include/luisa/dsl/cluster_launch_control.h...
Parsing file /Users/mike/CLionProjects/luisa/include/luisa/dsl/cluster_launch_control.h...
Preprocessing /Users/mike/CLionProjects/luisa/include/luisa/dsl/constant.h...
Parsing file /Users/mike/CLionProjects/luisa/include/luisa/dsl/constant.h...
Preprocessing /Users/mike/CLionProjects/luisa/include/luisa/dsl/coop_vector.h...
Parsing file /Users/mike/CLionProjects/luisa/include/luisa/dsl/coop_vector.h...
Preprocessing /Users/mike/CLionProjects/luisa/include/luisa/dsl/coro_frame.h...
Parsing file /Users/mike/CLionProjects/luisa/include/luisa/dsl/coro_frame.h...
Preprocessing /Users/mike/CLionProjects/luisa/include/luisa/dsl/coro_func.h...
Parsing file /Users/mike/CLionProjects/luisa/include/luisa/dsl/coro_func.h...
Preprocessing /Users/mike/CLionProjects/luisa/include/luisa/dsl/dispatch_indirect.h...
Parsing file /Users/mike/CLionProjects/luisa/include/luisa/dsl/dispatch_indirect.h...
Preprocessing /Users/mike/CLionProjects/luisa/include/luisa/dsl/expr.h...
Parsing file /Users/mike/CLionProjects/luisa/include/luisa/dsl/expr.h...
Preprocessing /Users/mike/CLionProjects/luisa/include/luisa/dsl/expr_traits.h...
Parsing file /Users/mike/CLionProjects/luisa/include/luisa/dsl/expr_traits.h...
Preprocessing /Users/mike/CLionProjects/luisa/include/luisa/dsl/func.h...
Parsing file /Users/mike/CLionProjects/luisa/include/luisa/dsl/func.h...
Preprocessing /Users/mike/CLionProjects/luisa/include/luisa/dsl/local.h...
Parsing file /Users/mike/CLionProjects/luisa/include/luisa/dsl/local.h...
Preprocessing /Users/mike/CLionProjects/luisa/include/luisa/dsl/matrix.h...
Parsing file /Users/mike/CLionProjects/luisa/include/luisa/dsl/matrix.h...
Preprocessing /Users/mike/CLionProjects/luisa/include/luisa/dsl/operators.h...
Parsing file /Users/mike/CLionProjects/luisa/include/luisa/dsl/operators.h...
Preprocessing /Users/mike/CLionProjects/luisa/include/luisa/dsl/polymorphic.h...
Parsing file /Users/mike/CLionProjects/luisa/include/luisa/dsl/polymorphic.h...
Preprocessing /Users/mike/CLionProjects/luisa/include/luisa/dsl/raster/raster_func.h...
Parsing file /Users/mike/CLionProjects/luisa/include/luisa/dsl/raster/raster_func.h...
Preprocessing /Users/mike/CLionProjects/luisa/include/luisa/dsl/raster/raster_interpolation.h...
Parsing file /Users/mike/CLionProjects/luisa/include/luisa/dsl/raster/raster_interpolation.h...
Preprocessing /Users/mike/CLionProjects/luisa/include/luisa/dsl/raster/raster_kernel.h...
Parsing file /Users/mike/CLionProjects/luisa/include/luisa/dsl/raster/raster_kernel.h...
Preprocessing /Users/mike/CLionProjects/luisa/include/luisa/dsl/ref.h...
Parsing file /Users/mike/CLionProjects/luisa/include/luisa/dsl/ref.h...
Preprocessing /Users/mike/CLionProjects/luisa/include/luisa/dsl/resource.h...
Parsing file /Users/mike/CLionProjects/luisa/include/luisa/dsl/resource.h...
Preprocessing /Users/mike/CLionProjects/luisa/include/luisa/dsl/rtx/aabb.h...
Parsing file /Users/mike/CLionProjects/luisa/include/luisa/dsl/rtx/aabb.h...
Preprocessing /Users/mike/CLionProjects/luisa/include/luisa/dsl/rtx/accel.h...
Parsing file /Users/mike/CLionProjects/luisa/include/luisa/dsl/rtx/accel.h...
Preprocessing /Users/mike/CLionProjects/luisa/include/luisa/dsl/rtx/curve.h...
Parsing file /Users/mike/CLionProjects/luisa/include/luisa/dsl/rtx/curve.h...
Preprocessing /Users/mike/CLionProjects/luisa/include/luisa/dsl/rtx/hit.h...
Parsing file /Users/mike/CLionProjects/luisa/include/luisa/dsl/rtx/hit.h...
Preprocessing /Users/mike/CLionProjects/luisa/include/luisa/dsl/rtx/motion.h...
Parsing file /Users/mike/CLionProjects/luisa/include/luisa/dsl/rtx/motion.h...
Preprocessing /Users/mike/CLionProjects/luisa/include/luisa/dsl/rtx/ray.h...
Parsing file /Users/mike/CLionProjects/luisa/include/luisa/dsl/rtx/ray.h...
Preprocessing /Users/mike/CLionProjects/luisa/include/luisa/dsl/rtx/ray_query.h...
Parsing file /Users/mike/CLionProjects/luisa/include/luisa/dsl/rtx/ray_query.h...
Preprocessing /Users/mike/CLionProjects/luisa/include/luisa/dsl/rtx/triangle.h...
Parsing file /Users/mike/CLionProjects/luisa/include/luisa/dsl/rtx/triangle.h...
Preprocessing /Users/mike/CLionProjects/luisa/include/luisa/dsl/shared.h...
Parsing file /Users/mike/CLionProjects/luisa/include/luisa/dsl/shared.h...
Preprocessing /Users/mike/CLionProjects/luisa/include/luisa/dsl/soa.h...
Parsing file /Users/mike/CLionProjects/luisa/include/luisa/dsl/soa.h...
Preprocessing /Users/mike/CLionProjects/luisa/include/luisa/dsl/stmt.h...
Parsing file /Users/mike/CLionProjects/luisa/include/luisa/dsl/stmt.h...
Preprocessing /Users/mike/CLionProjects/luisa/include/luisa/dsl/struct.h...
Parsing file /Users/mike/CLionProjects/luisa/include/luisa/dsl/struct.h...
Preprocessing /Users/mike/CLionProjects/luisa/include/luisa/dsl/sugar.h...
Parsing file /Users/mike/CLionProjects/luisa/include/luisa/dsl/sugar.h...
Preprocessing /Users/mike/CLionProjects/luisa/include/luisa/dsl/swizzle_2.inl.h...
Parsing file /Users/mike/CLionProjects/luisa/include/luisa/dsl/swizzle_2.inl.h...
Preprocessing /Users/mike/CLionProjects/luisa/include/luisa/dsl/swizzle_3.inl.h...
Parsing file /Users/mike/CLionProjects/luisa/include/luisa/dsl/swizzle_3.inl.h...
Preprocessing /Users/mike/CLionProjects/luisa/include/luisa/dsl/swizzle_4.inl.h...
Parsing file /Users/mike/CLionProjects/luisa/include/luisa/dsl/swizzle_4.inl.h...
Preprocessing /Users/mike/CLionProjects/luisa/include/luisa/dsl/syntax.h...
Parsing file /Users/mike/CLionProjects/luisa/include/luisa/dsl/syntax.h...
Preprocessing /Users/mike/CLionProjects/luisa/include/luisa/dsl/var.h...
Parsing file /Users/mike/CLionProjects/luisa/include/luisa/dsl/var.h...
Preprocessing /Users/mike/CLionProjects/luisa/include/luisa/gui/framerate.h...
Parsing file /Users/mike/CLionProjects/luisa/include/luisa/gui/framerate.h...
Preprocessing /Users/mike/CLionProjects/luisa/include/luisa/gui/imgui_window.h...
Parsing file /Users/mike/CLionProjects/luisa/include/luisa/gui/imgui_window.h...
Preprocessing /Users/mike/CLionProjects/luisa/include/luisa/gui/input.h...
Parsing file /Users/mike/CLionProjects/luisa/include/luisa/gui/input.h...
Preprocessing /Users/mike/CLionProjects/luisa/include/luisa/gui/window.h...
Parsing file /Users/mike/CLionProjects/luisa/include/luisa/gui/window.h...
Preprocessing /Users/mike/CLionProjects/luisa/include/luisa/luisa-compute.h...
Parsing file /Users/mike/CLionProjects/luisa/include/luisa/luisa-compute.h...
Preprocessing /Users/mike/CLionProjects/luisa/include/luisa/osl/hint.h...
Parsing file /Users/mike/CLionProjects/luisa/include/luisa/osl/hint.h...
Preprocessing /Users/mike/CLionProjects/luisa/include/luisa/osl/instruction.h...
Parsing file /Users/mike/CLionProjects/luisa/include/luisa/osl/instruction.h...
Preprocessing /Users/mike/CLionProjects/luisa/include/luisa/osl/literal.h...
Parsing file /Users/mike/CLionProjects/luisa/include/luisa/osl/literal.h...
Preprocessing /Users/mike/CLionProjects/luisa/include/luisa/osl/oso_parser.h...
Parsing file /Users/mike/CLionProjects/luisa/include/luisa/osl/oso_parser.h...
Preprocessing /Users/mike/CLionProjects/luisa/include/luisa/osl/shader.h...
Parsing file /Users/mike/CLionProjects/luisa/include/luisa/osl/shader.h...
Preprocessing /Users/mike/CLionProjects/luisa/include/luisa/osl/symbol.h...
Parsing file /Users/mike/CLionProjects/luisa/include/luisa/osl/symbol.h...
Preprocessing /Users/mike/CLionProjects/luisa/include/luisa/osl/type.h...
Parsing file /Users/mike/CLionProjects/luisa/include/luisa/osl/type.h...
Preprocessing /Users/mike/CLionProjects/luisa/include/luisa/runtime/bindless_array.h...
Parsing file /Users/mike/CLionProjects/luisa/include/luisa/runtime/bindless_array.h...
Preprocessing /Users/mike/CLionProjects/luisa/include/luisa/runtime/buffer.h...
Parsing file /Users/mike/CLionProjects/luisa/include/luisa/runtime/buffer.h...
Preprocessing /Users/mike/CLionProjects/luisa/include/luisa/runtime/buffer_arena.h...
Parsing file /Users/mike/CLionProjects/luisa/include/luisa/runtime/buffer_arena.h...
Preprocessing /Users/mike/CLionProjects/luisa/include/luisa/runtime/builtin_kernel.h...
Parsing file /Users/mike/CLionProjects/luisa/include/luisa/runtime/builtin_kernel.h...
Preprocessing /Users/mike/CLionProjects/luisa/include/luisa/runtime/byte_buffer.h...
Parsing file /Users/mike/CLionProjects/luisa/include/luisa/runtime/byte_buffer.h...
Preprocessing /Users/mike/CLionProjects/luisa/include/luisa/runtime/command_list.h...
Parsing file /Users/mike/CLionProjects/luisa/include/luisa/runtime/command_list.h...
Preprocessing /Users/mike/CLionProjects/luisa/include/luisa/runtime/context.h...
Parsing file /Users/mike/CLionProjects/luisa/include/luisa/runtime/context.h...
Preprocessing /Users/mike/CLionProjects/luisa/include/luisa/runtime/depth_format.h...
Parsing file /Users/mike/CLionProjects/luisa/include/luisa/runtime/depth_format.h...
Preprocessing /Users/mike/CLionProjects/luisa/include/luisa/runtime/device.h...
Parsing file /Users/mike/CLionProjects/luisa/include/luisa/runtime/device.h...
Preprocessing /Users/mike/CLionProjects/luisa/include/luisa/runtime/dispatch_buffer.h...
Parsing file /Users/mike/CLionProjects/luisa/include/luisa/runtime/dispatch_buffer.h...
Preprocessing /Users/mike/CLionProjects/luisa/include/luisa/runtime/event.h...
Parsing file /Users/mike/CLionProjects/luisa/include/luisa/runtime/event.h...
Preprocessing /Users/mike/CLionProjects/luisa/include/luisa/runtime/image.h...
Parsing file /Users/mike/CLionProjects/luisa/include/luisa/runtime/image.h...
Preprocessing /Users/mike/CLionProjects/luisa/include/luisa/runtime/mipmap.h...
Parsing file /Users/mike/CLionProjects/luisa/include/luisa/runtime/mipmap.h...
Preprocessing /Users/mike/CLionProjects/luisa/include/luisa/runtime/raster/app_data.h...
Parsing file /Users/mike/CLionProjects/luisa/include/luisa/runtime/raster/app_data.h...
Preprocessing /Users/mike/CLionProjects/luisa/include/luisa/runtime/raster/depth_buffer.h...
Parsing file /Users/mike/CLionProjects/luisa/include/luisa/runtime/raster/depth_buffer.h...
Preprocessing /Users/mike/CLionProjects/luisa/include/luisa/runtime/raster/raster_scene.h...
Parsing file /Users/mike/CLionProjects/luisa/include/luisa/runtime/raster/raster_scene.h...
Preprocessing /Users/mike/CLionProjects/luisa/include/luisa/runtime/raster/raster_shader.h...
Parsing file /Users/mike/CLionProjects/luisa/include/luisa/runtime/raster/raster_shader.h...
Preprocessing /Users/mike/CLionProjects/luisa/include/luisa/runtime/raster/raster_state.h...
Parsing file /Users/mike/CLionProjects/luisa/include/luisa/runtime/raster/raster_state.h...
Preprocessing /Users/mike/CLionProjects/luisa/include/luisa/runtime/raster/vertex_attribute.h...
Parsing file /Users/mike/CLionProjects/luisa/include/luisa/runtime/raster/vertex_attribute.h...
Preprocessing /Users/mike/CLionProjects/luisa/include/luisa/runtime/raster/viewport.h...
Parsing file /Users/mike/CLionProjects/luisa/include/luisa/runtime/raster/viewport.h...
Preprocessing /Users/mike/CLionProjects/luisa/include/luisa/runtime/rhi/argument.h...
Parsing file /Users/mike/CLionProjects/luisa/include/luisa/runtime/rhi/argument.h...
Preprocessing /Users/mike/CLionProjects/luisa/include/luisa/runtime/rhi/command.h...
Parsing file /Users/mike/CLionProjects/luisa/include/luisa/runtime/rhi/command.h...
Preprocessing /Users/mike/CLionProjects/luisa/include/luisa/runtime/rhi/command_encoder.h...
Parsing file /Users/mike/CLionProjects/luisa/include/luisa/runtime/rhi/command_encoder.h...
Preprocessing /Users/mike/CLionProjects/luisa/include/luisa/runtime/rhi/curve_basis.h...
Parsing file /Users/mike/CLionProjects/luisa/include/luisa/runtime/rhi/curve_basis.h...
Preprocessing /Users/mike/CLionProjects/luisa/include/luisa/runtime/rhi/device_interface.h...
Parsing file /Users/mike/CLionProjects/luisa/include/luisa/runtime/rhi/device_interface.h...
Preprocessing /Users/mike/CLionProjects/luisa/include/luisa/runtime/rhi/pixel.h...
Parsing file /Users/mike/CLionProjects/luisa/include/luisa/runtime/rhi/pixel.h...
Preprocessing /Users/mike/CLionProjects/luisa/include/luisa/runtime/rhi/resource.h...
Parsing file /Users/mike/CLionProjects/luisa/include/luisa/runtime/rhi/resource.h...
Preprocessing /Users/mike/CLionProjects/luisa/include/luisa/runtime/rhi/sampler.h...
Parsing file /Users/mike/CLionProjects/luisa/include/luisa/runtime/rhi/sampler.h...
Preprocessing /Users/mike/CLionProjects/luisa/include/luisa/runtime/rhi/stream_tag.h...
Parsing file /Users/mike/CLionProjects/luisa/include/luisa/runtime/rhi/stream_tag.h...
Preprocessing /Users/mike/CLionProjects/luisa/include/luisa/runtime/rhi/tile_modification.h...
Parsing file /Users/mike/CLionProjects/luisa/include/luisa/runtime/rhi/tile_modification.h...
Preprocessing /Users/mike/CLionProjects/luisa/include/luisa/runtime/rtx/aabb.h...
Parsing file /Users/mike/CLionProjects/luisa/include/luisa/runtime/rtx/aabb.h...
Preprocessing /Users/mike/CLionProjects/luisa/include/luisa/runtime/rtx/accel.h...
Parsing file /Users/mike/CLionProjects/luisa/include/luisa/runtime/rtx/accel.h...
Preprocessing /Users/mike/CLionProjects/luisa/include/luisa/runtime/rtx/curve.h...
Parsing file /Users/mike/CLionProjects/luisa/include/luisa/runtime/rtx/curve.h...
Preprocessing /Users/mike/CLionProjects/luisa/include/luisa/runtime/rtx/hit.h...
Parsing file /Users/mike/CLionProjects/luisa/include/luisa/runtime/rtx/hit.h...
Preprocessing /Users/mike/CLionProjects/luisa/include/luisa/runtime/rtx/mesh.h...
Parsing file /Users/mike/CLionProjects/luisa/include/luisa/runtime/rtx/mesh.h...
Preprocessing /Users/mike/CLionProjects/luisa/include/luisa/runtime/rtx/motion_instance.h...
Parsing file /Users/mike/CLionProjects/luisa/include/luisa/runtime/rtx/motion_instance.h...
Preprocessing /Users/mike/CLionProjects/luisa/include/luisa/runtime/rtx/motion_transform.h...
Parsing file /Users/mike/CLionProjects/luisa/include/luisa/runtime/rtx/motion_transform.h...
Preprocessing /Users/mike/CLionProjects/luisa/include/luisa/runtime/rtx/procedural_primitive.h...
Parsing file /Users/mike/CLionProjects/luisa/include/luisa/runtime/rtx/procedural_primitive.h...
Preprocessing /Users/mike/CLionProjects/luisa/include/luisa/runtime/rtx/ray.h...
Parsing file /Users/mike/CLionProjects/luisa/include/luisa/runtime/rtx/ray.h...
Preprocessing /Users/mike/CLionProjects/luisa/include/luisa/runtime/rtx/triangle.h...
Parsing file /Users/mike/CLionProjects/luisa/include/luisa/runtime/rtx/triangle.h...
Preprocessing /Users/mike/CLionProjects/luisa/include/luisa/runtime/shader.h...
Parsing file /Users/mike/CLionProjects/luisa/include/luisa/runtime/shader.h...
Preprocessing /Users/mike/CLionProjects/luisa/include/luisa/runtime/sparse_buffer.h...
Parsing file /Users/mike/CLionProjects/luisa/include/luisa/runtime/sparse_buffer.h...
Preprocessing /Users/mike/CLionProjects/luisa/include/luisa/runtime/sparse_command_list.h...
Parsing file /Users/mike/CLionProjects/luisa/include/luisa/runtime/sparse_command_list.h...
Preprocessing /Users/mike/CLionProjects/luisa/include/luisa/runtime/sparse_heap.h...
Parsing file /Users/mike/CLionProjects/luisa/include/luisa/runtime/sparse_heap.h...
Preprocessing /Users/mike/CLionProjects/luisa/include/luisa/runtime/sparse_image.h...
Parsing file /Users/mike/CLionProjects/luisa/include/luisa/runtime/sparse_image.h...
Preprocessing /Users/mike/CLionProjects/luisa/include/luisa/runtime/sparse_texture.h...
Parsing file /Users/mike/CLionProjects/luisa/include/luisa/runtime/sparse_texture.h...
Preprocessing /Users/mike/CLionProjects/luisa/include/luisa/runtime/sparse_volume.h...
Parsing file /Users/mike/CLionProjects/luisa/include/luisa/runtime/sparse_volume.h...
Preprocessing /Users/mike/CLionProjects/luisa/include/luisa/runtime/stream.h...
Parsing file /Users/mike/CLionProjects/luisa/include/luisa/runtime/stream.h...
Preprocessing /Users/mike/CLionProjects/luisa/include/luisa/runtime/stream_event.h...
Parsing file /Users/mike/CLionProjects/luisa/include/luisa/runtime/stream_event.h...
Preprocessing /Users/mike/CLionProjects/luisa/include/luisa/runtime/swapchain.h...
Parsing file /Users/mike/CLionProjects/luisa/include/luisa/runtime/swapchain.h...
Preprocessing /Users/mike/CLionProjects/luisa/include/luisa/runtime/volume.h...
Parsing file /Users/mike/CLionProjects/luisa/include/luisa/runtime/volume.h...
Preprocessing /Users/mike/CLionProjects/luisa/include/luisa/tile.h...
Parsing file /Users/mike/CLionProjects/luisa/include/luisa/tile.h...
Preprocessing /Users/mike/CLionProjects/luisa/include/luisa/tile/algorithms.h...
Parsing file /Users/mike/CLionProjects/luisa/include/luisa/tile/algorithms.h...
Preprocessing /Users/mike/CLionProjects/luisa/include/luisa/tile/analysis.h...
Parsing file /Users/mike/CLionProjects/luisa/include/luisa/tile/analysis.h...
Preprocessing /Users/mike/CLionProjects/luisa/include/luisa/tile/bridge/tirx/compiler.h...
Parsing file /Users/mike/CLionProjects/luisa/include/luisa/tile/bridge/tirx/compiler.h...
Preprocessing /Users/mike/CLionProjects/luisa/include/luisa/tile/bridge/tirx/layout.h...
Parsing file /Users/mike/CLionProjects/luisa/include/luisa/tile/bridge/tirx/layout.h...
Preprocessing /Users/mike/CLionProjects/luisa/include/luisa/tile/bridge/tirx/lower.h...
Parsing file /Users/mike/CLionProjects/luisa/include/luisa/tile/bridge/tirx/lower.h...
Preprocessing /Users/mike/CLionProjects/luisa/include/luisa/tile/bridge/tirx/planner.h...
Parsing file /Users/mike/CLionProjects/luisa/include/luisa/tile/bridge/tirx/planner.h...
Preprocessing /Users/mike/CLionProjects/luisa/include/luisa/tile/bridge/xir/lower.h...
Parsing file /Users/mike/CLionProjects/luisa/include/luisa/tile/bridge/xir/lower.h...
Preprocessing /Users/mike/CLionProjects/luisa/include/luisa/tile/bridge/xir/planner.h...
Parsing file /Users/mike/CLionProjects/luisa/include/luisa/tile/bridge/xir/planner.h...
Preprocessing /Users/mike/CLionProjects/luisa/include/luisa/tile/dimension.h...
Parsing file /Users/mike/CLionProjects/luisa/include/luisa/tile/dimension.h...
Preprocessing /Users/mike/CLionProjects/luisa/include/luisa/tile/dsl.h...
Parsing file /Users/mike/CLionProjects/luisa/include/luisa/tile/dsl.h...
Preprocessing /Users/mike/CLionProjects/luisa/include/luisa/tile/ir.h...
Parsing file /Users/mike/CLionProjects/luisa/include/luisa/tile/ir.h...
Preprocessing /Users/mike/CLionProjects/luisa/include/luisa/tile/layout.h...
Parsing file /Users/mike/CLionProjects/luisa/include/luisa/tile/layout.h...
Preprocessing /Users/mike/CLionProjects/luisa/include/luisa/tile/memory.h...
Parsing file /Users/mike/CLionProjects/luisa/include/luisa/tile/memory.h...
Preprocessing /Users/mike/CLionProjects/luisa/include/luisa/tile/runtime.h...
Parsing file /Users/mike/CLionProjects/luisa/include/luisa/tile/runtime.h...
Preprocessing /Users/mike/CLionProjects/luisa/include/luisa/tile/target.h...
Parsing file /Users/mike/CLionProjects/luisa/include/luisa/tile/target.h...
Preprocessing /Users/mike/CLionProjects/luisa/include/luisa/tile/value.h...
Parsing file /Users/mike/CLionProjects/luisa/include/luisa/tile/value.h...
Preprocessing /Users/mike/CLionProjects/luisa/include/luisa/tile/verifier.h...
Parsing file /Users/mike/CLionProjects/luisa/include/luisa/tile/verifier.h...
Preprocessing /Users/mike/CLionProjects/luisa/include/luisa/version.h...
Parsing file /Users/mike/CLionProjects/luisa/include/luisa/version.h...
Preprocessing /Users/mike/CLionProjects/luisa/include/luisa/vstl/allocate_type.h...
Parsing file /Users/mike/CLionProjects/luisa/include/luisa/vstl/allocate_type.h...
Preprocessing /Users/mike/CLionProjects/luisa/include/luisa/vstl/arena_hash_map.h...
Parsing file /Users/mike/CLionProjects/luisa/include/luisa/vstl/arena_hash_map.h...
Preprocessing /Users/mike/CLionProjects/luisa/include/luisa/vstl/common.h...
Parsing file /Users/mike/CLionProjects/luisa/include/luisa/vstl/common.h...
Preprocessing /Users/mike/CLionProjects/luisa/include/luisa/vstl/compare.h...
Parsing file /Users/mike/CLionProjects/luisa/include/luisa/vstl/compare.h...
Preprocessing /Users/mike/CLionProjects/luisa/include/luisa/vstl/config.h...
Parsing file /Users/mike/CLionProjects/luisa/include/luisa/vstl/config.h...
Preprocessing /Users/mike/CLionProjects/luisa/include/luisa/vstl/functional.h...
Parsing file /Users/mike/CLionProjects/luisa/include/luisa/vstl/functional.h...
Preprocessing /Users/mike/CLionProjects/luisa/include/luisa/vstl/hash.h...
Parsing file /Users/mike/CLionProjects/luisa/include/luisa/vstl/hash.h...
Preprocessing /Users/mike/CLionProjects/luisa/include/luisa/vstl/hash_map.h...
Parsing file /Users/mike/CLionProjects/luisa/include/luisa/vstl/hash_map.h...
Preprocessing /Users/mike/CLionProjects/luisa/include/luisa/vstl/lmdb.hpp...
Parsing file /Users/mike/CLionProjects/luisa/include/luisa/vstl/lmdb.hpp...
Preprocessing /Users/mike/CLionProjects/luisa/include/luisa/vstl/lockfree_array_queue.h...
Parsing file /Users/mike/CLionProjects/luisa/include/luisa/vstl/lockfree_array_queue.h...
Preprocessing /Users/mike/CLionProjects/luisa/include/luisa/vstl/log.h...
Parsing file /Users/mike/CLionProjects/luisa/include/luisa/vstl/log.h...
Preprocessing /Users/mike/CLionProjects/luisa/include/luisa/vstl/md5.h...
Parsing file /Users/mike/CLionProjects/luisa/include/luisa/vstl/md5.h...
Preprocessing /Users/mike/CLionProjects/luisa/include/luisa/vstl/memory.h...
Parsing file /Users/mike/CLionProjects/luisa/include/luisa/vstl/memory.h...
Preprocessing /Users/mike/CLionProjects/luisa/include/luisa/vstl/meta_lib.h...
Parsing file /Users/mike/CLionProjects/luisa/include/luisa/vstl/meta_lib.h...
Preprocessing /Users/mike/CLionProjects/luisa/include/luisa/vstl/pool.h...
Parsing file /Users/mike/CLionProjects/luisa/include/luisa/vstl/pool.h...
Preprocessing /Users/mike/CLionProjects/luisa/include/luisa/vstl/ranges.h...
Parsing file /Users/mike/CLionProjects/luisa/include/luisa/vstl/ranges.h...
Preprocessing /Users/mike/CLionProjects/luisa/include/luisa/vstl/spin_mutex.h...
Parsing file /Users/mike/CLionProjects/luisa/include/luisa/vstl/spin_mutex.h...
Preprocessing /Users/mike/CLionProjects/luisa/include/luisa/vstl/stack_allocator.h...
Parsing file /Users/mike/CLionProjects/luisa/include/luisa/vstl/stack_allocator.h...
Preprocessing /Users/mike/CLionProjects/luisa/include/luisa/vstl/string_builder.h...
Parsing file /Users/mike/CLionProjects/luisa/include/luisa/vstl/string_builder.h...
Preprocessing /Users/mike/CLionProjects/luisa/include/luisa/vstl/string_hash.h...
Parsing file /Users/mike/CLionProjects/luisa/include/luisa/vstl/string_hash.h...
Preprocessing /Users/mike/CLionProjects/luisa/include/luisa/vstl/string_utility.h...
Parsing file /Users/mike/CLionProjects/luisa/include/luisa/vstl/string_utility.h...
Preprocessing /Users/mike/CLionProjects/luisa/include/luisa/vstl/tree_map_base.h...
Parsing file /Users/mike/CLionProjects/luisa/include/luisa/vstl/tree_map_base.h...
Preprocessing /Users/mike/CLionProjects/luisa/include/luisa/vstl/unique_ptr.h...
Parsing file /Users/mike/CLionProjects/luisa/include/luisa/vstl/unique_ptr.h...
Preprocessing /Users/mike/CLionProjects/luisa/include/luisa/vstl/v_allocator.h...
Parsing file /Users/mike/CLionProjects/luisa/include/luisa/vstl/v_allocator.h...
Preprocessing /Users/mike/CLionProjects/luisa/include/luisa/vstl/v_guid.h...
Parsing file /Users/mike/CLionProjects/luisa/include/luisa/vstl/v_guid.h...
Preprocessing /Users/mike/CLionProjects/luisa/include/luisa/vstl/vector.h...
Parsing file /Users/mike/CLionProjects/luisa/include/luisa/vstl/vector.h...
Preprocessing /Users/mike/CLionProjects/luisa/include/luisa/vstl/vstring.h...
Parsing file /Users/mike/CLionProjects/luisa/include/luisa/vstl/vstring.h...
Preprocessing /Users/mike/CLionProjects/luisa/include/luisa/xir/argument.h...
Parsing file /Users/mike/CLionProjects/luisa/include/luisa/xir/argument.h...
Preprocessing /Users/mike/CLionProjects/luisa/include/luisa/xir/basic_block.h...
Parsing file /Users/mike/CLionProjects/luisa/include/luisa/xir/basic_block.h...
Preprocessing /Users/mike/CLionProjects/luisa/include/luisa/xir/builder.h...
Parsing file /Users/mike/CLionProjects/luisa/include/luisa/xir/builder.h...
Preprocessing /Users/mike/CLionProjects/luisa/include/luisa/xir/constant.h...
Parsing file /Users/mike/CLionProjects/luisa/include/luisa/xir/constant.h...
Preprocessing /Users/mike/CLionProjects/luisa/include/luisa/xir/debug_printer.h...
Parsing file /Users/mike/CLionProjects/luisa/include/luisa/xir/debug_printer.h...
Preprocessing /Users/mike/CLionProjects/luisa/include/luisa/xir/function.h...
Parsing file /Users/mike/CLionProjects/luisa/include/luisa/xir/function.h...
Preprocessing /Users/mike/CLionProjects/luisa/include/luisa/xir/instruction.h...
Parsing file /Users/mike/CLionProjects/luisa/include/luisa/xir/instruction.h...
Preprocessing /Users/mike/CLionProjects/luisa/include/luisa/xir/instructions/alloca.h...
Parsing file /Users/mike/CLionProjects/luisa/include/luisa/xir/instructions/alloca.h...
Preprocessing /Users/mike/CLionProjects/luisa/include/luisa/xir/instructions/arithmetic.h...
Parsing file /Users/mike/CLionProjects/luisa/include/luisa/xir/instructions/arithmetic.h...
Preprocessing /Users/mike/CLionProjects/luisa/include/luisa/xir/instructions/assert.h...
Parsing file /Users/mike/CLionProjects/luisa/include/luisa/xir/instructions/assert.h...
Preprocessing /Users/mike/CLionProjects/luisa/include/luisa/xir/instructions/assume.h...
Parsing file /Users/mike/CLionProjects/luisa/include/luisa/xir/instructions/assume.h...
Preprocessing /Users/mike/CLionProjects/luisa/include/luisa/xir/instructions/atomic.h...
Parsing file /Users/mike/CLionProjects/luisa/include/luisa/xir/instructions/atomic.h...
Preprocessing /Users/mike/CLionProjects/luisa/include/luisa/xir/instructions/autodiff.h...
Parsing file /Users/mike/CLionProjects/luisa/include/luisa/xir/instructions/autodiff.h...
Preprocessing /Users/mike/CLionProjects/luisa/include/luisa/xir/instructions/branch.h...
Parsing file /Users/mike/CLionProjects/luisa/include/luisa/xir/instructions/branch.h...
Preprocessing /Users/mike/CLionProjects/luisa/include/luisa/xir/instructions/break.h...
Parsing file /Users/mike/CLionProjects/luisa/include/luisa/xir/instructions/break.h...
Preprocessing /Users/mike/CLionProjects/luisa/include/luisa/xir/instructions/call.h...
Parsing file /Users/mike/CLionProjects/luisa/include/luisa/xir/instructions/call.h...
Preprocessing /Users/mike/CLionProjects/luisa/include/luisa/xir/instructions/cast.h...
Parsing file /Users/mike/CLionProjects/luisa/include/luisa/xir/instructions/cast.h...
Preprocessing /Users/mike/CLionProjects/luisa/include/luisa/xir/instructions/clock.h...
Parsing file /Users/mike/CLionProjects/luisa/include/luisa/xir/instructions/clock.h...
Preprocessing /Users/mike/CLionProjects/luisa/include/luisa/xir/instructions/continue.h...
Parsing file /Users/mike/CLionProjects/luisa/include/luisa/xir/instructions/continue.h...
Preprocessing /Users/mike/CLionProjects/luisa/include/luisa/xir/instructions/coro.h...
Parsing file /Users/mike/CLionProjects/luisa/include/luisa/xir/instructions/coro.h...
Preprocessing /Users/mike/CLionProjects/luisa/include/luisa/xir/instructions/debug_break.h...
Parsing file /Users/mike/CLionProjects/luisa/include/luisa/xir/instructions/debug_break.h...
Preprocessing /Users/mike/CLionProjects/luisa/include/luisa/xir/instructions/gep.h...
Parsing file /Users/mike/CLionProjects/luisa/include/luisa/xir/instructions/gep.h...
Preprocessing /Users/mike/CLionProjects/luisa/include/luisa/xir/instructions/if.h...
Parsing file /Users/mike/CLionProjects/luisa/include/luisa/xir/instructions/if.h...
Preprocessing /Users/mike/CLionProjects/luisa/include/luisa/xir/instructions/indexed_branch.h...
Parsing file /Users/mike/CLionProjects/luisa/include/luisa/xir/instructions/indexed_branch.h...
Preprocessing /Users/mike/CLionProjects/luisa/include/luisa/xir/instructions/load.h...
Parsing file /Users/mike/CLionProjects/luisa/include/luisa/xir/instructions/load.h...
Preprocessing /Users/mike/CLionProjects/luisa/include/luisa/xir/instructions/loop.h...
Parsing file /Users/mike/CLionProjects/luisa/include/luisa/xir/instructions/loop.h...
Preprocessing /Users/mike/CLionProjects/luisa/include/luisa/xir/instructions/outline.h...
Parsing file /Users/mike/CLionProjects/luisa/include/luisa/xir/instructions/outline.h...
Preprocessing /Users/mike/CLionProjects/luisa/include/luisa/xir/instructions/phi.h...
Parsing file /Users/mike/CLionProjects/luisa/include/luisa/xir/instructions/phi.h...
Preprocessing /Users/mike/CLionProjects/luisa/include/luisa/xir/instructions/print.h...
Parsing file /Users/mike/CLionProjects/luisa/include/luisa/xir/instructions/print.h...
Preprocessing /Users/mike/CLionProjects/luisa/include/luisa/xir/instructions/raster_discard.h...
Parsing file /Users/mike/CLionProjects/luisa/include/luisa/xir/instructions/raster_discard.h...
Preprocessing /Users/mike/CLionProjects/luisa/include/luisa/xir/instructions/ray_query.h...
Parsing file /Users/mike/CLionProjects/luisa/include/luisa/xir/instructions/ray_query.h...
Preprocessing /Users/mike/CLionProjects/luisa/include/luisa/xir/instructions/resource.h...
Parsing file /Users/mike/CLionProjects/luisa/include/luisa/xir/instructions/resource.h...
Preprocessing /Users/mike/CLionProjects/luisa/include/luisa/xir/instructions/return.h...
Parsing file /Users/mike/CLionProjects/luisa/include/luisa/xir/instructions/return.h...
Preprocessing /Users/mike/CLionProjects/luisa/include/luisa/xir/instructions/store.h...
Parsing file /Users/mike/CLionProjects/luisa/include/luisa/xir/instructions/store.h...
Preprocessing /Users/mike/CLionProjects/luisa/include/luisa/xir/instructions/switch.h...
Parsing file /Users/mike/CLionProjects/luisa/include/luisa/xir/instructions/switch.h...
Preprocessing /Users/mike/CLionProjects/luisa/include/luisa/xir/instructions/thread_group.h...
Parsing file /Users/mike/CLionProjects/luisa/include/luisa/xir/instructions/thread_group.h...
Preprocessing /Users/mike/CLionProjects/luisa/include/luisa/xir/instructions/unreachable.h...
Parsing file /Users/mike/CLionProjects/luisa/include/luisa/xir/instructions/unreachable.h...
Preprocessing /Users/mike/CLionProjects/luisa/include/luisa/xir/metadata.h...
Parsing file /Users/mike/CLionProjects/luisa/include/luisa/xir/metadata.h...
Preprocessing /Users/mike/CLionProjects/luisa/include/luisa/xir/metadata/comment.h...
Parsing file /Users/mike/CLionProjects/luisa/include/luisa/xir/metadata/comment.h...
Preprocessing /Users/mike/CLionProjects/luisa/include/luisa/xir/metadata/curve_basis.h...
Parsing file /Users/mike/CLionProjects/luisa/include/luisa/xir/metadata/curve_basis.h...
Preprocessing /Users/mike/CLionProjects/luisa/include/luisa/xir/metadata/location.h...
Parsing file /Users/mike/CLionProjects/luisa/include/luisa/xir/metadata/location.h...
Preprocessing /Users/mike/CLionProjects/luisa/include/luisa/xir/metadata/name.h...
Parsing file /Users/mike/CLionProjects/luisa/include/luisa/xir/metadata/name.h...
Preprocessing /Users/mike/CLionProjects/luisa/include/luisa/xir/metadata/reg2mem_spill.h...
Parsing file /Users/mike/CLionProjects/luisa/include/luisa/xir/metadata/reg2mem_spill.h...
Preprocessing /Users/mike/CLionProjects/luisa/include/luisa/xir/metadata/signature_constraint.h...
Parsing file /Users/mike/CLionProjects/luisa/include/luisa/xir/metadata/signature_constraint.h...
Preprocessing /Users/mike/CLionProjects/luisa/include/luisa/xir/module.h...
Parsing file /Users/mike/CLionProjects/luisa/include/luisa/xir/module.h...
Preprocessing /Users/mike/CLionProjects/luisa/include/luisa/xir/op.h...
Parsing file /Users/mike/CLionProjects/luisa/include/luisa/xir/op.h...
Preprocessing /Users/mike/CLionProjects/luisa/include/luisa/xir/op_to_string.inl.h...
Parsing file /Users/mike/CLionProjects/luisa/include/luisa/xir/op_to_string.inl.h...
Preprocessing /Users/mike/CLionProjects/luisa/include/luisa/xir/passes/aggregate_field_bitmask.h...
Parsing file /Users/mike/CLionProjects/luisa/include/luisa/xir/passes/aggregate_field_bitmask.h...
Preprocessing /Users/mike/CLionProjects/luisa/include/luisa/xir/passes/algebraic_simplify.h...
Parsing file /Users/mike/CLionProjects/luisa/include/luisa/xir/passes/algebraic_simplify.h...
Preprocessing /Users/mike/CLionProjects/luisa/include/luisa/xir/passes/alias_analysis.h...
Parsing file /Users/mike/CLionProjects/luisa/include/luisa/xir/passes/alias_analysis.h...
Preprocessing /Users/mike/CLionProjects/luisa/include/luisa/xir/passes/autodiff.h...
Parsing file /Users/mike/CLionProjects/luisa/include/luisa/xir/passes/autodiff.h...
Preprocessing /Users/mike/CLionProjects/luisa/include/luisa/xir/passes/call_graph.h...
Parsing file /Users/mike/CLionProjects/luisa/include/luisa/xir/passes/call_graph.h...
Preprocessing /Users/mike/CLionProjects/luisa/include/luisa/xir/passes/const_fold.h...
Parsing file /Users/mike/CLionProjects/luisa/include/luisa/xir/passes/const_fold.h...
Preprocessing /Users/mike/CLionProjects/luisa/include/luisa/xir/passes/convergence_region.h...
Parsing file /Users/mike/CLionProjects/luisa/include/luisa/xir/passes/convergence_region.h...
Preprocessing /Users/mike/CLionProjects/luisa/include/luisa/xir/passes/coro_alloca_scope.h...
Parsing file /Users/mike/CLionProjects/luisa/include/luisa/xir/passes/coro_alloca_scope.h...
Preprocessing /Users/mike/CLionProjects/luisa/include/luisa/xir/passes/coro_cfg_distill.h...
Parsing file /Users/mike/CLionProjects/luisa/include/luisa/xir/passes/coro_cfg_distill.h...
Preprocessing /Users/mike/CLionProjects/luisa/include/luisa/xir/passes/coro_materialize.h...
Parsing file /Users/mike/CLionProjects/luisa/include/luisa/xir/passes/coro_materialize.h...
Preprocessing /Users/mike/CLionProjects/luisa/include/luisa/xir/passes/coro_reg2mem.h...
Parsing file /Users/mike/CLionProjects/luisa/include/luisa/xir/passes/coro_reg2mem.h...
Preprocessing /Users/mike/CLionProjects/luisa/include/luisa/xir/passes/coro_rematerialize.h...
Parsing file /Users/mike/CLionProjects/luisa/include/luisa/xir/passes/coro_rematerialize.h...
Preprocessing /Users/mike/CLionProjects/luisa/include/luisa/xir/passes/coro_split.h...
Parsing file /Users/mike/CLionProjects/luisa/include/luisa/xir/passes/coro_split.h...
Preprocessing /Users/mike/CLionProjects/luisa/include/luisa/xir/passes/cvp.h...
Parsing file /Users/mike/CLionProjects/luisa/include/luisa/xir/passes/cvp.h...
Preprocessing /Users/mike/CLionProjects/luisa/include/luisa/xir/passes/dce.h...
Parsing file /Users/mike/CLionProjects/luisa/include/luisa/xir/passes/dce.h...
Preprocessing /Users/mike/CLionProjects/luisa/include/luisa/xir/passes/dead_arg_elim.h...
Parsing file /Users/mike/CLionProjects/luisa/include/luisa/xir/passes/dead_arg_elim.h...
Preprocessing /Users/mike/CLionProjects/luisa/include/luisa/xir/passes/dead_field_elimination.h...
Parsing file /Users/mike/CLionProjects/luisa/include/luisa/xir/passes/dead_field_elimination.h...
Preprocessing /Users/mike/CLionProjects/luisa/include/luisa/xir/passes/dead_store_elimination.h...
Parsing file /Users/mike/CLionProjects/luisa/include/luisa/xir/passes/dead_store_elimination.h...
Preprocessing /Users/mike/CLionProjects/luisa/include/luisa/xir/passes/defer_local_aggregate_load.h...
Parsing file /Users/mike/CLionProjects/luisa/include/luisa/xir/passes/defer_local_aggregate_load.h...
Preprocessing /Users/mike/CLionProjects/luisa/include/luisa/xir/passes/destructure_cfg.h...
Parsing file /Users/mike/CLionProjects/luisa/include/luisa/xir/passes/destructure_cfg.h...
Preprocessing /Users/mike/CLionProjects/luisa/include/luisa/xir/passes/div_rem_pairs.h...
Parsing file /Users/mike/CLionProjects/luisa/include/luisa/xir/passes/div_rem_pairs.h...
Preprocessing /Users/mike/CLionProjects/luisa/include/luisa/xir/passes/dom_tree.h...
Parsing file /Users/mike/CLionProjects/luisa/include/luisa/xir/passes/dom_tree.h...
Preprocessing /Users/mike/CLionProjects/luisa/include/luisa/xir/passes/early_cse.h...
Parsing file /Users/mike/CLionProjects/luisa/include/luisa/xir/passes/early_cse.h...
Preprocessing /Users/mike/CLionProjects/luisa/include/luisa/xir/passes/early_return_elimination.h...
Parsing file /Users/mike/CLionProjects/luisa/include/luisa/xir/passes/early_return_elimination.h...
Preprocessing /Users/mike/CLionProjects/luisa/include/luisa/xir/passes/fast_math_simplify.h...
Parsing file /Users/mike/CLionProjects/luisa/include/luisa/xir/passes/fast_math_simplify.h...
Preprocessing /Users/mike/CLionProjects/luisa/include/luisa/xir/passes/fix_self_referential.h...
Parsing file /Users/mike/CLionProjects/luisa/include/luisa/xir/passes/fix_self_referential.h...
Preprocessing /Users/mike/CLionProjects/luisa/include/luisa/xir/passes/fuse_consecutive_buffer_reads.h...
Parsing file /Users/mike/CLionProjects/luisa/include/luisa/xir/passes/fuse_consecutive_buffer_reads.h...
Preprocessing /Users/mike/CLionProjects/luisa/include/luisa/xir/passes/gvn.h...
Parsing file /Users/mike/CLionProjects/luisa/include/luisa/xir/passes/gvn.h...
Preprocessing /Users/mike/CLionProjects/luisa/include/luisa/xir/passes/if_conversion.h...
Parsing file /Users/mike/CLionProjects/luisa/include/luisa/xir/passes/if_conversion.h...
Preprocessing /Users/mike/CLionProjects/luisa/include/luisa/xir/passes/indvar_simplify.h...
Parsing file /Users/mike/CLionProjects/luisa/include/luisa/xir/passes/indvar_simplify.h...
Preprocessing /Users/mike/CLionProjects/luisa/include/luisa/xir/passes/inline.h...
Parsing file /Users/mike/CLionProjects/luisa/include/luisa/xir/passes/inline.h...
Preprocessing /Users/mike/CLionProjects/luisa/include/luisa/xir/passes/integer_alignment.h...
Parsing file /Users/mike/CLionProjects/luisa/include/luisa/xir/passes/integer_alignment.h...
Preprocessing /Users/mike/CLionProjects/luisa/include/luisa/xir/passes/lex_scope_analysis.h...
Parsing file /Users/mike/CLionProjects/luisa/include/luisa/xir/passes/lex_scope_analysis.h...
Preprocessing /Users/mike/CLionProjects/luisa/include/luisa/xir/passes/licm.h...
Parsing file /Users/mike/CLionProjects/luisa/include/luisa/xir/passes/licm.h...
Preprocessing /Users/mike/CLionProjects/luisa/include/luisa/xir/passes/local_load_elimination.h...
Parsing file /Users/mike/CLionProjects/luisa/include/luisa/xir/passes/local_load_elimination.h...
Preprocessing /Users/mike/CLionProjects/luisa/include/luisa/xir/passes/local_store_forward.h...
Parsing file /Users/mike/CLionProjects/luisa/include/luisa/xir/passes/local_store_forward.h...
Preprocessing /Users/mike/CLionProjects/luisa/include/luisa/xir/passes/loop_fusion.h...
Parsing file /Users/mike/CLionProjects/luisa/include/luisa/xir/passes/loop_fusion.h...
Preprocessing /Users/mike/CLionProjects/luisa/include/luisa/xir/passes/loop_rotation.h...
Parsing file /Users/mike/CLionProjects/luisa/include/luisa/xir/passes/loop_rotation.h...
Preprocessing /Users/mike/CLionProjects/luisa/include/luisa/xir/passes/loop_unswitch.h...
Parsing file /Users/mike/CLionProjects/luisa/include/luisa/xir/passes/loop_unswitch.h...
Preprocessing /Users/mike/CLionProjects/luisa/include/luisa/xir/passes/loop_vectorization.h...
Parsing file /Users/mike/CLionProjects/luisa/include/luisa/xir/passes/loop_vectorization.h...
Preprocessing /Users/mike/CLionProjects/luisa/include/luisa/xir/passes/lower_break_continue.h...
Parsing file /Users/mike/CLionProjects/luisa/include/luisa/xir/passes/lower_break_continue.h...
Preprocessing /Users/mike/CLionProjects/luisa/include/luisa/xir/passes/lower_irreducible_cfg.h...
Parsing file /Users/mike/CLionProjects/luisa/include/luisa/xir/passes/lower_irreducible_cfg.h...
Preprocessing /Users/mike/CLionProjects/luisa/include/luisa/xir/passes/lower_ray_query_loop.h...
Parsing file /Users/mike/CLionProjects/luisa/include/luisa/xir/passes/lower_ray_query_loop.h...
Preprocessing /Users/mike/CLionProjects/luisa/include/luisa/xir/passes/lower_ray_query_loop_to_loop.h...
Parsing file /Users/mike/CLionProjects/luisa/include/luisa/xir/passes/lower_ray_query_loop_to_loop.h...
Preprocessing /Users/mike/CLionProjects/luisa/include/luisa/xir/passes/lower_ray_query_to_loop.h...
Parsing file /Users/mike/CLionProjects/luisa/include/luisa/xir/passes/lower_ray_query_to_loop.h...
Preprocessing /Users/mike/CLionProjects/luisa/include/luisa/xir/passes/lower_ray_query_to_pipeline.h...
Parsing file /Users/mike/CLionProjects/luisa/include/luisa/xir/passes/lower_ray_query_to_pipeline.h...
Preprocessing /Users/mike/CLionProjects/luisa/include/luisa/xir/passes/mem2reg.h...
Parsing file /Users/mike/CLionProjects/luisa/include/luisa/xir/passes/mem2reg.h...
Preprocessing /Users/mike/CLionProjects/luisa/include/luisa/xir/passes/outline.h...
Parsing file /Users/mike/CLionProjects/luisa/include/luisa/xir/passes/outline.h...
Preprocessing /Users/mike/CLionProjects/luisa/include/luisa/xir/passes/pass_pipeline.h...
Parsing file /Users/mike/CLionProjects/luisa/include/luisa/xir/passes/pass_pipeline.h...
Preprocessing /Users/mike/CLionProjects/luisa/include/luisa/xir/passes/pass_verification.h...
Parsing file /Users/mike/CLionProjects/luisa/include/luisa/xir/passes/pass_verification.h...
Preprocessing /Users/mike/CLionProjects/luisa/include/luisa/xir/passes/phi_cleanup.h...
Parsing file /Users/mike/CLionProjects/luisa/include/luisa/xir/passes/phi_cleanup.h...
Preprocessing /Users/mike/CLionProjects/luisa/include/luisa/xir/passes/pointer_usage.h...
Parsing file /Users/mike/CLionProjects/luisa/include/luisa/xir/passes/pointer_usage.h...
Preprocessing /Users/mike/CLionProjects/luisa/include/luisa/xir/passes/post_dom_tree.h...
Parsing file /Users/mike/CLionProjects/luisa/include/luisa/xir/passes/post_dom_tree.h...
Preprocessing /Users/mike/CLionProjects/luisa/include/luisa/xir/passes/promote_ref_arg.h...
Parsing file /Users/mike/CLionProjects/luisa/include/luisa/xir/passes/promote_ref_arg.h...
Preprocessing /Users/mike/CLionProjects/luisa/include/luisa/xir/passes/reassociate.h...
Parsing file /Users/mike/CLionProjects/luisa/include/luisa/xir/passes/reassociate.h...
Preprocessing /Users/mike/CLionProjects/luisa/include/luisa/xir/passes/reconstruct_ray_query_loop.h...
Parsing file /Users/mike/CLionProjects/luisa/include/luisa/xir/passes/reconstruct_ray_query_loop.h...
Preprocessing /Users/mike/CLionProjects/luisa/include/luisa/xir/passes/reg2mem.h...
Parsing file /Users/mike/CLionProjects/luisa/include/luisa/xir/passes/reg2mem.h...
Preprocessing /Users/mike/CLionProjects/luisa/include/luisa/xir/passes/restructure_cfg.h...
Parsing file /Users/mike/CLionProjects/luisa/include/luisa/xir/passes/restructure_cfg.h...
Preprocessing /Users/mike/CLionProjects/luisa/include/luisa/xir/passes/scalar_evolution.h...
Parsing file /Users/mike/CLionProjects/luisa/include/luisa/xir/passes/scalar_evolution.h...
Preprocessing /Users/mike/CLionProjects/luisa/include/luisa/xir/passes/scalarizer.h...
Parsing file /Users/mike/CLionProjects/luisa/include/luisa/xir/passes/scalarizer.h...
Preprocessing /Users/mike/CLionProjects/luisa/include/luisa/xir/passes/sccp.h...
Parsing file /Users/mike/CLionProjects/luisa/include/luisa/xir/passes/sccp.h...
Preprocessing /Users/mike/CLionProjects/luisa/include/luisa/xir/passes/select_factor.h...
Parsing file /Users/mike/CLionProjects/luisa/include/luisa/xir/passes/select_factor.h...
Preprocessing /Users/mike/CLionProjects/luisa/include/luisa/xir/passes/simplify_cfg.h...
Parsing file /Users/mike/CLionProjects/luisa/include/luisa/xir/passes/simplify_cfg.h...
Preprocessing /Users/mike/CLionProjects/luisa/include/luisa/xir/passes/simplify_libcalls.h...
Parsing file /Users/mike/CLionProjects/luisa/include/luisa/xir/passes/simplify_libcalls.h...
Preprocessing /Users/mike/CLionProjects/luisa/include/luisa/xir/passes/slp_vectorization.h...
Parsing file /Users/mike/CLionProjects/luisa/include/luisa/xir/passes/slp_vectorization.h...
Preprocessing /Users/mike/CLionProjects/luisa/include/luisa/xir/passes/sroa.h...
Parsing file /Users/mike/CLionProjects/luisa/include/luisa/xir/passes/sroa.h...
Preprocessing /Users/mike/CLionProjects/luisa/include/luisa/xir/passes/trace_gep.h...
Parsing file /Users/mike/CLionProjects/luisa/include/luisa/xir/passes/trace_gep.h...
Preprocessing /Users/mike/CLionProjects/luisa/include/luisa/xir/passes/transpose_gep.h...
Parsing file /Users/mike/CLionProjects/luisa/include/luisa/xir/passes/transpose_gep.h...
Preprocessing /Users/mike/CLionProjects/luisa/include/luisa/xir/passes/uniformity_analysis.h...
Parsing file /Users/mike/CLionProjects/luisa/include/luisa/xir/passes/uniformity_analysis.h...
Preprocessing /Users/mike/CLionProjects/luisa/include/luisa/xir/passes/unused_callable_removal.h...
Parsing file /Users/mike/CLionProjects/luisa/include/luisa/xir/passes/unused_callable_removal.h...
Preprocessing /Users/mike/CLionProjects/luisa/include/luisa/xir/special_register.h...
Parsing file /Users/mike/CLionProjects/luisa/include/luisa/xir/special_register.h...
Preprocessing /Users/mike/CLionProjects/luisa/include/luisa/xir/traits.h...
Parsing file /Users/mike/CLionProjects/luisa/include/luisa/xir/traits.h...
Preprocessing /Users/mike/CLionProjects/luisa/include/luisa/xir/translators/ast2xir.h...
Parsing file /Users/mike/CLionProjects/luisa/include/luisa/xir/translators/ast2xir.h...
Preprocessing /Users/mike/CLionProjects/luisa/include/luisa/xir/translators/coro_xir2ast.h...
Parsing file /Users/mike/CLionProjects/luisa/include/luisa/xir/translators/coro_xir2ast.h...
Preprocessing /Users/mike/CLionProjects/luisa/include/luisa/xir/translators/json2xir.h...
Parsing file /Users/mike/CLionProjects/luisa/include/luisa/xir/translators/json2xir.h...
Preprocessing /Users/mike/CLionProjects/luisa/include/luisa/xir/translators/xir2ast.h...
Parsing file /Users/mike/CLionProjects/luisa/include/luisa/xir/translators/xir2ast.h...
Preprocessing /Users/mike/CLionProjects/luisa/include/luisa/xir/translators/xir2json.h...
Parsing file /Users/mike/CLionProjects/luisa/include/luisa/xir/translators/xir2json.h...
Preprocessing /Users/mike/CLionProjects/luisa/include/luisa/xir/translators/xir2text.h...
Parsing file /Users/mike/CLionProjects/luisa/include/luisa/xir/translators/xir2text.h...
Preprocessing /Users/mike/CLionProjects/luisa/include/luisa/xir/translators/xir_interchange.h...
Parsing file /Users/mike/CLionProjects/luisa/include/luisa/xir/translators/xir_interchange.h...
Preprocessing /Users/mike/CLionProjects/luisa/include/luisa/xir/undefined.h...
Parsing file /Users/mike/CLionProjects/luisa/include/luisa/xir/undefined.h...
Preprocessing /Users/mike/CLionProjects/luisa/include/luisa/xir/use.h...
Parsing file /Users/mike/CLionProjects/luisa/include/luisa/xir/use.h...
Preprocessing /Users/mike/CLionProjects/luisa/include/luisa/xir/user.h...
Parsing file /Users/mike/CLionProjects/luisa/include/luisa/xir/user.h...
Preprocessing /Users/mike/CLionProjects/luisa/include/luisa/xir/value.h...
Parsing file /Users/mike/CLionProjects/luisa/include/luisa/xir/value.h...
Preprocessing /Users/mike/CLionProjects/luisa/include/luisa/xir/verifier.h...
Parsing file /Users/mike/CLionProjects/luisa/include/luisa/xir/verifier.h...
Preprocessing /Users/mike/CLionProjects/luisa/src/ast/ast2json.cpp...
Parsing file /Users/mike/CLionProjects/luisa/src/ast/ast2json.cpp...
Preprocessing /Users/mike/CLionProjects/luisa/src/ast/atomic_ref_node.cpp...
Parsing file /Users/mike/CLionProjects/luisa/src/ast/atomic_ref_node.cpp...
Preprocessing /Users/mike/CLionProjects/luisa/src/ast/callable_library.cpp...
Parsing file /Users/mike/CLionProjects/luisa/src/ast/callable_library.cpp...
Preprocessing /Users/mike/CLionProjects/luisa/src/ast/constant_data.cpp...
Parsing file /Users/mike/CLionProjects/luisa/src/ast/constant_data.cpp...
Preprocessing /Users/mike/CLionProjects/luisa/src/ast/coro_suspend.cpp...
Parsing file /Users/mike/CLionProjects/luisa/src/ast/coro_suspend.cpp...
Preprocessing /Users/mike/CLionProjects/luisa/src/ast/expression.cpp...
Parsing file /Users/mike/CLionProjects/luisa/src/ast/expression.cpp...
Preprocessing /Users/mike/CLionProjects/luisa/src/ast/external_function.cpp...
Parsing file /Users/mike/CLionProjects/luisa/src/ast/external_function.cpp...
Preprocessing /Users/mike/CLionProjects/luisa/src/ast/function.cpp...
Parsing file /Users/mike/CLionProjects/luisa/src/ast/function.cpp...
Preprocessing /Users/mike/CLionProjects/luisa/src/ast/function_builder.cpp...
Parsing file /Users/mike/CLionProjects/luisa/src/ast/function_builder.cpp...
Preprocessing /Users/mike/CLionProjects/luisa/src/ast/function_duplicator.cpp...
Parsing file /Users/mike/CLionProjects/luisa/src/ast/function_duplicator.cpp...
Preprocessing /Users/mike/CLionProjects/luisa/src/ast/json2ast.cpp...
Parsing file /Users/mike/CLionProjects/luisa/src/ast/json2ast.cpp...
Preprocessing /Users/mike/CLionProjects/luisa/src/ast/lc_ast_pch.h...
Parsing file /Users/mike/CLionProjects/luisa/src/ast/lc_ast_pch.h...
Preprocessing /Users/mike/CLionProjects/luisa/src/ast/op.cpp...
Parsing file /Users/mike/CLionProjects/luisa/src/ast/op.cpp...
Preprocessing /Users/mike/CLionProjects/luisa/src/ast/statement.cpp...
Parsing file /Users/mike/CLionProjects/luisa/src/ast/statement.cpp...
Preprocessing /Users/mike/CLionProjects/luisa/src/ast/type.cpp...
Parsing file /Users/mike/CLionProjects/luisa/src/ast/type.cpp...
Preprocessing /Users/mike/CLionProjects/luisa/src/ast/variable.cpp...
Parsing file /Users/mike/CLionProjects/luisa/src/ast/variable.cpp...
Preprocessing /Users/mike/CLionProjects/luisa/src/clangcxx/src/compiler.cpp...
Parsing file /Users/mike/CLionProjects/luisa/src/clangcxx/src/compiler.cpp...
Preprocessing /Users/mike/CLionProjects/luisa/src/clangcxx/src/lc_clangcxx_pch.h...
Parsing file /Users/mike/CLionProjects/luisa/src/clangcxx/src/lc_clangcxx_pch.h...
Preprocessing /Users/mike/CLionProjects/luisa/src/clangcxx/src/llvm/ASTConsumer.cpp...
Parsing file /Users/mike/CLionProjects/luisa/src/clangcxx/src/llvm/ASTConsumer.cpp...
Preprocessing /Users/mike/CLionProjects/luisa/src/clangcxx/src/llvm/ASTConsumer.h...
Parsing file /Users/mike/CLionProjects/luisa/src/clangcxx/src/llvm/ASTConsumer.h...
Preprocessing /Users/mike/CLionProjects/luisa/src/clangcxx/src/llvm/FrontendAction.cpp...
Parsing file /Users/mike/CLionProjects/luisa/src/clangcxx/src/llvm/FrontendAction.cpp...
Preprocessing /Users/mike/CLionProjects/luisa/src/clangcxx/src/llvm/FrontendAction.h...
Parsing file /Users/mike/CLionProjects/luisa/src/clangcxx/src/llvm/FrontendAction.h...
Preprocessing /Users/mike/CLionProjects/luisa/src/clangcxx/src/llvm/Global.cpp...
Parsing file /Users/mike/CLionProjects/luisa/src/clangcxx/src/llvm/Global.cpp...
Preprocessing /Users/mike/CLionProjects/luisa/src/clangcxx/src/llvm/Global.h...
Parsing file /Users/mike/CLionProjects/luisa/src/clangcxx/src/llvm/Global.h...
Preprocessing /Users/mike/CLionProjects/luisa/src/clangcxx/src/llvm/TypeDatabase.cpp...
Parsing file /Users/mike/CLionProjects/luisa/src/clangcxx/src/llvm/TypeDatabase.cpp...
Preprocessing /Users/mike/CLionProjects/luisa/src/clangcxx/src/llvm/TypeDatabase.h...
Parsing file /Users/mike/CLionProjects/luisa/src/clangcxx/src/llvm/TypeDatabase.h...
Preprocessing /Users/mike/CLionProjects/luisa/src/clangcxx/src/llvm/Utils/AttributeHelper.hpp...
Parsing file /Users/mike/CLionProjects/luisa/src/clangcxx/src/llvm/Utils/AttributeHelper.hpp...
Preprocessing /Users/mike/CLionProjects/luisa/src/clangcxx/src/llvm/Utils/ClangCompat.hpp...
Parsing file /Users/mike/CLionProjects/luisa/src/clangcxx/src/llvm/Utils/ClangCompat.hpp...
Preprocessing /Users/mike/CLionProjects/luisa/src/clangcxx/src/llvm/Utils/Defer.hpp...
Parsing file /Users/mike/CLionProjects/luisa/src/clangcxx/src/llvm/Utils/Defer.hpp...
Preprocessing /Users/mike/CLionProjects/luisa/src/clangcxx/src/llvm/Utils/OptionsParser.cpp...
Parsing file /Users/mike/CLionProjects/luisa/src/clangcxx/src/llvm/Utils/OptionsParser.cpp...
Preprocessing /Users/mike/CLionProjects/luisa/src/clangcxx/src/llvm/Utils/OptionsParser.h...
Parsing file /Users/mike/CLionProjects/luisa/src/clangcxx/src/llvm/Utils/OptionsParser.h...
Preprocessing /Users/mike/CLionProjects/luisa/src/core/basic_types.cpp...
Parsing file /Users/mike/CLionProjects/luisa/src/core/basic_types.cpp...
Preprocessing /Users/mike/CLionProjects/luisa/src/core/binary_file_stream.cpp...
Parsing file /Users/mike/CLionProjects/luisa/src/core/binary_file_stream.cpp...
Preprocessing /Users/mike/CLionProjects/luisa/src/core/binary_io.cpp...
Parsing file /Users/mike/CLionProjects/luisa/src/core/binary_io.cpp...
Preprocessing /Users/mike/CLionProjects/luisa/src/core/dynamic_module.cpp...
Parsing file /Users/mike/CLionProjects/luisa/src/core/dynamic_module.cpp...
Preprocessing /Users/mike/CLionProjects/luisa/src/core/first_fit.cpp...
Parsing file /Users/mike/CLionProjects/luisa/src/core/first_fit.cpp...
Reading /Users/mike/CLionProjects/luisa/src/core/generate_swizzles.py...
Parsing file /Users/mike/CLionProjects/luisa/src/core/generate_swizzles.py...
Preprocessing /Users/mike/CLionProjects/luisa/src/core/logging.cpp...
Parsing file /Users/mike/CLionProjects/luisa/src/core/logging.cpp...
Preprocessing /Users/mike/CLionProjects/luisa/src/core/platform.cpp...
Parsing file /Users/mike/CLionProjects/luisa/src/core/platform.cpp...
Preprocessing /Users/mike/CLionProjects/luisa/src/core/pool.cpp...
Parsing file /Users/mike/CLionProjects/luisa/src/core/pool.cpp...
Preprocessing /Users/mike/CLionProjects/luisa/src/core/stl/filesystem.cpp...
Parsing file /Users/mike/CLionProjects/luisa/src/core/stl/filesystem.cpp...
Preprocessing /Users/mike/CLionProjects/luisa/src/core/stl/hash.cpp...
Parsing file /Users/mike/CLionProjects/luisa/src/core/stl/hash.cpp...
Preprocessing /Users/mike/CLionProjects/luisa/src/core/stl/memory.cpp...
Parsing file /Users/mike/CLionProjects/luisa/src/core/stl/memory.cpp...
Preprocessing /Users/mike/CLionProjects/luisa/src/core/string_scratch.cpp...
Parsing file /Users/mike/CLionProjects/luisa/src/core/string_scratch.cpp...
Preprocessing /Users/mike/CLionProjects/luisa/src/coro/coro_compile.cpp...
Parsing file /Users/mike/CLionProjects/luisa/src/coro/coro_compile.cpp...
Preprocessing /Users/mike/CLionProjects/luisa/src/coro/coro_graph.cpp...
Parsing file /Users/mike/CLionProjects/luisa/src/coro/coro_graph.cpp...
Preprocessing /Users/mike/CLionProjects/luisa/src/coro/coro_stub.cpp...
Parsing file /Users/mike/CLionProjects/luisa/src/coro/coro_stub.cpp...
Preprocessing /Users/mike/CLionProjects/luisa/src/coro/schedulers/graph_wavefront_policy.cpp...
Parsing file /Users/mike/CLionProjects/luisa/src/coro/schedulers/graph_wavefront_policy.cpp...
Preprocessing /Users/mike/CLionProjects/luisa/src/coro/schedulers/persistent.cpp...
Parsing file /Users/mike/CLionProjects/luisa/src/coro/schedulers/persistent.cpp...
Preprocessing /Users/mike/CLionProjects/luisa/src/coro/schedulers/state_machine.cpp...
Parsing file /Users/mike/CLionProjects/luisa/src/coro/schedulers/state_machine.cpp...
Preprocessing /Users/mike/CLionProjects/luisa/src/coro/schedulers/wavefront.cpp...
Parsing file /Users/mike/CLionProjects/luisa/src/coro/schedulers/wavefront.cpp...
Preprocessing /Users/mike/CLionProjects/luisa/src/dsl/builtin.cpp...
Parsing file /Users/mike/CLionProjects/luisa/src/dsl/builtin.cpp...
Preprocessing /Users/mike/CLionProjects/luisa/src/dsl/dispatch_indirect.cpp...
Parsing file /Users/mike/CLionProjects/luisa/src/dsl/dispatch_indirect.cpp...
Preprocessing /Users/mike/CLionProjects/luisa/src/dsl/ext/nanovdb_accessor.h...
Parsing file /Users/mike/CLionProjects/luisa/src/dsl/ext/nanovdb_accessor.h...
Preprocessing /Users/mike/CLionProjects/luisa/src/dsl/func.cpp...
Parsing file /Users/mike/CLionProjects/luisa/src/dsl/func.cpp...
Reading /Users/mike/CLionProjects/luisa/src/dsl/generate_swizzles.py...
Parsing file /Users/mike/CLionProjects/luisa/src/dsl/generate_swizzles.py...
Preprocessing /Users/mike/CLionProjects/luisa/src/dsl/lc_dsl_pch.h...
Parsing file /Users/mike/CLionProjects/luisa/src/dsl/lc_dsl_pch.h...
Preprocessing /Users/mike/CLionProjects/luisa/src/dsl/local.cpp...
Parsing file /Users/mike/CLionProjects/luisa/src/dsl/local.cpp...
Preprocessing /Users/mike/CLionProjects/luisa/src/dsl/polymorphic.cpp...
Parsing file /Users/mike/CLionProjects/luisa/src/dsl/polymorphic.cpp...
Preprocessing /Users/mike/CLionProjects/luisa/src/dsl/raster/raster_kernel.cpp...
Parsing file /Users/mike/CLionProjects/luisa/src/dsl/raster/raster_kernel.cpp...
Preprocessing /Users/mike/CLionProjects/luisa/src/dsl/resource.cpp...
Parsing file /Users/mike/CLionProjects/luisa/src/dsl/resource.cpp...
Preprocessing /Users/mike/CLionProjects/luisa/src/dsl/rtx/accel.cpp...
Parsing file /Users/mike/CLionProjects/luisa/src/dsl/rtx/accel.cpp...
Preprocessing /Users/mike/CLionProjects/luisa/src/dsl/rtx/curve.cpp...
Parsing file /Users/mike/CLionProjects/luisa/src/dsl/rtx/curve.cpp...
Preprocessing /Users/mike/CLionProjects/luisa/src/dsl/rtx/hit.cpp...
Parsing file /Users/mike/CLionProjects/luisa/src/dsl/rtx/hit.cpp...
Preprocessing /Users/mike/CLionProjects/luisa/src/dsl/rtx/ray.cpp...
Parsing file /Users/mike/CLionProjects/luisa/src/dsl/rtx/ray.cpp...
Preprocessing /Users/mike/CLionProjects/luisa/src/dsl/rtx/ray_query.cpp...
Parsing file /Users/mike/CLionProjects/luisa/src/dsl/rtx/ray_query.cpp...
Preprocessing /Users/mike/CLionProjects/luisa/src/dsl/soa.cpp...
Parsing file /Users/mike/CLionProjects/luisa/src/dsl/soa.cpp...
Preprocessing /Users/mike/CLionProjects/luisa/src/dsl/sugar.cpp...
Parsing file /Users/mike/CLionProjects/luisa/src/dsl/sugar.cpp...
Preprocessing /Users/mike/CLionProjects/luisa/src/gui/framerate.cpp...
Parsing file /Users/mike/CLionProjects/luisa/src/gui/framerate.cpp...
Preprocessing /Users/mike/CLionProjects/luisa/src/gui/imgui_window.cpp...
Parsing file /Users/mike/CLionProjects/luisa/src/gui/imgui_window.cpp...
Preprocessing /Users/mike/CLionProjects/luisa/src/gui/window.cpp...
Parsing file /Users/mike/CLionProjects/luisa/src/gui/window.cpp...
Preprocessing /Users/mike/CLionProjects/luisa/src/osl/hint.cpp...
Parsing file /Users/mike/CLionProjects/luisa/src/osl/hint.cpp...
Preprocessing /Users/mike/CLionProjects/luisa/src/osl/instruction.cpp...
Parsing file /Users/mike/CLionProjects/luisa/src/osl/instruction.cpp...
Preprocessing /Users/mike/CLionProjects/luisa/src/osl/literal.cpp...
Parsing file /Users/mike/CLionProjects/luisa/src/osl/literal.cpp...
Preprocessing /Users/mike/CLionProjects/luisa/src/osl/oso_parser.cpp...
Parsing file /Users/mike/CLionProjects/luisa/src/osl/oso_parser.cpp...
Preprocessing /Users/mike/CLionProjects/luisa/src/osl/shader.cpp...
Parsing file /Users/mike/CLionProjects/luisa/src/osl/shader.cpp...
Preprocessing /Users/mike/CLionProjects/luisa/src/osl/symbol.cpp...
Parsing file /Users/mike/CLionProjects/luisa/src/osl/symbol.cpp...
Preprocessing /Users/mike/CLionProjects/luisa/src/osl/type.cpp...
Parsing file /Users/mike/CLionProjects/luisa/src/osl/type.cpp...
Preprocessing /Users/mike/CLionProjects/luisa/src/py/dlpack.h...
Parsing file /Users/mike/CLionProjects/luisa/src/py/dlpack.h...
Preprocessing /Users/mike/CLionProjects/luisa/src/py/export_commands.cpp...
Parsing file /Users/mike/CLionProjects/luisa/src/py/export_commands.cpp...
Preprocessing /Users/mike/CLionProjects/luisa/src/py/export_dlpack.cpp...
Parsing file /Users/mike/CLionProjects/luisa/src/py/export_dlpack.cpp...
Preprocessing /Users/mike/CLionProjects/luisa/src/py/export_expr.cpp...
Parsing file /Users/mike/CLionProjects/luisa/src/py/export_expr.cpp...
Preprocessing /Users/mike/CLionProjects/luisa/src/py/export_gui.cpp...
Parsing file /Users/mike/CLionProjects/luisa/src/py/export_gui.cpp...
Preprocessing /Users/mike/CLionProjects/luisa/src/py/export_matrix.cpp...
Parsing file /Users/mike/CLionProjects/luisa/src/py/export_matrix.cpp...
Preprocessing /Users/mike/CLionProjects/luisa/src/py/export_op.cpp...
Parsing file /Users/mike/CLionProjects/luisa/src/py/export_op.cpp...
Preprocessing /Users/mike/CLionProjects/luisa/src/py/export_runtime.cpp...
Parsing file /Users/mike/CLionProjects/luisa/src/py/export_runtime.cpp...
Preprocessing /Users/mike/CLionProjects/luisa/src/py/export_vector2.cpp...
Parsing file /Users/mike/CLionProjects/luisa/src/py/export_vector2.cpp...
Preprocessing /Users/mike/CLionProjects/luisa/src/py/export_vector3.cpp...
Parsing file /Users/mike/CLionProjects/luisa/src/py/export_vector3.cpp...
Preprocessing /Users/mike/CLionProjects/luisa/src/py/export_vector4.cpp...
Parsing file /Users/mike/CLionProjects/luisa/src/py/export_vector4.cpp...
Preprocessing /Users/mike/CLionProjects/luisa/src/py/image_util.cpp...
Parsing file /Users/mike/CLionProjects/luisa/src/py/image_util.cpp...
Preprocessing /Users/mike/CLionProjects/luisa/src/py/interop.cpp...
Parsing file /Users/mike/CLionProjects/luisa/src/py/interop.cpp...
Preprocessing /Users/mike/CLionProjects/luisa/src/py/interop.h...
Parsing file /Users/mike/CLionProjects/luisa/src/py/interop.h...
Preprocessing /Users/mike/CLionProjects/luisa/src/py/lcapi.cpp...
Parsing file /Users/mike/CLionProjects/luisa/src/py/lcapi.cpp...
Preprocessing /Users/mike/CLionProjects/luisa/src/py/lcpy_pch.h...
Parsing file /Users/mike/CLionProjects/luisa/src/py/lcpy_pch.h...
Reading /Users/mike/CLionProjects/luisa/src/py/luisa/__init__.py...
Parsing file /Users/mike/CLionProjects/luisa/src/py/luisa/__init__.py...
Reading /Users/mike/CLionProjects/luisa/src/py/luisa/accel.py...
Parsing file /Users/mike/CLionProjects/luisa/src/py/luisa/accel.py...
Reading /Users/mike/CLionProjects/luisa/src/py/luisa/array.py...
Parsing file /Users/mike/CLionProjects/luisa/src/py/luisa/array.py...
Reading /Users/mike/CLionProjects/luisa/src/py/luisa/astbuilder.py...
Parsing file /Users/mike/CLionProjects/luisa/src/py/luisa/astbuilder.py...
Reading /Users/mike/CLionProjects/luisa/src/py/luisa/atomic.py...
Parsing file /Users/mike/CLionProjects/luisa/src/py/luisa/atomic.py...
Reading /Users/mike/CLionProjects/luisa/src/py/luisa/autodiff.py...
Parsing file /Users/mike/CLionProjects/luisa/src/py/luisa/autodiff.py...
Reading /Users/mike/CLionProjects/luisa/src/py/luisa/bindless.py...
Parsing file /Users/mike/CLionProjects/luisa/src/py/luisa/bindless.py...
Reading /Users/mike/CLionProjects/luisa/src/py/luisa/buffer.py...
Parsing file /Users/mike/CLionProjects/luisa/src/py/luisa/buffer.py...
Reading /Users/mike/CLionProjects/luisa/src/py/luisa/builtin.py...
Parsing file /Users/mike/CLionProjects/luisa/src/py/luisa/builtin.py...
Reading /Users/mike/CLionProjects/luisa/src/py/luisa/callable_lib.py...
Parsing file /Users/mike/CLionProjects/luisa/src/py/luisa/callable_lib.py...
Reading /Users/mike/CLionProjects/luisa/src/py/luisa/framerate.py...
Parsing file /Users/mike/CLionProjects/luisa/src/py/luisa/framerate.py...
Reading /Users/mike/CLionProjects/luisa/src/py/luisa/func.py...
Parsing file /Users/mike/CLionProjects/luisa/src/py/luisa/func.py...
Reading /Users/mike/CLionProjects/luisa/src/py/luisa/globalvars.py...
Parsing file /Users/mike/CLionProjects/luisa/src/py/luisa/globalvars.py...
Reading /Users/mike/CLionProjects/luisa/src/py/luisa/gui.py...
Parsing file /Users/mike/CLionProjects/luisa/src/py/luisa/gui.py...
Reading /Users/mike/CLionProjects/luisa/src/py/luisa/hit.py...
Parsing file /Users/mike/CLionProjects/luisa/src/py/luisa/hit.py...
Reading /Users/mike/CLionProjects/luisa/src/py/luisa/image2d.py...
Parsing file /Users/mike/CLionProjects/luisa/src/py/luisa/image2d.py...
Reading /Users/mike/CLionProjects/luisa/src/py/luisa/image3d.py...
Parsing file /Users/mike/CLionProjects/luisa/src/py/luisa/image3d.py...
Reading /Users/mike/CLionProjects/luisa/src/py/luisa/mathtypes.py...
Parsing file /Users/mike/CLionProjects/luisa/src/py/luisa/mathtypes.py...
Reading /Users/mike/CLionProjects/luisa/src/py/luisa/meshformat.py...
Parsing file /Users/mike/CLionProjects/luisa/src/py/luisa/meshformat.py...
Reading /Users/mike/CLionProjects/luisa/src/py/luisa/raster.py...
Parsing file /Users/mike/CLionProjects/luisa/src/py/luisa/raster.py...
Reading /Users/mike/CLionProjects/luisa/src/py/luisa/raster_func.py...
Parsing file /Users/mike/CLionProjects/luisa/src/py/luisa/raster_func.py...
Reading /Users/mike/CLionProjects/luisa/src/py/luisa/rayquery.py...
Parsing file /Users/mike/CLionProjects/luisa/src/py/luisa/rayquery.py...
Reading /Users/mike/CLionProjects/luisa/src/py/luisa/reftest.py...
Parsing file /Users/mike/CLionProjects/luisa/src/py/luisa/reftest.py...
Reading /Users/mike/CLionProjects/luisa/src/py/luisa/struct.py...
Parsing file /Users/mike/CLionProjects/luisa/src/py/luisa/struct.py...
Reading /Users/mike/CLionProjects/luisa/src/py/luisa/types.py...
Parsing file /Users/mike/CLionProjects/luisa/src/py/luisa/types.py...
Reading /Users/mike/CLionProjects/luisa/src/py/luisa/util.py...
Parsing file /Users/mike/CLionProjects/luisa/src/py/luisa/util.py...
Reading /Users/mike/CLionProjects/luisa/src/py/luisa/vector.py...
Parsing file /Users/mike/CLionProjects/luisa/src/py/luisa/vector.py...
Preprocessing /Users/mike/CLionProjects/luisa/src/py/managed_accel.cpp...
Parsing file /Users/mike/CLionProjects/luisa/src/py/managed_accel.cpp...
Preprocessing /Users/mike/CLionProjects/luisa/src/py/managed_accel.h...
Parsing file /Users/mike/CLionProjects/luisa/src/py/managed_accel.h...
Preprocessing /Users/mike/CLionProjects/luisa/src/py/managed_bindless.cpp...
Parsing file /Users/mike/CLionProjects/luisa/src/py/managed_bindless.cpp...
Preprocessing /Users/mike/CLionProjects/luisa/src/py/managed_bindless.h...
Parsing file /Users/mike/CLionProjects/luisa/src/py/managed_bindless.h...
Preprocessing /Users/mike/CLionProjects/luisa/src/py/managed_collector.cpp...
Parsing file /Users/mike/CLionProjects/luisa/src/py/managed_collector.cpp...
Preprocessing /Users/mike/CLionProjects/luisa/src/py/managed_collector.h...
Parsing file /Users/mike/CLionProjects/luisa/src/py/managed_collector.h...
Preprocessing /Users/mike/CLionProjects/luisa/src/py/managed_device.h...
Parsing file /Users/mike/CLionProjects/luisa/src/py/managed_device.h...
Reading /Users/mike/CLionProjects/luisa/src/py/parse_bindings.py...
Parsing file /Users/mike/CLionProjects/luisa/src/py/parse_bindings.py...
Preprocessing /Users/mike/CLionProjects/luisa/src/py/py_stream.cpp...
Parsing file /Users/mike/CLionProjects/luisa/src/py/py_stream.cpp...
Preprocessing /Users/mike/CLionProjects/luisa/src/py/py_stream.h...
Parsing file /Users/mike/CLionProjects/luisa/src/py/py_stream.h...
Preprocessing /Users/mike/CLionProjects/luisa/src/py/ref_counter.cpp...
Parsing file /Users/mike/CLionProjects/luisa/src/py/ref_counter.cpp...
Preprocessing /Users/mike/CLionProjects/luisa/src/py/ref_counter.h...
Parsing file /Users/mike/CLionProjects/luisa/src/py/ref_counter.h...
Preprocessing /Users/mike/CLionProjects/luisa/src/py/stb.cpp...
Parsing file /Users/mike/CLionProjects/luisa/src/py/stb.cpp...
Preprocessing /Users/mike/CLionProjects/luisa/src/runtime/bindless_array.cpp...
Parsing file /Users/mike/CLionProjects/luisa/src/runtime/bindless_array.cpp...
Preprocessing /Users/mike/CLionProjects/luisa/src/runtime/buffer.cpp...
Parsing file /Users/mike/CLionProjects/luisa/src/runtime/buffer.cpp...
Preprocessing /Users/mike/CLionProjects/luisa/src/runtime/builtin_kernel.cpp...
Parsing file /Users/mike/CLionProjects/luisa/src/runtime/builtin_kernel.cpp...
Preprocessing /Users/mike/CLionProjects/luisa/src/runtime/byte_buffer.cpp...
Parsing file /Users/mike/CLionProjects/luisa/src/runtime/byte_buffer.cpp...
Preprocessing /Users/mike/CLionProjects/luisa/src/runtime/command_list.cpp...
Parsing file /Users/mike/CLionProjects/luisa/src/runtime/command_list.cpp...
Preprocessing /Users/mike/CLionProjects/luisa/src/runtime/context.cpp...
Parsing file /Users/mike/CLionProjects/luisa/src/runtime/context.cpp...
Preprocessing /Users/mike/CLionProjects/luisa/src/runtime/device.cpp...
Parsing file /Users/mike/CLionProjects/luisa/src/runtime/device.cpp...
Preprocessing /Users/mike/CLionProjects/luisa/src/runtime/dispatch_buffer.cpp...
Parsing file /Users/mike/CLionProjects/luisa/src/runtime/dispatch_buffer.cpp...
Preprocessing /Users/mike/CLionProjects/luisa/src/runtime/event.cpp...
Parsing file /Users/mike/CLionProjects/luisa/src/runtime/event.cpp...
Preprocessing /Users/mike/CLionProjects/luisa/src/runtime/image.cpp...
Parsing file /Users/mike/CLionProjects/luisa/src/runtime/image.cpp...
Preprocessing /Users/mike/CLionProjects/luisa/src/runtime/lc_runtime_pch.h...
Parsing file /Users/mike/CLionProjects/luisa/src/runtime/lc_runtime_pch.h...
Preprocessing /Users/mike/CLionProjects/luisa/src/runtime/mipmap.cpp...
Parsing file /Users/mike/CLionProjects/luisa/src/runtime/mipmap.cpp...
Preprocessing /Users/mike/CLionProjects/luisa/src/runtime/raster/depth_buffer.cpp...
Parsing file /Users/mike/CLionProjects/luisa/src/runtime/raster/depth_buffer.cpp...
Preprocessing /Users/mike/CLionProjects/luisa/src/runtime/raster/raster.cpp...
Parsing file /Users/mike/CLionProjects/luisa/src/runtime/raster/raster.cpp...
Preprocessing /Users/mike/CLionProjects/luisa/src/runtime/rhi/command.cpp...
Parsing file /Users/mike/CLionProjects/luisa/src/runtime/rhi/command.cpp...
Preprocessing /Users/mike/CLionProjects/luisa/src/runtime/rhi/command_encoder.cpp...
Parsing file /Users/mike/CLionProjects/luisa/src/runtime/rhi/command_encoder.cpp...
Preprocessing /Users/mike/CLionProjects/luisa/src/runtime/rhi/device_interface.cpp...
Parsing file /Users/mike/CLionProjects/luisa/src/runtime/rhi/device_interface.cpp...
Preprocessing /Users/mike/CLionProjects/luisa/src/runtime/rhi/pixel.cpp...
Parsing file /Users/mike/CLionProjects/luisa/src/runtime/rhi/pixel.cpp...
Preprocessing /Users/mike/CLionProjects/luisa/src/runtime/rhi/resource.cpp...
Parsing file /Users/mike/CLionProjects/luisa/src/runtime/rhi/resource.cpp...
Preprocessing /Users/mike/CLionProjects/luisa/src/runtime/rtx/accel.cpp...
Parsing file /Users/mike/CLionProjects/luisa/src/runtime/rtx/accel.cpp...
Preprocessing /Users/mike/CLionProjects/luisa/src/runtime/rtx/curve.cpp...
Parsing file /Users/mike/CLionProjects/luisa/src/runtime/rtx/curve.cpp...
Preprocessing /Users/mike/CLionProjects/luisa/src/runtime/rtx/mesh.cpp...
Parsing file /Users/mike/CLionProjects/luisa/src/runtime/rtx/mesh.cpp...
Preprocessing /Users/mike/CLionProjects/luisa/src/runtime/rtx/motion_instance.cpp...
Parsing file /Users/mike/CLionProjects/luisa/src/runtime/rtx/motion_instance.cpp...
Preprocessing /Users/mike/CLionProjects/luisa/src/runtime/rtx/procedural_primitive.cpp...
Parsing file /Users/mike/CLionProjects/luisa/src/runtime/rtx/procedural_primitive.cpp...
Preprocessing /Users/mike/CLionProjects/luisa/src/runtime/sparse_buffer.cpp...
Parsing file /Users/mike/CLionProjects/luisa/src/runtime/sparse_buffer.cpp...
Preprocessing /Users/mike/CLionProjects/luisa/src/runtime/sparse_buffer_tile_plan.h...
Parsing file /Users/mike/CLionProjects/luisa/src/runtime/sparse_buffer_tile_plan.h...
Preprocessing /Users/mike/CLionProjects/luisa/src/runtime/sparse_command_list.cpp...
Parsing file /Users/mike/CLionProjects/luisa/src/runtime/sparse_command_list.cpp...
Preprocessing /Users/mike/CLionProjects/luisa/src/runtime/sparse_heap.cpp...
Parsing file /Users/mike/CLionProjects/luisa/src/runtime/sparse_heap.cpp...
Preprocessing /Users/mike/CLionProjects/luisa/src/runtime/sparse_heap_provenance.h...
Parsing file /Users/mike/CLionProjects/luisa/src/runtime/sparse_heap_provenance.h...
Preprocessing /Users/mike/CLionProjects/luisa/src/runtime/sparse_texture.cpp...
Parsing file /Users/mike/CLionProjects/luisa/src/runtime/sparse_texture.cpp...
Preprocessing /Users/mike/CLionProjects/luisa/src/runtime/sparse_texture_tile_plan.h...
Parsing file /Users/mike/CLionProjects/luisa/src/runtime/sparse_texture_tile_plan.h...
Preprocessing /Users/mike/CLionProjects/luisa/src/runtime/sparse_tile_allocation_plan.h...
Parsing file /Users/mike/CLionProjects/luisa/src/runtime/sparse_tile_allocation_plan.h...
Preprocessing /Users/mike/CLionProjects/luisa/src/runtime/stream.cpp...
Parsing file /Users/mike/CLionProjects/luisa/src/runtime/stream.cpp...
Preprocessing /Users/mike/CLionProjects/luisa/src/runtime/swapchain.cpp...
Parsing file /Users/mike/CLionProjects/luisa/src/runtime/swapchain.cpp...
Preprocessing /Users/mike/CLionProjects/luisa/src/runtime/volume.cpp...
Parsing file /Users/mike/CLionProjects/luisa/src/runtime/volume.cpp...
Preprocessing /Users/mike/CLionProjects/luisa/src/tests/benchmark/benchmark_metal4.cpp...
Parsing file /Users/mike/CLionProjects/luisa/src/tests/benchmark/benchmark_metal4.cpp...
Preprocessing /Users/mike/CLionProjects/luisa/src/tests/benchmark/benchmark_tile_manual.mm...
Parsing file /Users/mike/CLionProjects/luisa/src/tests/benchmark/benchmark_tile_manual.mm...
Preprocessing /Users/mike/CLionProjects/luisa/src/tests/benchmark/benchmark_tile_mpp.mm...
Parsing file /Users/mike/CLionProjects/luisa/src/tests/benchmark/benchmark_tile_mpp.mm...
Preprocessing /Users/mike/CLionProjects/luisa/src/tests/benchmark/benchmark_tile_native.cpp...
Parsing file /Users/mike/CLionProjects/luisa/src/tests/benchmark/benchmark_tile_native.cpp...
Preprocessing /Users/mike/CLionProjects/luisa/src/tests/benchmark/benchmark_tile_system.mm...
Parsing file /Users/mike/CLionProjects/luisa/src/tests/benchmark/benchmark_tile_system.mm...
Preprocessing /Users/mike/CLionProjects/luisa/src/tests/benchmark/benchmark_tile_tirx.cpp...
Parsing file /Users/mike/CLionProjects/luisa/src/tests/benchmark/benchmark_tile_tirx.cpp...
Preprocessing /Users/mike/CLionProjects/luisa/src/tests/benchmark/benchmark_tile_xir.cpp...
Parsing file /Users/mike/CLionProjects/luisa/src/tests/benchmark/benchmark_tile_xir.cpp...
Preprocessing /Users/mike/CLionProjects/luisa/src/tests/common/cornell_box.h...
Parsing file /Users/mike/CLionProjects/luisa/src/tests/common/cornell_box.h...
Preprocessing /Users/mike/CLionProjects/luisa/src/tests/common/coro_test_utils.h...
Parsing file /Users/mike/CLionProjects/luisa/src/tests/common/coro_test_utils.h...
Preprocessing /Users/mike/CLionProjects/luisa/src/tests/common/metal_benchmark.h...
Parsing file /Users/mike/CLionProjects/luisa/src/tests/common/metal_benchmark.h...
Preprocessing /Users/mike/CLionProjects/luisa/src/tests/common/metal_benchmark_timing.h...
Parsing file /Users/mike/CLionProjects/luisa/src/tests/common/metal_benchmark_timing.h...
Preprocessing /Users/mike/CLionProjects/luisa/src/tests/common/metal_benchmark_timing.mm...
Parsing file /Users/mike/CLionProjects/luisa/src/tests/common/metal_benchmark_timing.mm...
Preprocessing /Users/mike/CLionProjects/luisa/src/tests/common/projection.hpp...
Parsing file /Users/mike/CLionProjects/luisa/src/tests/common/projection.hpp...
Preprocessing /Users/mike/CLionProjects/luisa/src/tests/common/reference_image.h...
Parsing file /Users/mike/CLionProjects/luisa/src/tests/common/reference_image.h...
Preprocessing /Users/mike/CLionProjects/luisa/src/tests/common/spectrum_data.h...
Parsing file /Users/mike/CLionProjects/luisa/src/tests/common/spectrum_data.h...
Preprocessing /Users/mike/CLionProjects/luisa/src/tests/common/test_device.h...
Parsing file /Users/mike/CLionProjects/luisa/src/tests/common/test_device.h...
Preprocessing /Users/mike/CLionProjects/luisa/src/tests/common/tile_llm_benchmark.h...
Parsing file /Users/mike/CLionProjects/luisa/src/tests/common/tile_llm_benchmark.h...
Preprocessing /Users/mike/CLionProjects/luisa/src/tests/common/tile_llm_test_utils.h...
Parsing file /Users/mike/CLionProjects/luisa/src/tests/common/tile_llm_test_utils.h...
Preprocessing /Users/mike/CLionProjects/luisa/src/tests/common/tile_native_test_utils.h...
Parsing file /Users/mike/CLionProjects/luisa/src/tests/common/tile_native_test_utils.h...
Preprocessing /Users/mike/CLionProjects/luisa/src/tests/common/tile_reduction_policy_test_utils.h...
Parsing file /Users/mike/CLionProjects/luisa/src/tests/common/tile_reduction_policy_test_utils.h...
Preprocessing /Users/mike/CLionProjects/luisa/src/tests/common/tile_tirx_test_utils.h...
Parsing file /Users/mike/CLionProjects/luisa/src/tests/common/tile_tirx_test_utils.h...
Preprocessing /Users/mike/CLionProjects/luisa/src/tests/common/tile_xir_test_utils.h...
Parsing file /Users/mike/CLionProjects/luisa/src/tests/common/tile_xir_test_utils.h...
Preprocessing /Users/mike/CLionProjects/luisa/src/tests/common/tiny_obj_loader.h...
Parsing file /Users/mike/CLionProjects/luisa/src/tests/common/tiny_obj_loader.h...
Preprocessing /Users/mike/CLionProjects/luisa/src/tests/common/tinyexr.h...
Parsing file /Users/mike/CLionProjects/luisa/src/tests/common/tinyexr.h...
Preprocessing /Users/mike/CLionProjects/luisa/src/tests/cuda/test_cuda_tensor_dispatch.cpp...
Parsing file /Users/mike/CLionProjects/luisa/src/tests/cuda/test_cuda_tensor_dispatch.cpp...
Preprocessing /Users/mike/CLionProjects/luisa/src/tests/cxx_shaders/luisa/attributes.hpp...
Parsing file /Users/mike/CLionProjects/luisa/src/tests/cxx_shaders/luisa/attributes.hpp...
Preprocessing /Users/mike/CLionProjects/luisa/src/tests/cxx_shaders/luisa/experimental/intrin.hpp...
Parsing file /Users/mike/CLionProjects/luisa/src/tests/cxx_shaders/luisa/experimental/intrin.hpp...
Preprocessing /Users/mike/CLionProjects/luisa/src/tests/cxx_shaders/luisa/functions.hpp...
Parsing file /Users/mike/CLionProjects/luisa/src/tests/cxx_shaders/luisa/functions.hpp...
Preprocessing /Users/mike/CLionProjects/luisa/src/tests/cxx_shaders/luisa/functions/atomic.hpp...
Parsing file /Users/mike/CLionProjects/luisa/src/tests/cxx_shaders/luisa/functions/atomic.hpp...
Preprocessing /Users/mike/CLionProjects/luisa/src/tests/cxx_shaders/luisa/functions/custom.hpp...
Parsing file /Users/mike/CLionProjects/luisa/src/tests/cxx_shaders/luisa/functions/custom.hpp...
Preprocessing /Users/mike/CLionProjects/luisa/src/tests/cxx_shaders/luisa/functions/dispatch.hpp...
Parsing file /Users/mike/CLionProjects/luisa/src/tests/cxx_shaders/luisa/functions/dispatch.hpp...
Preprocessing /Users/mike/CLionProjects/luisa/src/tests/cxx_shaders/luisa/functions/math.hpp...
Parsing file /Users/mike/CLionProjects/luisa/src/tests/cxx_shaders/luisa/functions/math.hpp...
Preprocessing /Users/mike/CLionProjects/luisa/src/tests/cxx_shaders/luisa/functions/warp.hpp...
Parsing file /Users/mike/CLionProjects/luisa/src/tests/cxx_shaders/luisa/functions/warp.hpp...
Preprocessing /Users/mike/CLionProjects/luisa/src/tests/cxx_shaders/luisa/mesh_shader/attributes.hpp...
Parsing file /Users/mike/CLionProjects/luisa/src/tests/cxx_shaders/luisa/mesh_shader/attributes.hpp...
Preprocessing /Users/mike/CLionProjects/luisa/src/tests/cxx_shaders/luisa/mesh_shader/mesh_example.cpp...
Parsing file /Users/mike/CLionProjects/luisa/src/tests/cxx_shaders/luisa/mesh_shader/mesh_example.cpp...
Preprocessing /Users/mike/CLionProjects/luisa/src/tests/cxx_shaders/luisa/mesh_shader/task_example.cpp...
Parsing file /Users/mike/CLionProjects/luisa/src/tests/cxx_shaders/luisa/mesh_shader/task_example.cpp...
Preprocessing /Users/mike/CLionProjects/luisa/src/tests/cxx_shaders/luisa/numeric.hpp...
Parsing file /Users/mike/CLionProjects/luisa/src/tests/cxx_shaders/luisa/numeric.hpp...
Preprocessing /Users/mike/CLionProjects/luisa/src/tests/cxx_shaders/luisa/numeric/constants.hpp...
Parsing file /Users/mike/CLionProjects/luisa/src/tests/cxx_shaders/luisa/numeric/constants.hpp...
Preprocessing /Users/mike/CLionProjects/luisa/src/tests/cxx_shaders/luisa/numeric/float16.hpp...
Parsing file /Users/mike/CLionProjects/luisa/src/tests/cxx_shaders/luisa/numeric/float16.hpp...
Preprocessing /Users/mike/CLionProjects/luisa/src/tests/cxx_shaders/luisa/numeric/limits.hpp...
Parsing file /Users/mike/CLionProjects/luisa/src/tests/cxx_shaders/luisa/numeric/limits.hpp...
Preprocessing /Users/mike/CLionProjects/luisa/src/tests/cxx_shaders/luisa/printer.hpp...
Parsing file /Users/mike/CLionProjects/luisa/src/tests/cxx_shaders/luisa/printer.hpp...
Preprocessing /Users/mike/CLionProjects/luisa/src/tests/cxx_shaders/luisa/raster/attributes.hpp...
Parsing file /Users/mike/CLionProjects/luisa/src/tests/cxx_shaders/luisa/raster/attributes.hpp...
Preprocessing /Users/mike/CLionProjects/luisa/src/tests/cxx_shaders/luisa/raytracing.hpp...
Parsing file /Users/mike/CLionProjects/luisa/src/tests/cxx_shaders/luisa/raytracing.hpp...
Preprocessing /Users/mike/CLionProjects/luisa/src/tests/cxx_shaders/luisa/raytracing/ray_query.hpp...
Parsing file /Users/mike/CLionProjects/luisa/src/tests/cxx_shaders/luisa/raytracing/ray_query.hpp...
Preprocessing /Users/mike/CLionProjects/luisa/src/tests/cxx_shaders/luisa/resources.hpp...
Parsing file /Users/mike/CLionProjects/luisa/src/tests/cxx_shaders/luisa/resources.hpp...
Preprocessing /Users/mike/CLionProjects/luisa/src/tests/cxx_shaders/luisa/resources/accel.hpp...
Parsing file /Users/mike/CLionProjects/luisa/src/tests/cxx_shaders/luisa/resources/accel.hpp...
Preprocessing /Users/mike/CLionProjects/luisa/src/tests/cxx_shaders/luisa/resources/bindless_array.hpp...
Parsing file /Users/mike/CLionProjects/luisa/src/tests/cxx_shaders/luisa/resources/bindless_array.hpp...
Preprocessing /Users/mike/CLionProjects/luisa/src/tests/cxx_shaders/luisa/resources/bindless_buffer.hpp...
Parsing file /Users/mike/CLionProjects/luisa/src/tests/cxx_shaders/luisa/resources/bindless_buffer.hpp...
Preprocessing /Users/mike/CLionProjects/luisa/src/tests/cxx_shaders/luisa/resources/bindless_image.hpp...
Parsing file /Users/mike/CLionProjects/luisa/src/tests/cxx_shaders/luisa/resources/bindless_image.hpp...
Preprocessing /Users/mike/CLionProjects/luisa/src/tests/cxx_shaders/luisa/resources/bindless_volume.hpp...
Parsing file /Users/mike/CLionProjects/luisa/src/tests/cxx_shaders/luisa/resources/bindless_volume.hpp...
Preprocessing /Users/mike/CLionProjects/luisa/src/tests/cxx_shaders/luisa/resources/buffer.hpp...
Parsing file /Users/mike/CLionProjects/luisa/src/tests/cxx_shaders/luisa/resources/buffer.hpp...
Preprocessing /Users/mike/CLionProjects/luisa/src/tests/cxx_shaders/luisa/resources/buffer_heap_extern.hpp...
Parsing file /Users/mike/CLionProjects/luisa/src/tests/cxx_shaders/luisa/resources/buffer_heap_extern.hpp...
Preprocessing /Users/mike/CLionProjects/luisa/src/tests/cxx_shaders/luisa/resources/common_extern.hpp...
Parsing file /Users/mike/CLionProjects/luisa/src/tests/cxx_shaders/luisa/resources/common_extern.hpp...
Preprocessing /Users/mike/CLionProjects/luisa/src/tests/cxx_shaders/luisa/resources/image_heap_extern.hpp...
Parsing file /Users/mike/CLionProjects/luisa/src/tests/cxx_shaders/luisa/resources/image_heap_extern.hpp...
Preprocessing /Users/mike/CLionProjects/luisa/src/tests/cxx_shaders/luisa/resources/indirect_buffer.hpp...
Parsing file /Users/mike/CLionProjects/luisa/src/tests/cxx_shaders/luisa/resources/indirect_buffer.hpp...
Preprocessing /Users/mike/CLionProjects/luisa/src/tests/cxx_shaders/luisa/resources/texture.hpp...
Parsing file /Users/mike/CLionProjects/luisa/src/tests/cxx_shaders/luisa/resources/texture.hpp...
Preprocessing /Users/mike/CLionProjects/luisa/src/tests/cxx_shaders/luisa/resources/volume_heap_extern.hpp...
Parsing file /Users/mike/CLionProjects/luisa/src/tests/cxx_shaders/luisa/resources/volume_heap_extern.hpp...
Preprocessing /Users/mike/CLionProjects/luisa/src/tests/cxx_shaders/luisa/std.hpp...
Parsing file /Users/mike/CLionProjects/luisa/src/tests/cxx_shaders/luisa/std.hpp...
Preprocessing /Users/mike/CLionProjects/luisa/src/tests/cxx_shaders/luisa/type_traits.hpp...
Parsing file /Users/mike/CLionProjects/luisa/src/tests/cxx_shaders/luisa/type_traits.hpp...
Preprocessing /Users/mike/CLionProjects/luisa/src/tests/cxx_shaders/luisa/type_traits/builtins.hpp...
Parsing file /Users/mike/CLionProjects/luisa/src/tests/cxx_shaders/luisa/type_traits/builtins.hpp...
Preprocessing /Users/mike/CLionProjects/luisa/src/tests/cxx_shaders/luisa/type_traits/concepts.hpp...
Parsing file /Users/mike/CLionProjects/luisa/src/tests/cxx_shaders/luisa/type_traits/concepts.hpp...
Preprocessing /Users/mike/CLionProjects/luisa/src/tests/cxx_shaders/luisa/types.hpp...
Parsing file /Users/mike/CLionProjects/luisa/src/tests/cxx_shaders/luisa/types.hpp...
Preprocessing /Users/mike/CLionProjects/luisa/src/tests/cxx_shaders/luisa/types/array.hpp...
Parsing file /Users/mike/CLionProjects/luisa/src/tests/cxx_shaders/luisa/types/array.hpp...
Preprocessing /Users/mike/CLionProjects/luisa/src/tests/cxx_shaders/luisa/types/matrix.hpp...
Parsing file /Users/mike/CLionProjects/luisa/src/tests/cxx_shaders/luisa/types/matrix.hpp...
Preprocessing /Users/mike/CLionProjects/luisa/src/tests/cxx_shaders/luisa/types/ops/mat_ops.inl...
Parsing file /Users/mike/CLionProjects/luisa/src/tests/cxx_shaders/luisa/types/ops/mat_ops.inl...
Preprocessing /Users/mike/CLionProjects/luisa/src/tests/cxx_shaders/luisa/types/ops/swizzle2.inl...
Parsing file /Users/mike/CLionProjects/luisa/src/tests/cxx_shaders/luisa/types/ops/swizzle2.inl...
Preprocessing /Users/mike/CLionProjects/luisa/src/tests/cxx_shaders/luisa/types/ops/swizzle3.inl...
Parsing file /Users/mike/CLionProjects/luisa/src/tests/cxx_shaders/luisa/types/ops/swizzle3.inl...
Preprocessing /Users/mike/CLionProjects/luisa/src/tests/cxx_shaders/luisa/types/ops/swizzle4.inl...
Parsing file /Users/mike/CLionProjects/luisa/src/tests/cxx_shaders/luisa/types/ops/swizzle4.inl...
Preprocessing /Users/mike/CLionProjects/luisa/src/tests/cxx_shaders/luisa/types/ops/vec_ops.inl...
Parsing file /Users/mike/CLionProjects/luisa/src/tests/cxx_shaders/luisa/types/ops/vec_ops.inl...
Preprocessing /Users/mike/CLionProjects/luisa/src/tests/cxx_shaders/luisa/types/ray.hpp...
Parsing file /Users/mike/CLionProjects/luisa/src/tests/cxx_shaders/luisa/types/ray.hpp...
Preprocessing /Users/mike/CLionProjects/luisa/src/tests/cxx_shaders/luisa/types/vec.hpp...
Parsing file /Users/mike/CLionProjects/luisa/src/tests/cxx_shaders/luisa/types/vec.hpp...
Preprocessing /Users/mike/CLionProjects/luisa/src/tests/cxx_shaders/std/ex/type_list.hpp...
Parsing file /Users/mike/CLionProjects/luisa/src/tests/cxx_shaders/std/ex/type_list.hpp...
Preprocessing /Users/mike/CLionProjects/luisa/src/tests/cxx_shaders/std/ex/utility.hpp...
Parsing file /Users/mike/CLionProjects/luisa/src/tests/cxx_shaders/std/ex/utility.hpp...
Preprocessing /Users/mike/CLionProjects/luisa/src/tests/cxx_shaders/std/internal/common.hpp...
Parsing file /Users/mike/CLionProjects/luisa/src/tests/cxx_shaders/std/internal/common.hpp...
Preprocessing /Users/mike/CLionProjects/luisa/src/tests/cxx_shaders/test.lang.cpp...
Parsing file /Users/mike/CLionProjects/luisa/src/tests/cxx_shaders/test.lang.cpp...
Preprocessing /Users/mike/CLionProjects/luisa/src/tests/cxx_shaders/test.mandelbrot.cpp...
Parsing file /Users/mike/CLionProjects/luisa/src/tests/cxx_shaders/test.mandelbrot.cpp...
Preprocessing /Users/mike/CLionProjects/luisa/src/tests/cxx_shaders/test.printer.cpp...
Parsing file /Users/mike/CLionProjects/luisa/src/tests/cxx_shaders/test.printer.cpp...
Preprocessing /Users/mike/CLionProjects/luisa/src/tests/cxx_shaders/test.pt.cpp...
Parsing file /Users/mike/CLionProjects/luisa/src/tests/cxx_shaders/test.pt.cpp...
Preprocessing /Users/mike/CLionProjects/luisa/src/tests/cxx_shaders/test.raster.cpp...
Parsing file /Users/mike/CLionProjects/luisa/src/tests/cxx_shaders/test.raster.cpp...
Preprocessing /Users/mike/CLionProjects/luisa/src/tests/cxx_shaders/test.rtx.cpp...
Parsing file /Users/mike/CLionProjects/luisa/src/tests/cxx_shaders/test.rtx.cpp...
Preprocessing /Users/mike/CLionProjects/luisa/src/tests/integration/runtime/motion_blur/test_mesh.cpp...
Parsing file /Users/mike/CLionProjects/luisa/src/tests/integration/runtime/motion_blur/test_mesh.cpp...
Preprocessing /Users/mike/CLionProjects/luisa/src/tests/integration/runtime/motion_blur/test_mesh_2.cpp...
Parsing file /Users/mike/CLionProjects/luisa/src/tests/integration/runtime/motion_blur/test_mesh_2.cpp...
Preprocessing /Users/mike/CLionProjects/luisa/src/tests/integration/runtime/motion_blur/test_mesh_3.cpp...
Parsing file /Users/mike/CLionProjects/luisa/src/tests/integration/runtime/motion_blur/test_mesh_3.cpp...
Preprocessing /Users/mike/CLionProjects/luisa/src/tests/integration/runtime/motion_blur/test_mesh_4.cpp...
Parsing file /Users/mike/CLionProjects/luisa/src/tests/integration/runtime/motion_blur/test_mesh_4.cpp...
Preprocessing /Users/mike/CLionProjects/luisa/src/tests/integration/runtime/pbrt_curve_parser.h...
Parsing file /Users/mike/CLionProjects/luisa/src/tests/integration/runtime/pbrt_curve_parser.h...
Preprocessing /Users/mike/CLionProjects/luisa/src/tests/integration/runtime/test_aot.cpp...
Parsing file /Users/mike/CLionProjects/luisa/src/tests/integration/runtime/test_aot.cpp...
Preprocessing /Users/mike/CLionProjects/luisa/src/tests/integration/runtime/test_bindless.cpp...
Parsing file /Users/mike/CLionProjects/luisa/src/tests/integration/runtime/test_bindless.cpp...
Preprocessing /Users/mike/CLionProjects/luisa/src/tests/integration/runtime/test_bindless_buffer.cpp...
Parsing file /Users/mike/CLionProjects/luisa/src/tests/integration/runtime/test_bindless_buffer.cpp...
Preprocessing /Users/mike/CLionProjects/luisa/src/tests/integration/runtime/test_cuda_graph.cpp...
Parsing file /Users/mike/CLionProjects/luisa/src/tests/integration/runtime/test_cuda_graph.cpp...
Preprocessing /Users/mike/CLionProjects/luisa/src/tests/integration/runtime/test_curve.cpp...
Parsing file /Users/mike/CLionProjects/luisa/src/tests/integration/runtime/test_curve.cpp...
Preprocessing /Users/mike/CLionProjects/luisa/src/tests/integration/runtime/test_curve_pbrt.cpp...
Parsing file /Users/mike/CLionProjects/luisa/src/tests/integration/runtime/test_curve_pbrt.cpp...
Preprocessing /Users/mike/CLionProjects/luisa/src/tests/integration/runtime/test_curve_pbrt_diffuse.cpp...
Parsing file /Users/mike/CLionProjects/luisa/src/tests/integration/runtime/test_curve_pbrt_diffuse.cpp...
Preprocessing /Users/mike/CLionProjects/luisa/src/tests/integration/runtime/test_denoiser.cpp...
Parsing file /Users/mike/CLionProjects/luisa/src/tests/integration/runtime/test_denoiser.cpp...
Preprocessing /Users/mike/CLionProjects/luisa/src/tests/integration/runtime/test_device_debugger.cpp...
Parsing file /Users/mike/CLionProjects/luisa/src/tests/integration/runtime/test_device_debugger.cpp...
Preprocessing /Users/mike/CLionProjects/luisa/src/tests/integration/runtime/test_dstorage_decompression.cpp...
Parsing file /Users/mike/CLionProjects/luisa/src/tests/integration/runtime/test_dstorage_decompression.cpp...
Preprocessing /Users/mike/CLionProjects/luisa/src/tests/integration/runtime/test_external_device.cpp...
Parsing file /Users/mike/CLionProjects/luisa/src/tests/integration/runtime/test_external_device.cpp...
Preprocessing /Users/mike/CLionProjects/luisa/src/tests/integration/runtime/test_indirect.cpp...
Parsing file /Users/mike/CLionProjects/luisa/src/tests/integration/runtime/test_indirect.cpp...
Preprocessing /Users/mike/CLionProjects/luisa/src/tests/integration/runtime/test_indirect_rtx.cpp...
Parsing file /Users/mike/CLionProjects/luisa/src/tests/integration/runtime/test_indirect_rtx.cpp...
Preprocessing /Users/mike/CLionProjects/luisa/src/tests/integration/runtime/test_memory_compact.cpp...
Parsing file /Users/mike/CLionProjects/luisa/src/tests/integration/runtime/test_memory_compact.cpp...
Preprocessing /Users/mike/CLionProjects/luisa/src/tests/integration/runtime/test_metal4_air_extended_accel_limits.cpp...
Parsing file /Users/mike/CLionProjects/luisa/src/tests/integration/runtime/test_metal4_air_extended_accel_limits.cpp...
Preprocessing /Users/mike/CLionProjects/luisa/src/tests/integration/runtime/test_metal4_device_conformance.cpp...
Parsing file /Users/mike/CLionProjects/luisa/src/tests/integration/runtime/test_metal4_device_conformance.cpp...
Preprocessing /Users/mike/CLionProjects/luisa/src/tests/integration/runtime/test_metal4_motion_instance_render.cpp...
Parsing file /Users/mike/CLionProjects/luisa/src/tests/integration/runtime/test_metal4_motion_instance_render.cpp...
Preprocessing /Users/mike/CLionProjects/luisa/src/tests/integration/runtime/test_metal4_raster_stencil.cpp...
Parsing file /Users/mike/CLionProjects/luisa/src/tests/integration/runtime/test_metal4_raster_stencil.cpp...
Preprocessing /Users/mike/CLionProjects/luisa/src/tests/integration/runtime/test_metal_xir_air.cpp...
Parsing file /Users/mike/CLionProjects/luisa/src/tests/integration/runtime/test_metal_xir_air.cpp...
Preprocessing /Users/mike/CLionProjects/luisa/src/tests/integration/runtime/test_metal_xir_air_accel.cpp...
Parsing file /Users/mike/CLionProjects/luisa/src/tests/integration/runtime/test_metal_xir_air_accel.cpp...
Preprocessing /Users/mike/CLionProjects/luisa/src/tests/integration/runtime/test_metal_xir_air_raster.cpp...
Parsing file /Users/mike/CLionProjects/luisa/src/tests/integration/runtime/test_metal_xir_air_raster.cpp...
Preprocessing /Users/mike/CLionProjects/luisa/src/tests/integration/runtime/test_metal_xir_air_ray_query.cpp...
Parsing file /Users/mike/CLionProjects/luisa/src/tests/integration/runtime/test_metal_xir_air_ray_query.cpp...
Preprocessing /Users/mike/CLionProjects/luisa/src/tests/integration/runtime/test_metal_xir_air_ray_query_state_machine.cpp...
Parsing file /Users/mike/CLionProjects/luisa/src/tests/integration/runtime/test_metal_xir_air_ray_query_state_machine.cpp...
Preprocessing /Users/mike/CLionProjects/luisa/src/tests/integration/runtime/test_metal_xir_air_typed_bindless.cpp...
Parsing file /Users/mike/CLionProjects/luisa/src/tests/integration/runtime/test_metal_xir_air_typed_bindless.cpp...
Preprocessing /Users/mike/CLionProjects/luisa/src/tests/integration/runtime/test_motion_blur.cpp...
Parsing file /Users/mike/CLionProjects/luisa/src/tests/integration/runtime/test_motion_blur.cpp...
Preprocessing /Users/mike/CLionProjects/luisa/src/tests/integration/runtime/test_motion_blur_vk.cpp...
Parsing file /Users/mike/CLionProjects/luisa/src/tests/integration/runtime/test_motion_blur_vk.cpp...
Preprocessing /Users/mike/CLionProjects/luisa/src/tests/integration/runtime/test_native_include.cpp...
Parsing file /Users/mike/CLionProjects/luisa/src/tests/integration/runtime/test_native_include.cpp...
Preprocessing /Users/mike/CLionProjects/luisa/src/tests/integration/runtime/test_oso_parser.cpp...
Parsing file /Users/mike/CLionProjects/luisa/src/tests/integration/runtime/test_oso_parser.cpp...
Preprocessing /Users/mike/CLionProjects/luisa/src/tests/integration/runtime/test_present.cpp...
Parsing file /Users/mike/CLionProjects/luisa/src/tests/integration/runtime/test_present.cpp...
Preprocessing /Users/mike/CLionProjects/luisa/src/tests/integration/runtime/test_procedural_callable.cpp...
Parsing file /Users/mike/CLionProjects/luisa/src/tests/integration/runtime/test_procedural_callable.cpp...
Preprocessing /Users/mike/CLionProjects/luisa/src/tests/integration/runtime/test_raster.cpp...
Parsing file /Users/mike/CLionProjects/luisa/src/tests/integration/runtime/test_raster.cpp...
Preprocessing /Users/mike/CLionProjects/luisa/src/tests/integration/runtime/test_rtx.cpp...
Parsing file /Users/mike/CLionProjects/luisa/src/tests/integration/runtime/test_rtx.cpp...
Preprocessing /Users/mike/CLionProjects/luisa/src/tests/integration/runtime/test_runtime.cpp...
Parsing file /Users/mike/CLionProjects/luisa/src/tests/integration/runtime/test_runtime.cpp...
Preprocessing /Users/mike/CLionProjects/luisa/src/tests/integration/runtime/test_select_device.cpp...
Parsing file /Users/mike/CLionProjects/luisa/src/tests/integration/runtime/test_select_device.cpp...
Preprocessing /Users/mike/CLionProjects/luisa/src/tests/integration/runtime/test_texture3d.cpp...
Parsing file /Users/mike/CLionProjects/luisa/src/tests/integration/runtime/test_texture3d.cpp...
Preprocessing /Users/mike/CLionProjects/luisa/src/tests/integration/runtime/test_transient_resource.cpp...
Parsing file /Users/mike/CLionProjects/luisa/src/tests/integration/runtime/test_transient_resource.cpp...
Preprocessing /Users/mike/CLionProjects/luisa/src/tests/integration/runtime/test_work_graph.cpp...
Parsing file /Users/mike/CLionProjects/luisa/src/tests/integration/runtime/test_work_graph.cpp...
Preprocessing /Users/mike/CLionProjects/luisa/src/tests/integration/runtime/transient_resource_device/managed_first_fit.cpp...
Parsing file /Users/mike/CLionProjects/luisa/src/tests/integration/runtime/transient_resource_device/managed_first_fit.cpp...
Preprocessing /Users/mike/CLionProjects/luisa/src/tests/integration/runtime/transient_resource_device/managed_first_fit.h...
Parsing file /Users/mike/CLionProjects/luisa/src/tests/integration/runtime/transient_resource_device/managed_first_fit.h...
Preprocessing /Users/mike/CLionProjects/luisa/src/tests/integration/runtime/transient_resource_device/transient_resource_device.cpp...
Parsing file /Users/mike/CLionProjects/luisa/src/tests/integration/runtime/transient_resource_device/transient_resource_device.cpp...
Preprocessing /Users/mike/CLionProjects/luisa/src/tests/integration/runtime/transient_resource_device/transient_resource_device.h...
Parsing file /Users/mike/CLionProjects/luisa/src/tests/integration/runtime/transient_resource_device/transient_resource_device.h...
Preprocessing /Users/mike/CLionProjects/luisa/src/tests/integration/xir/test_xir2ast_roundtrip.cpp...
Parsing file /Users/mike/CLionProjects/luisa/src/tests/integration/xir/test_xir2ast_roundtrip.cpp...
Preprocessing /Users/mike/CLionProjects/luisa/src/tests/ios/metal4_device_conformance.cpp...
Parsing file /Users/mike/CLionProjects/luisa/src/tests/ios/metal4_device_conformance.cpp...
Preprocessing /Users/mike/CLionProjects/luisa/src/tests/ios/metal4_device_conformance.h...
Parsing file /Users/mike/CLionProjects/luisa/src/tests/ios/metal4_device_conformance.h...
Preprocessing /Users/mike/CLionProjects/luisa/src/tests/ios/metal4_ios_path_tracing_aot.cpp...
Parsing file /Users/mike/CLionProjects/luisa/src/tests/ios/metal4_ios_path_tracing_aot.cpp...
Preprocessing /Users/mike/CLionProjects/luisa/src/tests/ios/metal4_ios_path_tracing_kernel.h...
Parsing file /Users/mike/CLionProjects/luisa/src/tests/ios/metal4_ios_path_tracing_kernel.h...
Reading /Users/mike/CLionProjects/luisa/src/tests/ios/README.md...
Reading /Users/mike/CLionProjects/luisa/src/tests/python/aces.py...
Parsing file /Users/mike/CLionProjects/luisa/src/tests/python/aces.py...
Reading /Users/mike/CLionProjects/luisa/src/tests/python/cornell_box.py...
Parsing file /Users/mike/CLionProjects/luisa/src/tests/python/cornell_box.py...
Preprocessing /Users/mike/CLionProjects/luisa/src/tests/python/test-aot.cpp...
Parsing file /Users/mike/CLionProjects/luisa/src/tests/python/test-aot.cpp...
Reading /Users/mike/CLionProjects/luisa/src/tests/python/test-aot.py...
Parsing file /Users/mike/CLionProjects/luisa/src/tests/python/test-aot.py...
Reading /Users/mike/CLionProjects/luisa/src/tests/python/test-autodiff-clamp-builtin.py...
Parsing file /Users/mike/CLionProjects/luisa/src/tests/python/test-autodiff-clamp-builtin.py...
Reading /Users/mike/CLionProjects/luisa/src/tests/python/test-autodiff-clamp.py...
Parsing file /Users/mike/CLionProjects/luisa/src/tests/python/test-autodiff-clamp.py...
Reading /Users/mike/CLionProjects/luisa/src/tests/python/test-autodiff.py...
Parsing file /Users/mike/CLionProjects/luisa/src/tests/python/test-autodiff.py...
Reading /Users/mike/CLionProjects/luisa/src/tests/python/test-bindless.py...
Parsing file /Users/mike/CLionProjects/luisa/src/tests/python/test-bindless.py...
Reading /Users/mike/CLionProjects/luisa/src/tests/python/test-buffer.py...
Parsing file /Users/mike/CLionProjects/luisa/src/tests/python/test-buffer.py...
Reading /Users/mike/CLionProjects/luisa/src/tests/python/test-game-of-life.py...
Parsing file /Users/mike/CLionProjects/luisa/src/tests/python/test-game-of-life.py...
Reading /Users/mike/CLionProjects/luisa/src/tests/python/test-helloworld.py...
Parsing file /Users/mike/CLionProjects/luisa/src/tests/python/test-helloworld.py...
Reading /Users/mike/CLionProjects/luisa/src/tests/python/test-indirect.py...
Parsing file /Users/mike/CLionProjects/luisa/src/tests/python/test-indirect.py...
Reading /Users/mike/CLionProjects/luisa/src/tests/python/test-interop.py...
Parsing file /Users/mike/CLionProjects/luisa/src/tests/python/test-interop.py...
Reading /Users/mike/CLionProjects/luisa/src/tests/python/test-mpm.py...
Parsing file /Users/mike/CLionProjects/luisa/src/tests/python/test-mpm.py...
Reading /Users/mike/CLionProjects/luisa/src/tests/python/test-path-tracing-f16.py...
Parsing file /Users/mike/CLionProjects/luisa/src/tests/python/test-path-tracing-f16.py...
Reading /Users/mike/CLionProjects/luisa/src/tests/python/test-path-tracing.py...
Parsing file /Users/mike/CLionProjects/luisa/src/tests/python/test-path-tracing.py...
Reading /Users/mike/CLionProjects/luisa/src/tests/python/test-power-op.py...
Parsing file /Users/mike/CLionProjects/luisa/src/tests/python/test-power-op.py...
Reading /Users/mike/CLionProjects/luisa/src/tests/python/test-procedural.py...
Parsing file /Users/mike/CLionProjects/luisa/src/tests/python/test-procedural.py...
Reading /Users/mike/CLionProjects/luisa/src/tests/python/test-pytorch-interop.py...
Parsing file /Users/mike/CLionProjects/luisa/src/tests/python/test-pytorch-interop.py...
Reading /Users/mike/CLionProjects/luisa/src/tests/python/test-raymarch.py...
Parsing file /Users/mike/CLionProjects/luisa/src/tests/python/test-raymarch.py...
Reading /Users/mike/CLionProjects/luisa/src/tests/python/test-rtx.py...
Parsing file /Users/mike/CLionProjects/luisa/src/tests/python/test-rtx.py...
Reading /Users/mike/CLionProjects/luisa/src/tests/python/test-sdf-renderer.py...
Parsing file /Users/mike/CLionProjects/luisa/src/tests/python/test-sdf-renderer.py...
Reading /Users/mike/CLionProjects/luisa/src/tests/python/test-shader-visuals-present.py...
Parsing file /Users/mike/CLionProjects/luisa/src/tests/python/test-shader-visuals-present.py...
Reading /Users/mike/CLionProjects/luisa/src/tests/python/test-shadertoy.py...
Parsing file /Users/mike/CLionProjects/luisa/src/tests/python/test-shadertoy.py...
Reading /Users/mike/CLionProjects/luisa/src/tests/python/test-texture.py...
Parsing file /Users/mike/CLionProjects/luisa/src/tests/python/test-texture.py...
Preprocessing /Users/mike/CLionProjects/luisa/src/tests/unit/ast/test_ast.cpp...
Parsing file /Users/mike/CLionProjects/luisa/src/tests/unit/ast/test_ast.cpp...
Preprocessing /Users/mike/CLionProjects/luisa/src/tests/unit/ast/test_ast_basic.cpp...
Parsing file /Users/mike/CLionProjects/luisa/src/tests/unit/ast/test_ast_basic.cpp...
Preprocessing /Users/mike/CLionProjects/luisa/src/tests/unit/ast/test_ast_json_serde.cpp...
Parsing file /Users/mike/CLionProjects/luisa/src/tests/unit/ast/test_ast_json_serde.cpp...
Preprocessing /Users/mike/CLionProjects/luisa/src/tests/unit/ast/test_async_copy_ast.cpp...
Parsing file /Users/mike/CLionProjects/luisa/src/tests/unit/ast/test_async_copy_ast.cpp...
Preprocessing /Users/mike/CLionProjects/luisa/src/tests/unit/ast/test_bindless_write_usage.cpp...
Parsing file /Users/mike/CLionProjects/luisa/src/tests/unit/ast/test_bindless_write_usage.cpp...
Preprocessing /Users/mike/CLionProjects/luisa/src/tests/unit/ast/test_builtin_kernel.cpp...
Parsing file /Users/mike/CLionProjects/luisa/src/tests/unit/ast/test_builtin_kernel.cpp...
Preprocessing /Users/mike/CLionProjects/luisa/src/tests/unit/ast/test_cooperative_vector.cpp...
Parsing file /Users/mike/CLionProjects/luisa/src/tests/unit/ast/test_cooperative_vector.cpp...
Preprocessing /Users/mike/CLionProjects/luisa/src/tests/unit/ast/test_function_builder_dag.cpp...
Parsing file /Users/mike/CLionProjects/luisa/src/tests/unit/ast/test_function_builder_dag.cpp...
Preprocessing /Users/mike/CLionProjects/luisa/src/tests/unit/ast/test_manual_ast.cpp...
Parsing file /Users/mike/CLionProjects/luisa/src/tests/unit/ast/test_manual_ast.cpp...
Preprocessing /Users/mike/CLionProjects/luisa/src/tests/unit/core/test_basic_traits.cpp...
Parsing file /Users/mike/CLionProjects/luisa/src/tests/unit/core/test_basic_traits.cpp...
Preprocessing /Users/mike/CLionProjects/luisa/src/tests/unit/core/test_basic_types.cpp...
Parsing file /Users/mike/CLionProjects/luisa/src/tests/unit/core/test_basic_types.cpp...
Preprocessing /Users/mike/CLionProjects/luisa/src/tests/unit/core/test_binary_file_stream.cpp...
Parsing file /Users/mike/CLionProjects/luisa/src/tests/unit/core/test_binary_file_stream.cpp...
Preprocessing /Users/mike/CLionProjects/luisa/src/tests/unit/core/test_binary_io.cpp...
Parsing file /Users/mike/CLionProjects/luisa/src/tests/unit/core/test_binary_io.cpp...
Preprocessing /Users/mike/CLionProjects/luisa/src/tests/unit/core/test_clock.cpp...
Parsing file /Users/mike/CLionProjects/luisa/src/tests/unit/core/test_clock.cpp...
Preprocessing /Users/mike/CLionProjects/luisa/src/tests/unit/core/test_dynamic_module.cpp...
Parsing file /Users/mike/CLionProjects/luisa/src/tests/unit/core/test_dynamic_module.cpp...
Preprocessing /Users/mike/CLionProjects/luisa/src/tests/unit/core/test_eastl_allocation.cpp...
Parsing file /Users/mike/CLionProjects/luisa/src/tests/unit/core/test_eastl_allocation.cpp...
Preprocessing /Users/mike/CLionProjects/luisa/src/tests/unit/core/test_example_options.cpp...
Parsing file /Users/mike/CLionProjects/luisa/src/tests/unit/core/test_example_options.cpp...
Preprocessing /Users/mike/CLionProjects/luisa/src/tests/unit/core/test_fiber.cpp...
Parsing file /Users/mike/CLionProjects/luisa/src/tests/unit/core/test_fiber.cpp...
Preprocessing /Users/mike/CLionProjects/luisa/src/tests/unit/core/test_first_fit.cpp...
Parsing file /Users/mike/CLionProjects/luisa/src/tests/unit/core/test_first_fit.cpp...
Preprocessing /Users/mike/CLionProjects/luisa/src/tests/unit/core/test_foreground_moments.cpp...
Parsing file /Users/mike/CLionProjects/luisa/src/tests/unit/core/test_foreground_moments.cpp...
Preprocessing /Users/mike/CLionProjects/luisa/src/tests/unit/core/test_hash.cpp...
Parsing file /Users/mike/CLionProjects/luisa/src/tests/unit/core/test_hash.cpp...
Preprocessing /Users/mike/CLionProjects/luisa/src/tests/unit/core/test_hip_callable_abi.cpp...
Parsing file /Users/mike/CLionProjects/luisa/src/tests/unit/core/test_hip_callable_abi.cpp...
Preprocessing /Users/mike/CLionProjects/luisa/src/tests/unit/core/test_hip_curve_bounds.cpp...
Parsing file /Users/mike/CLionProjects/luisa/src/tests/unit/core/test_hip_curve_bounds.cpp...
Preprocessing /Users/mike/CLionProjects/luisa/src/tests/unit/core/test_hip_geometry_memory_policy.cpp...
Parsing file /Users/mike/CLionProjects/luisa/src/tests/unit/core/test_hip_geometry_memory_policy.cpp...
Preprocessing /Users/mike/CLionProjects/luisa/src/tests/unit/core/test_hip_llvm_pipeline.cpp...
Parsing file /Users/mike/CLionProjects/luisa/src/tests/unit/core/test_hip_llvm_pipeline.cpp...
Preprocessing /Users/mike/CLionProjects/luisa/src/tests/unit/core/test_hip_shader_link_options.cpp...
Parsing file /Users/mike/CLionProjects/luisa/src/tests/unit/core/test_hip_shader_link_options.cpp...
Preprocessing /Users/mike/CLionProjects/luisa/src/tests/unit/core/test_logging.cpp...
Parsing file /Users/mike/CLionProjects/luisa/src/tests/unit/core/test_logging.cpp...
Preprocessing /Users/mike/CLionProjects/luisa/src/tests/unit/core/test_mathematics.cpp...
Parsing file /Users/mike/CLionProjects/luisa/src/tests/unit/core/test_mathematics.cpp...
Preprocessing /Users/mike/CLionProjects/luisa/src/tests/unit/core/test_matrix.cpp...
Parsing file /Users/mike/CLionProjects/luisa/src/tests/unit/core/test_matrix.cpp...
Preprocessing /Users/mike/CLionProjects/luisa/src/tests/unit/core/test_nbody_render_plan.cpp...
Parsing file /Users/mike/CLionProjects/luisa/src/tests/unit/core/test_nbody_render_plan.cpp...
Preprocessing /Users/mike/CLionProjects/luisa/src/tests/unit/core/test_path_tracing_sample_plan.cpp...
Parsing file /Users/mike/CLionProjects/luisa/src/tests/unit/core/test_path_tracing_sample_plan.cpp...
Preprocessing /Users/mike/CLionProjects/luisa/src/tests/unit/core/test_photon_mapping_plan.cpp...
Parsing file /Users/mike/CLionProjects/luisa/src/tests/unit/core/test_photon_mapping_plan.cpp...
Preprocessing /Users/mike/CLionProjects/luisa/src/tests/unit/core/test_pixel_storage.cpp...
Parsing file /Users/mike/CLionProjects/luisa/src/tests/unit/core/test_pixel_storage.cpp...
Preprocessing /Users/mike/CLionProjects/luisa/src/tests/unit/core/test_platform.cpp...
Parsing file /Users/mike/CLionProjects/luisa/src/tests/unit/core/test_platform.cpp...
Preprocessing /Users/mike/CLionProjects/luisa/src/tests/unit/core/test_pool.cpp...
Parsing file /Users/mike/CLionProjects/luisa/src/tests/unit/core/test_pool.cpp...
Preprocessing /Users/mike/CLionProjects/luisa/src/tests/unit/core/test_sparse_buffer_tile_plan.cpp...
Parsing file /Users/mike/CLionProjects/luisa/src/tests/unit/core/test_sparse_buffer_tile_plan.cpp...
Preprocessing /Users/mike/CLionProjects/luisa/src/tests/unit/core/test_sparse_texture_tile_plan.cpp...
Parsing file /Users/mike/CLionProjects/luisa/src/tests/unit/core/test_sparse_texture_tile_plan.cpp...
Preprocessing /Users/mike/CLionProjects/luisa/src/tests/unit/core/test_spin_mutex.cpp...
Parsing file /Users/mike/CLionProjects/luisa/src/tests/unit/core/test_spin_mutex.cpp...
Preprocessing /Users/mike/CLionProjects/luisa/src/tests/unit/core/test_stl_containers.cpp...
Parsing file /Users/mike/CLionProjects/luisa/src/tests/unit/core/test_stl_containers.cpp...
Preprocessing /Users/mike/CLionProjects/luisa/src/tests/unit/core/test_type.cpp...
Parsing file /Users/mike/CLionProjects/luisa/src/tests/unit/core/test_type.cpp...
Preprocessing /Users/mike/CLionProjects/luisa/src/tests/unit/coro/test_coro_all_schedulers.cpp...
Parsing file /Users/mike/CLionProjects/luisa/src/tests/unit/coro/test_coro_all_schedulers.cpp...
Preprocessing /Users/mike/CLionProjects/luisa/src/tests/unit/coro/test_coro_compaction.cpp...
Parsing file /Users/mike/CLionProjects/luisa/src/tests/unit/coro/test_coro_compaction.cpp...
Preprocessing /Users/mike/CLionProjects/luisa/src/tests/unit/coro/test_coro_graph.cpp...
Parsing file /Users/mike/CLionProjects/luisa/src/tests/unit/coro/test_coro_graph.cpp...
Preprocessing /Users/mike/CLionProjects/luisa/src/tests/unit/coro/test_coro_graph_wavefront_policy.cpp...
Parsing file /Users/mike/CLionProjects/luisa/src/tests/unit/coro/test_coro_graph_wavefront_policy.cpp...
Preprocessing /Users/mike/CLionProjects/luisa/src/tests/unit/coro/test_coro_multisplit.cpp...
Parsing file /Users/mike/CLionProjects/luisa/src/tests/unit/coro/test_coro_multisplit.cpp...
Preprocessing /Users/mike/CLionProjects/luisa/src/tests/unit/coro/test_coro_persistent.cpp...
Parsing file /Users/mike/CLionProjects/luisa/src/tests/unit/coro/test_coro_persistent.cpp...
Preprocessing /Users/mike/CLionProjects/luisa/src/tests/unit/coro/test_coro_persistent_integration.cpp...
Parsing file /Users/mike/CLionProjects/luisa/src/tests/unit/coro/test_coro_persistent_integration.cpp...
Preprocessing /Users/mike/CLionProjects/luisa/src/tests/unit/coro/test_coro_persistent_opt.cpp...
Parsing file /Users/mike/CLionProjects/luisa/src/tests/unit/coro/test_coro_persistent_opt.cpp...
Preprocessing /Users/mike/CLionProjects/luisa/src/tests/unit/coro/test_coro_pipeline_1suspend.cpp...
Parsing file /Users/mike/CLionProjects/luisa/src/tests/unit/coro/test_coro_pipeline_1suspend.cpp...
Preprocessing /Users/mike/CLionProjects/luisa/src/tests/unit/coro/test_coro_pipeline_3suspend.cpp...
Parsing file /Users/mike/CLionProjects/luisa/src/tests/unit/coro/test_coro_pipeline_3suspend.cpp...
Preprocessing /Users/mike/CLionProjects/luisa/src/tests/unit/coro/test_coro_radix_sort.cpp...
Parsing file /Users/mike/CLionProjects/luisa/src/tests/unit/coro/test_coro_radix_sort.cpp...
Preprocessing /Users/mike/CLionProjects/luisa/src/tests/unit/coro/test_coro_scheduler_base.cpp...
Parsing file /Users/mike/CLionProjects/luisa/src/tests/unit/coro/test_coro_scheduler_base.cpp...
Preprocessing /Users/mike/CLionProjects/luisa/src/tests/unit/coro/test_coro_soa_layout.cpp...
Parsing file /Users/mike/CLionProjects/luisa/src/tests/unit/coro/test_coro_soa_layout.cpp...
Preprocessing /Users/mike/CLionProjects/luisa/src/tests/unit/coro/test_coro_state_machine.cpp...
Parsing file /Users/mike/CLionProjects/luisa/src/tests/unit/coro/test_coro_state_machine.cpp...
Preprocessing /Users/mike/CLionProjects/luisa/src/tests/unit/coro/test_coro_wavefront.cpp...
Parsing file /Users/mike/CLionProjects/luisa/src/tests/unit/coro/test_coro_wavefront.cpp...
Preprocessing /Users/mike/CLionProjects/luisa/src/tests/unit/coro/test_coro_wavefront_integration.cpp...
Parsing file /Users/mike/CLionProjects/luisa/src/tests/unit/coro/test_coro_wavefront_integration.cpp...
Preprocessing /Users/mike/CLionProjects/luisa/src/tests/unit/dsl/test_8bit.cpp...
Parsing file /Users/mike/CLionProjects/luisa/src/tests/unit/dsl/test_8bit.cpp...
Preprocessing /Users/mike/CLionProjects/luisa/src/tests/unit/dsl/test_async_copy.cpp...
Parsing file /Users/mike/CLionProjects/luisa/src/tests/unit/dsl/test_async_copy.cpp...
Preprocessing /Users/mike/CLionProjects/luisa/src/tests/unit/dsl/test_autodiff.cpp...
Parsing file /Users/mike/CLionProjects/luisa/src/tests/unit/dsl/test_autodiff.cpp...
Preprocessing /Users/mike/CLionProjects/luisa/src/tests/unit/dsl/test_binding_group.cpp...
Parsing file /Users/mike/CLionProjects/luisa/src/tests/unit/dsl/test_binding_group.cpp...
Preprocessing /Users/mike/CLionProjects/luisa/src/tests/unit/dsl/test_binding_group_template.cpp...
Parsing file /Users/mike/CLionProjects/luisa/src/tests/unit/dsl/test_binding_group_template.cpp...
Preprocessing /Users/mike/CLionProjects/luisa/src/tests/unit/dsl/test_calc.cpp...
Parsing file /Users/mike/CLionProjects/luisa/src/tests/unit/dsl/test_calc.cpp...
Preprocessing /Users/mike/CLionProjects/luisa/src/tests/unit/dsl/test_callable.cpp...
Parsing file /Users/mike/CLionProjects/luisa/src/tests/unit/dsl/test_callable.cpp...
Preprocessing /Users/mike/CLionProjects/luisa/src/tests/unit/dsl/test_constant.cpp...
Parsing file /Users/mike/CLionProjects/luisa/src/tests/unit/dsl/test_constant.cpp...
Preprocessing /Users/mike/CLionProjects/luisa/src/tests/unit/dsl/test_coro_compile_trigger.cpp...
Parsing file /Users/mike/CLionProjects/luisa/src/tests/unit/dsl/test_coro_compile_trigger.cpp...
Preprocessing /Users/mike/CLionProjects/luisa/src/tests/unit/dsl/test_coro_frame_desc.cpp...
Parsing file /Users/mike/CLionProjects/luisa/src/tests/unit/dsl/test_coro_frame_desc.cpp...
Preprocessing /Users/mike/CLionProjects/luisa/src/tests/unit/dsl/test_coro_frame_runtime.cpp...
Parsing file /Users/mike/CLionProjects/luisa/src/tests/unit/dsl/test_coro_frame_runtime.cpp...
Preprocessing /Users/mike/CLionProjects/luisa/src/tests/unit/dsl/test_coro_func.cpp...
Parsing file /Users/mike/CLionProjects/luisa/src/tests/unit/dsl/test_coro_func.cpp...
Preprocessing /Users/mike/CLionProjects/luisa/src/tests/unit/dsl/test_coro_suspend.cpp...
Parsing file /Users/mike/CLionProjects/luisa/src/tests/unit/dsl/test_coro_suspend.cpp...
Preprocessing /Users/mike/CLionProjects/luisa/src/tests/unit/dsl/test_device_math.cpp...
Parsing file /Users/mike/CLionProjects/luisa/src/tests/unit/dsl/test_device_math.cpp...
Preprocessing /Users/mike/CLionProjects/luisa/src/tests/unit/dsl/test_dsl.cpp...
Parsing file /Users/mike/CLionProjects/luisa/src/tests/unit/dsl/test_dsl.cpp...
Preprocessing /Users/mike/CLionProjects/luisa/src/tests/unit/dsl/test_dsl_mathematic.cpp...
Parsing file /Users/mike/CLionProjects/luisa/src/tests/unit/dsl/test_dsl_mathematic.cpp...
Preprocessing /Users/mike/CLionProjects/luisa/src/tests/unit/dsl/test_dsl_multithread.cpp...
Parsing file /Users/mike/CLionProjects/luisa/src/tests/unit/dsl/test_dsl_multithread.cpp...
Preprocessing /Users/mike/CLionProjects/luisa/src/tests/unit/dsl/test_dsl_sugar.cpp...
Parsing file /Users/mike/CLionProjects/luisa/src/tests/unit/dsl/test_dsl_sugar.cpp...
Preprocessing /Users/mike/CLionProjects/luisa/src/tests/unit/dsl/test_matrix.cpp...
Parsing file /Users/mike/CLionProjects/luisa/src/tests/unit/dsl/test_matrix.cpp...
Preprocessing /Users/mike/CLionProjects/luisa/src/tests/unit/dsl/test_minimal_coro.cpp...
Parsing file /Users/mike/CLionProjects/luisa/src/tests/unit/dsl/test_minimal_coro.cpp...
Preprocessing /Users/mike/CLionProjects/luisa/src/tests/unit/dsl/test_nested_callable.cpp...
Parsing file /Users/mike/CLionProjects/luisa/src/tests/unit/dsl/test_nested_callable.cpp...
Preprocessing /Users/mike/CLionProjects/luisa/src/tests/unit/dsl/test_normal_encoding.cpp...
Parsing file /Users/mike/CLionProjects/luisa/src/tests/unit/dsl/test_normal_encoding.cpp...
Preprocessing /Users/mike/CLionProjects/luisa/src/tests/unit/dsl/test_polymorphic.cpp...
Parsing file /Users/mike/CLionProjects/luisa/src/tests/unit/dsl/test_polymorphic.cpp...
Preprocessing /Users/mike/CLionProjects/luisa/src/tests/unit/dsl/test_soa.cpp...
Parsing file /Users/mike/CLionProjects/luisa/src/tests/unit/dsl/test_soa.cpp...
Preprocessing /Users/mike/CLionProjects/luisa/src/tests/unit/dsl/test_soa_simple.cpp...
Parsing file /Users/mike/CLionProjects/luisa/src/tests/unit/dsl/test_soa_simple.cpp...
Preprocessing /Users/mike/CLionProjects/luisa/src/tests/unit/dsl/test_soa_subview.cpp...
Parsing file /Users/mike/CLionProjects/luisa/src/tests/unit/dsl/test_soa_subview.cpp...
Preprocessing /Users/mike/CLionProjects/luisa/src/tests/unit/dsl/test_var.cpp...
Parsing file /Users/mike/CLionProjects/luisa/src/tests/unit/dsl/test_var.cpp...
Preprocessing /Users/mike/CLionProjects/luisa/src/tests/unit/ext/test_argument_block_layout.cpp...
Parsing file /Users/mike/CLionProjects/luisa/src/tests/unit/ext/test_argument_block_layout.cpp...
Preprocessing /Users/mike/CLionProjects/luisa/src/tests/unit/ext/test_command_reorder_bindless.cpp...
Parsing file /Users/mike/CLionProjects/luisa/src/tests/unit/ext/test_command_reorder_bindless.cpp...
Preprocessing /Users/mike/CLionProjects/luisa/src/tests/unit/ext/test_glslang_spirv.cpp...
Parsing file /Users/mike/CLionProjects/luisa/src/tests/unit/ext/test_glslang_spirv.cpp...
Preprocessing /Users/mike/CLionProjects/luisa/src/tests/unit/ext/test_hlsl_validation_codegen.cpp...
Parsing file /Users/mike/CLionProjects/luisa/src/tests/unit/ext/test_hlsl_validation_codegen.cpp...
Preprocessing /Users/mike/CLionProjects/luisa/src/tests/unit/ext/test_metal_metallib.cpp...
Parsing file /Users/mike/CLionProjects/luisa/src/tests/unit/ext/test_metal_metallib.cpp...
Preprocessing /Users/mike/CLionProjects/luisa/src/tests/unit/ext/test_metal_raster_archive.cpp...
Parsing file /Users/mike/CLionProjects/luisa/src/tests/unit/ext/test_metal_raster_archive.cpp...
Preprocessing /Users/mike/CLionProjects/luisa/src/tests/unit/ext/test_spirv_aggregate_indices.cpp...
Parsing file /Users/mike/CLionProjects/luisa/src/tests/unit/ext/test_spirv_aggregate_indices.cpp...
Preprocessing /Users/mike/CLionProjects/luisa/src/tests/unit/ext/test_spirv_bindless_xir_usage.cpp...
Parsing file /Users/mike/CLionProjects/luisa/src/tests/unit/ext/test_spirv_bindless_xir_usage.cpp...
Preprocessing /Users/mike/CLionProjects/luisa/src/tests/unit/ext/test_spirv_buffer_layout.cpp...
Parsing file /Users/mike/CLionProjects/luisa/src/tests/unit/ext/test_spirv_buffer_layout.cpp...
Preprocessing /Users/mike/CLionProjects/luisa/src/tests/unit/ext/test_spirv_callable_reference_handoff.cpp...
Parsing file /Users/mike/CLionProjects/luisa/src/tests/unit/ext/test_spirv_callable_reference_handoff.cpp...
Preprocessing /Users/mike/CLionProjects/luisa/src/tests/unit/ext/test_spirv_constant_ubo_layout.cpp...
Parsing file /Users/mike/CLionProjects/luisa/src/tests/unit/ext/test_spirv_constant_ubo_layout.cpp...
Preprocessing /Users/mike/CLionProjects/luisa/src/tests/unit/ext/test_spirv_control_flow_plan.cpp...
Parsing file /Users/mike/CLionProjects/luisa/src/tests/unit/ext/test_spirv_control_flow_plan.cpp...
Preprocessing /Users/mike/CLionProjects/luisa/src/tests/unit/ext/test_spirv_float_atomics.cpp...
Parsing file /Users/mike/CLionProjects/luisa/src/tests/unit/ext/test_spirv_float_atomics.cpp...
Preprocessing /Users/mike/CLionProjects/luisa/src/tests/unit/ext/test_spirv_handoff_boundaries.cpp...
Parsing file /Users/mike/CLionProjects/luisa/src/tests/unit/ext/test_spirv_handoff_boundaries.cpp...
Preprocessing /Users/mike/CLionProjects/luisa/src/tests/unit/ext/test_spirv_instruction_layout.cpp...
Parsing file /Users/mike/CLionProjects/luisa/src/tests/unit/ext/test_spirv_instruction_layout.cpp...
Preprocessing /Users/mike/CLionProjects/luisa/src/tests/unit/ext/test_spirv_integer_numeric_boundaries.cpp...
Parsing file /Users/mike/CLionProjects/luisa/src/tests/unit/ext/test_spirv_integer_numeric_boundaries.cpp...
Preprocessing /Users/mike/CLionProjects/luisa/src/tests/unit/ext/test_spirv_llvm_facade.cpp...
Parsing file /Users/mike/CLionProjects/luisa/src/tests/unit/ext/test_spirv_llvm_facade.cpp...
Preprocessing /Users/mike/CLionProjects/luisa/src/tests/unit/ext/test_spirv_motion_patch.cpp...
Parsing file /Users/mike/CLionProjects/luisa/src/tests/unit/ext/test_spirv_motion_patch.cpp...
Preprocessing /Users/mike/CLionProjects/luisa/src/tests/unit/ext/test_spirv_optimizer.cpp...
Parsing file /Users/mike/CLionProjects/luisa/src/tests/unit/ext/test_spirv_optimizer.cpp...
Preprocessing /Users/mike/CLionProjects/luisa/src/tests/unit/ext/test_spirv_pointer_legalization.cpp...
Parsing file /Users/mike/CLionProjects/luisa/src/tests/unit/ext/test_spirv_pointer_legalization.cpp...
Preprocessing /Users/mike/CLionProjects/luisa/src/tests/unit/ext/test_spirv_raw_float_constants.cpp...
Parsing file /Users/mike/CLionProjects/luisa/src/tests/unit/ext/test_spirv_raw_float_constants.cpp...
Preprocessing /Users/mike/CLionProjects/luisa/src/tests/unit/ext/test_spirv_ray_culling.cpp...
Parsing file /Users/mike/CLionProjects/luisa/src/tests/unit/ext/test_spirv_ray_culling.cpp...
Preprocessing /Users/mike/CLionProjects/luisa/src/tests/unit/ext/test_spirv_runtime_target_plan.cpp...
Parsing file /Users/mike/CLionProjects/luisa/src/tests/unit/ext/test_spirv_runtime_target_plan.cpp...
Preprocessing /Users/mike/CLionProjects/luisa/src/tests/unit/ext/test_spirv_target_feature_codegen.cpp...
Parsing file /Users/mike/CLionProjects/luisa/src/tests/unit/ext/test_spirv_target_feature_codegen.cpp...
Preprocessing /Users/mike/CLionProjects/luisa/src/tests/unit/ext/test_spirv_target_feature_mask.cpp...
Parsing file /Users/mike/CLionProjects/luisa/src/tests/unit/ext/test_spirv_target_feature_mask.cpp...
Preprocessing /Users/mike/CLionProjects/luisa/src/tests/unit/ext/test_spirv_undefined.cpp...
Parsing file /Users/mike/CLionProjects/luisa/src/tests/unit/ext/test_spirv_undefined.cpp...
Preprocessing /Users/mike/CLionProjects/luisa/src/tests/unit/ext/test_spirv_volatile_buffers.cpp...
Parsing file /Users/mike/CLionProjects/luisa/src/tests/unit/ext/test_spirv_volatile_buffers.cpp...
Preprocessing /Users/mike/CLionProjects/luisa/src/tests/unit/ext/test_spirv_xir_dialect.cpp...
Parsing file /Users/mike/CLionProjects/luisa/src/tests/unit/ext/test_spirv_xir_dialect.cpp...
Preprocessing /Users/mike/CLionProjects/luisa/src/tests/unit/ext/test_vk_android_plan.cpp...
Parsing file /Users/mike/CLionProjects/luisa/src/tests/unit/ext/test_vk_android_plan.cpp...
Preprocessing /Users/mike/CLionProjects/luisa/src/tests/unit/ext/test_vk_cuda_interop_texture_plan.cpp...
Parsing file /Users/mike/CLionProjects/luisa/src/tests/unit/ext/test_vk_cuda_interop_texture_plan.cpp...
Preprocessing /Users/mike/CLionProjects/luisa/src/tests/unit/ext/test_vk_indirect_dispatch.cpp...
Parsing file /Users/mike/CLionProjects/luisa/src/tests/unit/ext/test_vk_indirect_dispatch.cpp...
Preprocessing /Users/mike/CLionProjects/luisa/src/tests/unit/ext/test_vk_resource_barrier_contract.cpp...
Parsing file /Users/mike/CLionProjects/luisa/src/tests/unit/ext/test_vk_resource_barrier_contract.cpp...
Preprocessing /Users/mike/CLionProjects/luisa/src/tests/unit/ext/test_vk_result_contract.cpp...
Parsing file /Users/mike/CLionProjects/luisa/src/tests/unit/ext/test_vk_result_contract.cpp...
Preprocessing /Users/mike/CLionProjects/luisa/src/tests/unit/ext/test_vk_saved_argument_contract.cpp...
Parsing file /Users/mike/CLionProjects/luisa/src/tests/unit/ext/test_vk_saved_argument_contract.cpp...
Preprocessing /Users/mike/CLionProjects/luisa/src/tests/unit/ext/test_vk_shader_binary_contract.cpp...
Parsing file /Users/mike/CLionProjects/luisa/src/tests/unit/ext/test_vk_shader_binary_contract.cpp...
Preprocessing /Users/mike/CLionProjects/luisa/src/tests/unit/ext/test_vk_sparse_residency_registry.cpp...
Parsing file /Users/mike/CLionProjects/luisa/src/tests/unit/ext/test_vk_sparse_residency_registry.cpp...
Preprocessing /Users/mike/CLionProjects/luisa/src/tests/unit/ext/test_vk_user_compute_codegen_route.cpp...
Parsing file /Users/mike/CLionProjects/luisa/src/tests/unit/ext/test_vk_user_compute_codegen_route.cpp...
Preprocessing /Users/mike/CLionProjects/luisa/src/tests/unit/fallback/test_fallback_llvm_native_math.cpp...
Parsing file /Users/mike/CLionProjects/luisa/src/tests/unit/fallback/test_fallback_llvm_native_math.cpp...
Preprocessing /Users/mike/CLionProjects/luisa/src/tests/unit/runtime/fp4.h...
Parsing file /Users/mike/CLionProjects/luisa/src/tests/unit/runtime/fp4.h...
Preprocessing /Users/mike/CLionProjects/luisa/src/tests/unit/runtime/fp8.h...
Parsing file /Users/mike/CLionProjects/luisa/src/tests/unit/runtime/fp8.h...
Preprocessing /Users/mike/CLionProjects/luisa/src/tests/unit/runtime/test_accel_blas_lifetime.cpp...
Parsing file /Users/mike/CLionProjects/luisa/src/tests/unit/runtime/test_accel_blas_lifetime.cpp...
Preprocessing /Users/mike/CLionProjects/luisa/src/tests/unit/runtime/test_accel_build_modes.cpp...
Parsing file /Users/mike/CLionProjects/luisa/src/tests/unit/runtime/test_accel_build_modes.cpp...
Preprocessing /Users/mike/CLionProjects/luisa/src/tests/unit/runtime/test_accel_visibility.cpp...
Parsing file /Users/mike/CLionProjects/luisa/src/tests/unit/runtime/test_accel_visibility.cpp...
Preprocessing /Users/mike/CLionProjects/luisa/src/tests/unit/runtime/test_async_copy_cuda.cpp...
Parsing file /Users/mike/CLionProjects/luisa/src/tests/unit/runtime/test_async_copy_cuda.cpp...
Preprocessing /Users/mike/CLionProjects/luisa/src/tests/unit/runtime/test_atomic.cpp...
Parsing file /Users/mike/CLionProjects/luisa/src/tests/unit/runtime/test_atomic.cpp...
Preprocessing /Users/mike/CLionProjects/luisa/src/tests/unit/runtime/test_atomic_queue.cpp...
Parsing file /Users/mike/CLionProjects/luisa/src/tests/unit/runtime/test_atomic_queue.cpp...
Preprocessing /Users/mike/CLionProjects/luisa/src/tests/unit/runtime/test_bindless_mip.cpp...
Parsing file /Users/mike/CLionProjects/luisa/src/tests/unit/runtime/test_bindless_mip.cpp...
Preprocessing /Users/mike/CLionProjects/luisa/src/tests/unit/runtime/test_buffer.cpp...
Parsing file /Users/mike/CLionProjects/luisa/src/tests/unit/runtime/test_buffer.cpp...
Preprocessing /Users/mike/CLionProjects/luisa/src/tests/unit/runtime/test_buffer_io.cpp...
Parsing file /Users/mike/CLionProjects/luisa/src/tests/unit/runtime/test_buffer_io.cpp...
Preprocessing /Users/mike/CLionProjects/luisa/src/tests/unit/runtime/test_buffer_view.cpp...
Parsing file /Users/mike/CLionProjects/luisa/src/tests/unit/runtime/test_buffer_view.cpp...
Preprocessing /Users/mike/CLionProjects/luisa/src/tests/unit/runtime/test_byte_buffer.cpp...
Parsing file /Users/mike/CLionProjects/luisa/src/tests/unit/runtime/test_byte_buffer.cpp...
Preprocessing /Users/mike/CLionProjects/luisa/src/tests/unit/runtime/test_cluster_launch_control.cpp...
Parsing file /Users/mike/CLionProjects/luisa/src/tests/unit/runtime/test_cluster_launch_control.cpp...
Preprocessing /Users/mike/CLionProjects/luisa/src/tests/unit/runtime/test_complex_kernel.cpp...
Parsing file /Users/mike/CLionProjects/luisa/src/tests/unit/runtime/test_complex_kernel.cpp...
Preprocessing /Users/mike/CLionProjects/luisa/src/tests/unit/runtime/test_context.cpp...
Parsing file /Users/mike/CLionProjects/luisa/src/tests/unit/runtime/test_context.cpp...
Preprocessing /Users/mike/CLionProjects/luisa/src/tests/unit/runtime/test_copy.cpp...
Parsing file /Users/mike/CLionProjects/luisa/src/tests/unit/runtime/test_copy.cpp...
Preprocessing /Users/mike/CLionProjects/luisa/src/tests/unit/runtime/test_counted_local_array.cpp...
Parsing file /Users/mike/CLionProjects/luisa/src/tests/unit/runtime/test_counted_local_array.cpp...
Preprocessing /Users/mike/CLionProjects/luisa/src/tests/unit/runtime/test_cpu_callable.cpp...
Parsing file /Users/mike/CLionProjects/luisa/src/tests/unit/runtime/test_cpu_callable.cpp...
Preprocessing /Users/mike/CLionProjects/luisa/src/tests/unit/runtime/test_decoupled_look_back.cpp...
Parsing file /Users/mike/CLionProjects/luisa/src/tests/unit/runtime/test_decoupled_look_back.cpp...
Preprocessing /Users/mike/CLionProjects/luisa/src/tests/unit/runtime/test_device.cpp...
Parsing file /Users/mike/CLionProjects/luisa/src/tests/unit/runtime/test_device.cpp...
Preprocessing /Users/mike/CLionProjects/luisa/src/tests/unit/runtime/test_direct_texture_sampling.cpp...
Parsing file /Users/mike/CLionProjects/luisa/src/tests/unit/runtime/test_direct_texture_sampling.cpp...
Preprocessing /Users/mike/CLionProjects/luisa/src/tests/unit/runtime/test_dsl_fuse_buffer_reads.cpp...
Parsing file /Users/mike/CLionProjects/luisa/src/tests/unit/runtime/test_dsl_fuse_buffer_reads.cpp...
Preprocessing /Users/mike/CLionProjects/luisa/src/tests/unit/runtime/test_dsl_indvar_strength_reduce.cpp...
Parsing file /Users/mike/CLionProjects/luisa/src/tests/unit/runtime/test_dsl_indvar_strength_reduce.cpp...
Preprocessing /Users/mike/CLionProjects/luisa/src/tests/unit/runtime/test_dsl_slp_vectorization.cpp...
Parsing file /Users/mike/CLionProjects/luisa/src/tests/unit/runtime/test_dsl_slp_vectorization.cpp...
Preprocessing /Users/mike/CLionProjects/luisa/src/tests/unit/runtime/test_dsl_xir_optimize_vk.cpp...
Parsing file /Users/mike/CLionProjects/luisa/src/tests/unit/runtime/test_dsl_xir_optimize_vk.cpp...
Preprocessing /Users/mike/CLionProjects/luisa/src/tests/unit/runtime/test_external_buffer.cpp...
Parsing file /Users/mike/CLionProjects/luisa/src/tests/unit/runtime/test_external_buffer.cpp...
Preprocessing /Users/mike/CLionProjects/luisa/src/tests/unit/runtime/test_fallback_shader_cache.cpp...
Parsing file /Users/mike/CLionProjects/luisa/src/tests/unit/runtime/test_fallback_shader_cache.cpp...
Preprocessing /Users/mike/CLionProjects/luisa/src/tests/unit/runtime/test_fp4.cpp...
Parsing file /Users/mike/CLionProjects/luisa/src/tests/unit/runtime/test_fp4.cpp...
Preprocessing /Users/mike/CLionProjects/luisa/src/tests/unit/runtime/test_fp4_quantization.cpp...
Parsing file /Users/mike/CLionProjects/luisa/src/tests/unit/runtime/test_fp4_quantization.cpp...
Preprocessing /Users/mike/CLionProjects/luisa/src/tests/unit/runtime/test_fp8.cpp...
Parsing file /Users/mike/CLionProjects/luisa/src/tests/unit/runtime/test_fp8.cpp...
Preprocessing /Users/mike/CLionProjects/luisa/src/tests/unit/runtime/test_fp8_quantization.cpp...
Parsing file /Users/mike/CLionProjects/luisa/src/tests/unit/runtime/test_fp8_quantization.cpp...
Preprocessing /Users/mike/CLionProjects/luisa/src/tests/unit/runtime/test_gemm.cpp...
Parsing file /Users/mike/CLionProjects/luisa/src/tests/unit/runtime/test_gemm.cpp...
Preprocessing /Users/mike/CLionProjects/luisa/src/tests/unit/runtime/test_hip_callable_boundary.cpp...
Parsing file /Users/mike/CLionProjects/luisa/src/tests/unit/runtime/test_hip_callable_boundary.cpp...
Preprocessing /Users/mike/CLionProjects/luisa/src/tests/unit/runtime/test_hip_codegen_arithmetic.cpp...
Parsing file /Users/mike/CLionProjects/luisa/src/tests/unit/runtime/test_hip_codegen_arithmetic.cpp...
Preprocessing /Users/mike/CLionProjects/luisa/src/tests/unit/runtime/test_hip_curve_ray_query.cpp...
Parsing file /Users/mike/CLionProjects/luisa/src/tests/unit/runtime/test_hip_curve_ray_query.cpp...
Preprocessing /Users/mike/CLionProjects/luisa/src/tests/unit/runtime/test_hip_float_atomic_memory_model.cpp...
Parsing file /Users/mike/CLionProjects/luisa/src/tests/unit/runtime/test_hip_float_atomic_memory_model.cpp...
Preprocessing /Users/mike/CLionProjects/luisa/src/tests/unit/runtime/test_hip_large_accel_instances.cpp...
Parsing file /Users/mike/CLionProjects/luisa/src/tests/unit/runtime/test_hip_large_accel_instances.cpp...
Preprocessing /Users/mike/CLionProjects/luisa/src/tests/unit/runtime/test_hip_motion_instance_device_ops.cpp...
Parsing file /Users/mike/CLionProjects/luisa/src/tests/unit/runtime/test_hip_motion_instance_device_ops.cpp...
Preprocessing /Users/mike/CLionProjects/luisa/src/tests/unit/runtime/test_hip_motion_instance_matrix.cpp...
Parsing file /Users/mike/CLionProjects/luisa/src/tests/unit/runtime/test_hip_motion_instance_matrix.cpp...
Preprocessing /Users/mike/CLionProjects/luisa/src/tests/unit/runtime/test_hip_motion_instance_srt.cpp...
Parsing file /Users/mike/CLionProjects/luisa/src/tests/unit/runtime/test_hip_motion_instance_srt.cpp...
Preprocessing /Users/mike/CLionProjects/luisa/src/tests/unit/runtime/test_hip_motion_mesh.cpp...
Parsing file /Users/mike/CLionProjects/luisa/src/tests/unit/runtime/test_hip_motion_mesh.cpp...
Preprocessing /Users/mike/CLionProjects/luisa/src/tests/unit/runtime/test_hip_motion_ray_query.cpp...
Parsing file /Users/mike/CLionProjects/luisa/src/tests/unit/runtime/test_hip_motion_ray_query.cpp...
Preprocessing /Users/mike/CLionProjects/luisa/src/tests/unit/runtime/test_hip_motion_workgroup_rows.cpp...
Parsing file /Users/mike/CLionProjects/luisa/src/tests/unit/runtime/test_hip_motion_workgroup_rows.cpp...
Preprocessing /Users/mike/CLionProjects/luisa/src/tests/unit/runtime/test_hip_ray_query_pipeline.cpp...
Parsing file /Users/mike/CLionProjects/luisa/src/tests/unit/runtime/test_hip_ray_query_pipeline.cpp...
Preprocessing /Users/mike/CLionProjects/luisa/src/tests/unit/runtime/test_hip_rt_scratch_reuse.cpp...
Parsing file /Users/mike/CLionProjects/luisa/src/tests/unit/runtime/test_hip_rt_scratch_reuse.cpp...
Preprocessing /Users/mike/CLionProjects/luisa/src/tests/unit/runtime/test_hip_shader_cache.cpp...
Parsing file /Users/mike/CLionProjects/luisa/src/tests/unit/runtime/test_hip_shader_cache.cpp...
Preprocessing /Users/mike/CLionProjects/luisa/src/tests/unit/runtime/test_hip_signed_texture_io.cpp...
Parsing file /Users/mike/CLionProjects/luisa/src/tests/unit/runtime/test_hip_signed_texture_io.cpp...
Preprocessing /Users/mike/CLionProjects/luisa/src/tests/unit/runtime/test_hip_static_motion_instance.cpp...
Parsing file /Users/mike/CLionProjects/luisa/src/tests/unit/runtime/test_hip_static_motion_instance.cpp...
Preprocessing /Users/mike/CLionProjects/luisa/src/tests/unit/runtime/test_hip_wave_size.cpp...
Parsing file /Users/mike/CLionProjects/luisa/src/tests/unit/runtime/test_hip_wave_size.cpp...
Preprocessing /Users/mike/CLionProjects/luisa/src/tests/unit/runtime/test_metal_codegen_regressions.cpp...
Parsing file /Users/mike/CLionProjects/luisa/src/tests/unit/runtime/test_metal_codegen_regressions.cpp...
Preprocessing /Users/mike/CLionProjects/luisa/src/tests/unit/runtime/test_mha_warp_reduction.cpp...
Parsing file /Users/mike/CLionProjects/luisa/src/tests/unit/runtime/test_mha_warp_reduction.cpp...
Preprocessing /Users/mike/CLionProjects/luisa/src/tests/unit/runtime/test_mipmap.cpp...
Parsing file /Users/mike/CLionProjects/luisa/src/tests/unit/runtime/test_mipmap.cpp...
Preprocessing /Users/mike/CLionProjects/luisa/src/tests/unit/runtime/test_motion_instance_keyframes.cpp...
Parsing file /Users/mike/CLionProjects/luisa/src/tests/unit/runtime/test_motion_instance_keyframes.cpp...
Preprocessing /Users/mike/CLionProjects/luisa/src/tests/unit/runtime/test_native_window_events.cpp...
Parsing file /Users/mike/CLionProjects/luisa/src/tests/unit/runtime/test_native_window_events.cpp...
Preprocessing /Users/mike/CLionProjects/luisa/src/tests/unit/runtime/test_out_of_range.cpp...
Parsing file /Users/mike/CLionProjects/luisa/src/tests/unit/runtime/test_out_of_range.cpp...
Preprocessing /Users/mike/CLionProjects/luisa/src/tests/unit/runtime/test_pbrt_curve_parser.cpp...
Parsing file /Users/mike/CLionProjects/luisa/src/tests/unit/runtime/test_pbrt_curve_parser.cpp...
Preprocessing /Users/mike/CLionProjects/luisa/src/tests/unit/runtime/test_pinned_mem.cpp...
Parsing file /Users/mike/CLionProjects/luisa/src/tests/unit/runtime/test_pinned_mem.cpp...
Preprocessing /Users/mike/CLionProjects/luisa/src/tests/unit/runtime/test_printer.cpp...
Parsing file /Users/mike/CLionProjects/luisa/src/tests/unit/runtime/test_printer.cpp...
Preprocessing /Users/mike/CLionProjects/luisa/src/tests/unit/runtime/test_printer_custom_callback.cpp...
Parsing file /Users/mike/CLionProjects/luisa/src/tests/unit/runtime/test_printer_custom_callback.cpp...
Preprocessing /Users/mike/CLionProjects/luisa/src/tests/unit/runtime/test_ray_query_world_ray.cpp...
Parsing file /Users/mike/CLionProjects/luisa/src/tests/unit/runtime/test_ray_query_world_ray.cpp...
Preprocessing /Users/mike/CLionProjects/luisa/src/tests/unit/runtime/test_remote_backend_e2e.cpp...
Parsing file /Users/mike/CLionProjects/luisa/src/tests/unit/runtime/test_remote_backend_e2e.cpp...
Preprocessing /Users/mike/CLionProjects/luisa/src/tests/unit/runtime/test_remote_backend_native.cpp...
Parsing file /Users/mike/CLionProjects/luisa/src/tests/unit/runtime/test_remote_backend_native.cpp...
Preprocessing /Users/mike/CLionProjects/luisa/src/tests/unit/runtime/test_remote_backend_swapchain.cpp...
Parsing file /Users/mike/CLionProjects/luisa/src/tests/unit/runtime/test_remote_backend_swapchain.cpp...
Preprocessing /Users/mike/CLionProjects/luisa/src/tests/unit/runtime/test_remote_blob_cache.cpp...
Parsing file /Users/mike/CLionProjects/luisa/src/tests/unit/runtime/test_remote_blob_cache.cpp...
Preprocessing /Users/mike/CLionProjects/luisa/src/tests/unit/runtime/test_remote_protocol.cpp...
Parsing file /Users/mike/CLionProjects/luisa/src/tests/unit/runtime/test_remote_protocol.cpp...
Preprocessing /Users/mike/CLionProjects/luisa/src/tests/unit/runtime/test_remote_transport.cpp...
Parsing file /Users/mike/CLionProjects/luisa/src/tests/unit/runtime/test_remote_transport.cpp...
Preprocessing /Users/mike/CLionProjects/luisa/src/tests/unit/runtime/test_sampler.cpp...
Parsing file /Users/mike/CLionProjects/luisa/src/tests/unit/runtime/test_sampler.cpp...
Preprocessing /Users/mike/CLionProjects/luisa/src/tests/unit/runtime/test_shared_mem.cpp...
Parsing file /Users/mike/CLionProjects/luisa/src/tests/unit/runtime/test_shared_mem.cpp...
Preprocessing /Users/mike/CLionProjects/luisa/src/tests/unit/runtime/test_shared_memory.cpp...
Parsing file /Users/mike/CLionProjects/luisa/src/tests/unit/runtime/test_shared_memory.cpp...
Preprocessing /Users/mike/CLionProjects/luisa/src/tests/unit/runtime/test_softmax.cpp...
Parsing file /Users/mike/CLionProjects/luisa/src/tests/unit/runtime/test_softmax.cpp...
Preprocessing /Users/mike/CLionProjects/luisa/src/tests/unit/runtime/test_texture_compress.cpp...
Parsing file /Users/mike/CLionProjects/luisa/src/tests/unit/runtime/test_texture_compress.cpp...
Preprocessing /Users/mike/CLionProjects/luisa/src/tests/unit/runtime/test_texture_io.cpp...
Parsing file /Users/mike/CLionProjects/luisa/src/tests/unit/runtime/test_texture_io.cpp...
Preprocessing /Users/mike/CLionProjects/luisa/src/tests/unit/runtime/test_timeline_event.cpp...
Parsing file /Users/mike/CLionProjects/luisa/src/tests/unit/runtime/test_timeline_event.cpp...
Preprocessing /Users/mike/CLionProjects/luisa/src/tests/unit/runtime/test_vk_native_route_guard.cpp...
Parsing file /Users/mike/CLionProjects/luisa/src/tests/unit/runtime/test_vk_native_route_guard.cpp...
Preprocessing /Users/mike/CLionProjects/luisa/src/tests/unit/runtime/test_vk_shader_cache.cpp...
Parsing file /Users/mike/CLionProjects/luisa/src/tests/unit/runtime/test_vk_shader_cache.cpp...
Preprocessing /Users/mike/CLionProjects/luisa/src/tests/unit/runtime/test_vk_sparse_runtime.cpp...
Parsing file /Users/mike/CLionProjects/luisa/src/tests/unit/runtime/test_vk_sparse_runtime.cpp...
Preprocessing /Users/mike/CLionProjects/luisa/src/tests/unit/runtime/test_vk_spirv_codegen_path.cpp...
Parsing file /Users/mike/CLionProjects/luisa/src/tests/unit/runtime/test_vk_spirv_codegen_path.cpp...
Preprocessing /Users/mike/CLionProjects/luisa/src/tests/unit/runtime/test_warp.cpp...
Parsing file /Users/mike/CLionProjects/luisa/src/tests/unit/runtime/test_warp.cpp...
Preprocessing /Users/mike/CLionProjects/luisa/src/tests/unit/runtime/test_warp_prefix_scan.cpp...
Parsing file /Users/mike/CLionProjects/luisa/src/tests/unit/runtime/test_warp_prefix_scan.cpp...
Preprocessing /Users/mike/CLionProjects/luisa/src/tests/unit/runtime/test_warp_sparse_collectives.cpp...
Parsing file /Users/mike/CLionProjects/luisa/src/tests/unit/runtime/test_warp_sparse_collectives.cpp...
Preprocessing /Users/mike/CLionProjects/luisa/src/tests/unit/simd/benchmark_ispc_gemm.cpp...
Parsing file /Users/mike/CLionProjects/luisa/src/tests/unit/simd/benchmark_ispc_gemm.cpp...
Preprocessing /Users/mike/CLionProjects/luisa/src/tests/unit/simd/benchmark_llvm_native_math.cpp...
Parsing file /Users/mike/CLionProjects/luisa/src/tests/unit/simd/benchmark_llvm_native_math.cpp...
Preprocessing /Users/mike/CLionProjects/luisa/src/tests/unit/simd/benchmark_loop_unswitch.cpp...
Parsing file /Users/mike/CLionProjects/luisa/src/tests/unit/simd/benchmark_loop_unswitch.cpp...
Preprocessing /Users/mike/CLionProjects/luisa/src/tests/unit/simd/benchmark_predicated_if_conversion.cpp...
Parsing file /Users/mike/CLionProjects/luisa/src/tests/unit/simd/benchmark_predicated_if_conversion.cpp...
Preprocessing /Users/mike/CLionProjects/luisa/src/tests/unit/simd/benchmark_simd_gemm.cpp...
Parsing file /Users/mike/CLionProjects/luisa/src/tests/unit/simd/benchmark_simd_gemm.cpp...
Preprocessing /Users/mike/CLionProjects/luisa/src/tests/unit/simd/benchmark_simd_gemm_assembly.cpp...
Parsing file /Users/mike/CLionProjects/luisa/src/tests/unit/simd/benchmark_simd_gemm_assembly.cpp...
Preprocessing /Users/mike/CLionProjects/luisa/src/tests/unit/simd/benchmark_simd_gemm_kernel.h...
Parsing file /Users/mike/CLionProjects/luisa/src/tests/unit/simd/benchmark_simd_gemm_kernel.h...
Preprocessing /Users/mike/CLionProjects/luisa/src/tests/unit/simd/benchmark_simd_procedural_ray_query.cpp...
Parsing file /Users/mike/CLionProjects/luisa/src/tests/unit/simd/benchmark_simd_procedural_ray_query.cpp...
Preprocessing /Users/mike/CLionProjects/luisa/src/tests/unit/simd/benchmark_simd_ray_query.cpp...
Parsing file /Users/mike/CLionProjects/luisa/src/tests/unit/simd/benchmark_simd_ray_query.cpp...
Preprocessing /Users/mike/CLionProjects/luisa/src/tests/unit/simd/reference_warp_collectives.h...
Parsing file /Users/mike/CLionProjects/luisa/src/tests/unit/simd/reference_warp_collectives.h...
Preprocessing /Users/mike/CLionProjects/luisa/src/tests/unit/simd/test_cohort_scheduler.cpp...
Parsing file /Users/mike/CLionProjects/luisa/src/tests/unit/simd/test_cohort_scheduler.cpp...
Preprocessing /Users/mike/CLionProjects/luisa/src/tests/unit/simd/test_llvm_native_math.cpp...
Parsing file /Users/mike/CLionProjects/luisa/src/tests/unit/simd/test_llvm_native_math.cpp...
Preprocessing /Users/mike/CLionProjects/luisa/src/tests/unit/simd/test_llvm_native_math_fast.cpp...
Parsing file /Users/mike/CLionProjects/luisa/src/tests/unit/simd/test_llvm_native_math_fast.cpp...
Preprocessing /Users/mike/CLionProjects/luisa/src/tests/unit/simd/test_llvm_native_math_fast.h...
Parsing file /Users/mike/CLionProjects/luisa/src/tests/unit/simd/test_llvm_native_math_fast.h...
Preprocessing /Users/mike/CLionProjects/luisa/src/tests/unit/simd/test_llvm_schedule_codegen.cpp...
Parsing file /Users/mike/CLionProjects/luisa/src/tests/unit/simd/test_llvm_schedule_codegen.cpp...
Preprocessing /Users/mike/CLionProjects/luisa/src/tests/unit/simd/test_llvm_value_layout.cpp...
Parsing file /Users/mike/CLionProjects/luisa/src/tests/unit/simd/test_llvm_value_layout.cpp...
Preprocessing /Users/mike/CLionProjects/luisa/src/tests/unit/simd/test_llvm_warp_collectives.cpp...
Parsing file /Users/mike/CLionProjects/luisa/src/tests/unit/simd/test_llvm_warp_collectives.cpp...
Preprocessing /Users/mike/CLionProjects/luisa/src/tests/unit/simd/test_phi_parallel_copy.cpp...
Parsing file /Users/mike/CLionProjects/luisa/src/tests/unit/simd/test_phi_parallel_copy.cpp...
Preprocessing /Users/mike/CLionProjects/luisa/src/tests/unit/simd/test_reference_warp_collectives.cpp...
Parsing file /Users/mike/CLionProjects/luisa/src/tests/unit/simd/test_reference_warp_collectives.cpp...
Preprocessing /Users/mike/CLionProjects/luisa/src/tests/unit/simd/test_schedule_ir.cpp...
Parsing file /Users/mike/CLionProjects/luisa/src/tests/unit/simd/test_schedule_ir.cpp...
Preprocessing /Users/mike/CLionProjects/luisa/src/tests/unit/simd/test_scheduler_model.cpp...
Parsing file /Users/mike/CLionProjects/luisa/src/tests/unit/simd/test_scheduler_model.cpp...
Preprocessing /Users/mike/CLionProjects/luisa/src/tests/unit/simd/test_simd_accel.cpp...
Parsing file /Users/mike/CLionProjects/luisa/src/tests/unit/simd/test_simd_accel.cpp...
Preprocessing /Users/mike/CLionProjects/luisa/src/tests/unit/simd/test_simd_arithmetic.cpp...
Parsing file /Users/mike/CLionProjects/luisa/src/tests/unit/simd/test_simd_arithmetic.cpp...
Preprocessing /Users/mike/CLionProjects/luisa/src/tests/unit/simd/test_simd_atomics.cpp...
Parsing file /Users/mike/CLionProjects/luisa/src/tests/unit/simd/test_simd_atomics.cpp...
Preprocessing /Users/mike/CLionProjects/luisa/src/tests/unit/simd/test_simd_bindless_buffers.cpp...
Parsing file /Users/mike/CLionProjects/luisa/src/tests/unit/simd/test_simd_bindless_buffers.cpp...
Preprocessing /Users/mike/CLionProjects/luisa/src/tests/unit/simd/test_simd_bindless_textures.cpp...
Parsing file /Users/mike/CLionProjects/luisa/src/tests/unit/simd/test_simd_bindless_textures.cpp...
Preprocessing /Users/mike/CLionProjects/luisa/src/tests/unit/simd/test_simd_curves.cpp...
Parsing file /Users/mike/CLionProjects/luisa/src/tests/unit/simd/test_simd_curves.cpp...
Preprocessing /Users/mike/CLionProjects/luisa/src/tests/unit/simd/test_simd_embree_packet_support.cpp...
Parsing file /Users/mike/CLionProjects/luisa/src/tests/unit/simd/test_simd_embree_packet_support.cpp...
Preprocessing /Users/mike/CLionProjects/luisa/src/tests/unit/simd/test_simd_local_memory.cpp...
Parsing file /Users/mike/CLionProjects/luisa/src/tests/unit/simd/test_simd_local_memory.cpp...
Preprocessing /Users/mike/CLionProjects/luisa/src/tests/unit/simd/test_simd_procedural.cpp...
Parsing file /Users/mike/CLionProjects/luisa/src/tests/unit/simd/test_simd_procedural.cpp...
Preprocessing /Users/mike/CLionProjects/luisa/src/tests/unit/simd/test_simd_runtime_widths.cpp...
Parsing file /Users/mike/CLionProjects/luisa/src/tests/unit/simd/test_simd_runtime_widths.cpp...
Preprocessing /Users/mike/CLionProjects/luisa/src/tests/unit/simd/test_simd_thread_pool.cpp...
Parsing file /Users/mike/CLionProjects/luisa/src/tests/unit/simd/test_simd_thread_pool.cpp...
Preprocessing /Users/mike/CLionProjects/luisa/src/tests/unit/simd/test_warp_uniformity.cpp...
Parsing file /Users/mike/CLionProjects/luisa/src/tests/unit/simd/test_warp_uniformity.cpp...
Preprocessing /Users/mike/CLionProjects/luisa/src/tests/unit/simd/test_xir_to_schedule.cpp...
Parsing file /Users/mike/CLionProjects/luisa/src/tests/unit/simd/test_xir_to_schedule.cpp...
Preprocessing /Users/mike/CLionProjects/luisa/src/tests/unit/tile/bridge/test_tirx_cooperative.cpp...
Parsing file /Users/mike/CLionProjects/luisa/src/tests/unit/tile/bridge/test_tirx_cooperative.cpp...
Preprocessing /Users/mike/CLionProjects/luisa/src/tests/unit/tile/bridge/test_tirx_execution.cpp...
Parsing file /Users/mike/CLionProjects/luisa/src/tests/unit/tile/bridge/test_tirx_execution.cpp...
Preprocessing /Users/mike/CLionProjects/luisa/src/tests/unit/tile/bridge/test_tirx_layout.cpp...
Parsing file /Users/mike/CLionProjects/luisa/src/tests/unit/tile/bridge/test_tirx_layout.cpp...
Preprocessing /Users/mike/CLionProjects/luisa/src/tests/unit/tile/bridge/test_tirx_matrix.cpp...
Parsing file /Users/mike/CLionProjects/luisa/src/tests/unit/tile/bridge/test_tirx_matrix.cpp...
Preprocessing /Users/mike/CLionProjects/luisa/src/tests/unit/tile/bridge/test_tirx_memory.cpp...
Parsing file /Users/mike/CLionProjects/luisa/src/tests/unit/tile/bridge/test_tirx_memory.cpp...
Preprocessing /Users/mike/CLionProjects/luisa/src/tests/unit/tile/bridge/test_tirx_pipeline.cpp...
Parsing file /Users/mike/CLionProjects/luisa/src/tests/unit/tile/bridge/test_tirx_pipeline.cpp...
Preprocessing /Users/mike/CLionProjects/luisa/src/tests/unit/tile/bridge/test_tirx_planner.cpp...
Parsing file /Users/mike/CLionProjects/luisa/src/tests/unit/tile/bridge/test_tirx_planner.cpp...
Preprocessing /Users/mike/CLionProjects/luisa/src/tests/unit/tile/bridge/test_tirx_poc.cpp...
Parsing file /Users/mike/CLionProjects/luisa/src/tests/unit/tile/bridge/test_tirx_poc.cpp...
Preprocessing /Users/mike/CLionProjects/luisa/src/tests/unit/tile/bridge/test_tirx_poc_algorithms.cpp...
Parsing file /Users/mike/CLionProjects/luisa/src/tests/unit/tile/bridge/test_tirx_poc_algorithms.cpp...
Preprocessing /Users/mike/CLionProjects/luisa/src/tests/unit/tile/bridge/test_tirx_poc_neural.cpp...
Parsing file /Users/mike/CLionProjects/luisa/src/tests/unit/tile/bridge/test_tirx_poc_neural.cpp...
Preprocessing /Users/mike/CLionProjects/luisa/src/tests/unit/tile/bridge/test_tirx_targets.cpp...
Parsing file /Users/mike/CLionProjects/luisa/src/tests/unit/tile/bridge/test_tirx_targets.cpp...
Preprocessing /Users/mike/CLionProjects/luisa/src/tests/unit/tile/bridge/test_tirx_values.cpp...
Parsing file /Users/mike/CLionProjects/luisa/src/tests/unit/tile/bridge/test_tirx_values.cpp...
Preprocessing /Users/mike/CLionProjects/luisa/src/tests/unit/tile/bridge/test_xir.cpp...
Parsing file /Users/mike/CLionProjects/luisa/src/tests/unit/tile/bridge/test_xir.cpp...
Preprocessing /Users/mike/CLionProjects/luisa/src/tests/unit/tile/bridge/test_xir_llm.cpp...
Parsing file /Users/mike/CLionProjects/luisa/src/tests/unit/tile/bridge/test_xir_llm.cpp...
Preprocessing /Users/mike/CLionProjects/luisa/src/tests/unit/tile/bridge/test_xir_runtime.cpp...
Parsing file /Users/mike/CLionProjects/luisa/src/tests/unit/tile/bridge/test_xir_runtime.cpp...
Preprocessing /Users/mike/CLionProjects/luisa/src/tests/unit/tile/test_metal_timing.mm...
Parsing file /Users/mike/CLionProjects/luisa/src/tests/unit/tile/test_metal_timing.mm...
Preprocessing /Users/mike/CLionProjects/luisa/src/tests/unit/tile/test_tile_dsl.cpp...
Parsing file /Users/mike/CLionProjects/luisa/src/tests/unit/tile/test_tile_dsl.cpp...
Preprocessing /Users/mike/CLionProjects/luisa/src/tests/unit/tile/test_tile_ir.cpp...
Parsing file /Users/mike/CLionProjects/luisa/src/tests/unit/tile/test_tile_ir.cpp...
Preprocessing /Users/mike/CLionProjects/luisa/src/tests/unit/tile/test_tile_layout.cpp...
Parsing file /Users/mike/CLionProjects/luisa/src/tests/unit/tile/test_tile_layout.cpp...
Preprocessing /Users/mike/CLionProjects/luisa/src/tests/unit/tile/test_tile_memory.cpp...
Parsing file /Users/mike/CLionProjects/luisa/src/tests/unit/tile/test_tile_memory.cpp...
Preprocessing /Users/mike/CLionProjects/luisa/src/tests/unit/tile/test_tile_native_codegen.cpp...
Parsing file /Users/mike/CLionProjects/luisa/src/tests/unit/tile/test_tile_native_codegen.cpp...
Preprocessing /Users/mike/CLionProjects/luisa/src/tests/unit/tile/test_tile_native_runtime.cpp...
Parsing file /Users/mike/CLionProjects/luisa/src/tests/unit/tile/test_tile_native_runtime.cpp...
Preprocessing /Users/mike/CLionProjects/luisa/src/tests/unit/tile/test_tile_values.cpp...
Parsing file /Users/mike/CLionProjects/luisa/src/tests/unit/tile/test_tile_values.cpp...
Preprocessing /Users/mike/CLionProjects/luisa/src/tests/unit/xir/benchmark_ast2xir_inline_ray_query.cpp...
Parsing file /Users/mike/CLionProjects/luisa/src/tests/unit/xir/benchmark_ast2xir_inline_ray_query.cpp...
Preprocessing /Users/mike/CLionProjects/luisa/src/tests/unit/xir/test_ast_external_lowering.cpp...
Parsing file /Users/mike/CLionProjects/luisa/src/tests/unit/xir/test_ast_external_lowering.cpp...
Preprocessing /Users/mike/CLionProjects/luisa/src/tests/unit/xir/test_ast_pack_usage.cpp...
Parsing file /Users/mike/CLionProjects/luisa/src/tests/unit/xir/test_ast_pack_usage.cpp...
Preprocessing /Users/mike/CLionProjects/luisa/src/tests/unit/xir/test_ast_to_xir.cpp...
Parsing file /Users/mike/CLionProjects/luisa/src/tests/unit/xir/test_ast_to_xir.cpp...
Preprocessing /Users/mike/CLionProjects/luisa/src/tests/unit/xir/test_coro_cfg_dataflow.cpp...
Parsing file /Users/mike/CLionProjects/luisa/src/tests/unit/xir/test_coro_cfg_dataflow.cpp...
Preprocessing /Users/mike/CLionProjects/luisa/src/tests/unit/xir/test_coro_cfg_distill.cpp...
Parsing file /Users/mike/CLionProjects/luisa/src/tests/unit/xir/test_coro_cfg_distill.cpp...
Preprocessing /Users/mike/CLionProjects/luisa/src/tests/unit/xir/test_coro_dead_field.cpp...
Parsing file /Users/mike/CLionProjects/luisa/src/tests/unit/xir/test_coro_dead_field.cpp...
Preprocessing /Users/mike/CLionProjects/luisa/src/tests/unit/xir/test_coro_frame_size.cpp...
Parsing file /Users/mike/CLionProjects/luisa/src/tests/unit/xir/test_coro_frame_size.cpp...
Preprocessing /Users/mike/CLionProjects/luisa/src/tests/unit/xir/test_coro_materialize.cpp...
Parsing file /Users/mike/CLionProjects/luisa/src/tests/unit/xir/test_coro_materialize.cpp...
Preprocessing /Users/mike/CLionProjects/luisa/src/tests/unit/xir/test_coro_pipeline.cpp...
Parsing file /Users/mike/CLionProjects/luisa/src/tests/unit/xir/test_coro_pipeline.cpp...
Preprocessing /Users/mike/CLionProjects/luisa/src/tests/unit/xir/test_coro_reg2mem.cpp...
Parsing file /Users/mike/CLionProjects/luisa/src/tests/unit/xir/test_coro_reg2mem.cpp...
Preprocessing /Users/mike/CLionProjects/luisa/src/tests/unit/xir/test_coro_restructure_validation.cpp...
Parsing file /Users/mike/CLionProjects/luisa/src/tests/unit/xir/test_coro_restructure_validation.cpp...
Preprocessing /Users/mike/CLionProjects/luisa/src/tests/unit/xir/test_coro_split.cpp...
Parsing file /Users/mike/CLionProjects/luisa/src/tests/unit/xir/test_coro_split.cpp...
Preprocessing /Users/mike/CLionProjects/luisa/src/tests/unit/xir/test_coro_xir2ast.cpp...
Parsing file /Users/mike/CLionProjects/luisa/src/tests/unit/xir/test_coro_xir2ast.cpp...
Preprocessing /Users/mike/CLionProjects/luisa/src/tests/unit/xir/test_xir2ast_translators.cpp...
Parsing file /Users/mike/CLionProjects/luisa/src/tests/unit/xir/test_xir2ast_translators.cpp...
Preprocessing /Users/mike/CLionProjects/luisa/src/tests/unit/xir/test_xir_aggregate_field_bitmask.cpp...
Parsing file /Users/mike/CLionProjects/luisa/src/tests/unit/xir/test_xir_aggregate_field_bitmask.cpp...
Preprocessing /Users/mike/CLionProjects/luisa/src/tests/unit/xir/test_xir_builder.cpp...
Parsing file /Users/mike/CLionProjects/luisa/src/tests/unit/xir/test_xir_builder.cpp...
Preprocessing /Users/mike/CLionProjects/luisa/src/tests/unit/xir/test_xir_integer_alignment.cpp...
Parsing file /Users/mike/CLionProjects/luisa/src/tests/unit/xir/test_xir_integer_alignment.cpp...
Preprocessing /Users/mike/CLionProjects/luisa/src/tests/unit/xir/test_xir_interchange.cpp...
Parsing file /Users/mike/CLionProjects/luisa/src/tests/unit/xir/test_xir_interchange.cpp...
Preprocessing /Users/mike/CLionProjects/luisa/src/tests/unit/xir/test_xir_module.cpp...
Parsing file /Users/mike/CLionProjects/luisa/src/tests/unit/xir/test_xir_module.cpp...
Preprocessing /Users/mike/CLionProjects/luisa/src/tests/unit/xir/test_xir_pass_alias_analysis.cpp...
Parsing file /Users/mike/CLionProjects/luisa/src/tests/unit/xir/test_xir_pass_alias_analysis.cpp...
Preprocessing /Users/mike/CLionProjects/luisa/src/tests/unit/xir/test_xir_pass_autodiff_cfg.cpp...
Parsing file /Users/mike/CLionProjects/luisa/src/tests/unit/xir/test_xir_pass_autodiff_cfg.cpp...
Preprocessing /Users/mike/CLionProjects/luisa/src/tests/unit/xir/test_xir_pass_convergence_region.cpp...
Parsing file /Users/mike/CLionProjects/luisa/src/tests/unit/xir/test_xir_pass_convergence_region.cpp...
Preprocessing /Users/mike/CLionProjects/luisa/src/tests/unit/xir/test_xir_pass_core_analyses.cpp...
Parsing file /Users/mike/CLionProjects/luisa/src/tests/unit/xir/test_xir_pass_core_analyses.cpp...
Preprocessing /Users/mike/CLionProjects/luisa/src/tests/unit/xir/test_xir_pass_coro_alloca_scope.cpp...
Parsing file /Users/mike/CLionProjects/luisa/src/tests/unit/xir/test_xir_pass_coro_alloca_scope.cpp...
Preprocessing /Users/mike/CLionProjects/luisa/src/tests/unit/xir/test_xir_pass_coro_rematerialize.cpp...
Parsing file /Users/mike/CLionProjects/luisa/src/tests/unit/xir/test_xir_pass_coro_rematerialize.cpp...
Preprocessing /Users/mike/CLionProjects/luisa/src/tests/unit/xir/test_xir_pass_defer_local_aggregate_load.cpp...
Parsing file /Users/mike/CLionProjects/luisa/src/tests/unit/xir/test_xir_pass_defer_local_aggregate_load.cpp...
Preprocessing /Users/mike/CLionProjects/luisa/src/tests/unit/xir/test_xir_pass_destructure_cfg.cpp...
Parsing file /Users/mike/CLionProjects/luisa/src/tests/unit/xir/test_xir_pass_destructure_cfg.cpp...
Preprocessing /Users/mike/CLionProjects/luisa/src/tests/unit/xir/test_xir_pass_early_cse.cpp...
Parsing file /Users/mike/CLionProjects/luisa/src/tests/unit/xir/test_xir_pass_early_cse.cpp...
Preprocessing /Users/mike/CLionProjects/luisa/src/tests/unit/xir/test_xir_pass_early_return_elimination.cpp...
Parsing file /Users/mike/CLionProjects/luisa/src/tests/unit/xir/test_xir_pass_early_return_elimination.cpp...
Preprocessing /Users/mike/CLionProjects/luisa/src/tests/unit/xir/test_xir_pass_fuse_consecutive_buffer_reads.cpp...
Parsing file /Users/mike/CLionProjects/luisa/src/tests/unit/xir/test_xir_pass_fuse_consecutive_buffer_reads.cpp...
Preprocessing /Users/mike/CLionProjects/luisa/src/tests/unit/xir/test_xir_pass_indvar_simplify.cpp...
Parsing file /Users/mike/CLionProjects/luisa/src/tests/unit/xir/test_xir_pass_indvar_simplify.cpp...
Preprocessing /Users/mike/CLionProjects/luisa/src/tests/unit/xir/test_xir_pass_licm.cpp...
Parsing file /Users/mike/CLionProjects/luisa/src/tests/unit/xir/test_xir_pass_licm.cpp...
Preprocessing /Users/mike/CLionProjects/luisa/src/tests/unit/xir/test_xir_pass_loop_fusion.cpp...
Parsing file /Users/mike/CLionProjects/luisa/src/tests/unit/xir/test_xir_pass_loop_fusion.cpp...
Preprocessing /Users/mike/CLionProjects/luisa/src/tests/unit/xir/test_xir_pass_loop_rotation.cpp...
Parsing file /Users/mike/CLionProjects/luisa/src/tests/unit/xir/test_xir_pass_loop_rotation.cpp...
Preprocessing /Users/mike/CLionProjects/luisa/src/tests/unit/xir/test_xir_pass_loop_vectorization.cpp...
Parsing file /Users/mike/CLionProjects/luisa/src/tests/unit/xir/test_xir_pass_loop_vectorization.cpp...
Preprocessing /Users/mike/CLionProjects/luisa/src/tests/unit/xir/test_xir_pass_lower_break_continue.cpp...
Parsing file /Users/mike/CLionProjects/luisa/src/tests/unit/xir/test_xir_pass_lower_break_continue.cpp...
Preprocessing /Users/mike/CLionProjects/luisa/src/tests/unit/xir/test_xir_pass_lower_irreducible_cfg.cpp...
Parsing file /Users/mike/CLionProjects/luisa/src/tests/unit/xir/test_xir_pass_lower_irreducible_cfg.cpp...
Preprocessing /Users/mike/CLionProjects/luisa/src/tests/unit/xir/test_xir_pass_lower_ray_query_to_pipeline.cpp...
Parsing file /Users/mike/CLionProjects/luisa/src/tests/unit/xir/test_xir_pass_lower_ray_query_to_pipeline.cpp...
Preprocessing /Users/mike/CLionProjects/luisa/src/tests/unit/xir/test_xir_pass_mutation_safety.cpp...
Parsing file /Users/mike/CLionProjects/luisa/src/tests/unit/xir/test_xir_pass_mutation_safety.cpp...
Preprocessing /Users/mike/CLionProjects/luisa/src/tests/unit/xir/test_xir_pass_pipeline.cpp...
Parsing file /Users/mike/CLionProjects/luisa/src/tests/unit/xir/test_xir_pass_pipeline.cpp...
Preprocessing /Users/mike/CLionProjects/luisa/src/tests/unit/xir/test_xir_pass_pointer_usage.cpp...
Parsing file /Users/mike/CLionProjects/luisa/src/tests/unit/xir/test_xir_pass_pointer_usage.cpp...
Preprocessing /Users/mike/CLionProjects/luisa/src/tests/unit/xir/test_xir_pass_post_dom_tree.cpp...
Parsing file /Users/mike/CLionProjects/luisa/src/tests/unit/xir/test_xir_pass_post_dom_tree.cpp...
Preprocessing /Users/mike/CLionProjects/luisa/src/tests/unit/xir/test_xir_pass_reconstruct_ray_query_loop.cpp...
Parsing file /Users/mike/CLionProjects/luisa/src/tests/unit/xir/test_xir_pass_reconstruct_ray_query_loop.cpp...
Preprocessing /Users/mike/CLionProjects/luisa/src/tests/unit/xir/test_xir_pass_restructure_cfg.cpp...
Parsing file /Users/mike/CLionProjects/luisa/src/tests/unit/xir/test_xir_pass_restructure_cfg.cpp...
Preprocessing /Users/mike/CLionProjects/luisa/src/tests/unit/xir/test_xir_pass_restructure_cfg_construct_exits.cpp...
Parsing file /Users/mike/CLionProjects/luisa/src/tests/unit/xir/test_xir_pass_restructure_cfg_construct_exits.cpp...
Preprocessing /Users/mike/CLionProjects/luisa/src/tests/unit/xir/test_xir_pass_restructure_cfg_entry_boundaries.cpp...
Parsing file /Users/mike/CLionProjects/luisa/src/tests/unit/xir/test_xir_pass_restructure_cfg_entry_boundaries.cpp...
Preprocessing /Users/mike/CLionProjects/luisa/src/tests/unit/xir/test_xir_pass_restructure_cfg_selection_relations.cpp...
Parsing file /Users/mike/CLionProjects/luisa/src/tests/unit/xir/test_xir_pass_restructure_cfg_selection_relations.cpp...
Preprocessing /Users/mike/CLionProjects/luisa/src/tests/unit/xir/test_xir_pass_scalar_evolution.cpp...
Parsing file /Users/mike/CLionProjects/luisa/src/tests/unit/xir/test_xir_pass_scalar_evolution.cpp...
Preprocessing /Users/mike/CLionProjects/luisa/src/tests/unit/xir/test_xir_pass_sccp.cpp...
Parsing file /Users/mike/CLionProjects/luisa/src/tests/unit/xir/test_xir_pass_sccp.cpp...
Preprocessing /Users/mike/CLionProjects/luisa/src/tests/unit/xir/test_xir_pass_simplify_cfg.cpp...
Parsing file /Users/mike/CLionProjects/luisa/src/tests/unit/xir/test_xir_pass_simplify_cfg.cpp...
Preprocessing /Users/mike/CLionProjects/luisa/src/tests/unit/xir/test_xir_pass_slp_vectorization.cpp...
Parsing file /Users/mike/CLionProjects/luisa/src/tests/unit/xir/test_xir_pass_slp_vectorization.cpp...
Preprocessing /Users/mike/CLionProjects/luisa/src/tests/unit/xir/test_xir_pass_unused_callable_removal.cpp...
Parsing file /Users/mike/CLionProjects/luisa/src/tests/unit/xir/test_xir_pass_unused_callable_removal.cpp...
Preprocessing /Users/mike/CLionProjects/luisa/src/tests/unit/xir/test_xir_passes.cpp...
Parsing file /Users/mike/CLionProjects/luisa/src/tests/unit/xir/test_xir_passes.cpp...
Preprocessing /Users/mike/CLionProjects/luisa/src/tests/unit/xir/test_xir_translators.cpp...
Parsing file /Users/mike/CLionProjects/luisa/src/tests/unit/xir/test_xir_translators.cpp...
Preprocessing /Users/mike/CLionProjects/luisa/src/tests/unit/xir/test_xir_verifier.cpp...
Parsing file /Users/mike/CLionProjects/luisa/src/tests/unit/xir/test_xir_verifier.cpp...
Reading /Users/mike/CLionProjects/luisa/src/tests/ut/LICENSE.md...
Preprocessing /Users/mike/CLionProjects/luisa/src/tests/ut/ut.hpp...
Parsing file /Users/mike/CLionProjects/luisa/src/tests/ut/ut.hpp...
Preprocessing /Users/mike/CLionProjects/luisa/src/tile/bridge/tirx/compiler.cpp...
Parsing file /Users/mike/CLionProjects/luisa/src/tile/bridge/tirx/compiler.cpp...
Preprocessing /Users/mike/CLionProjects/luisa/src/tile/bridge/tirx/cooperative.cpp...
Parsing file /Users/mike/CLionProjects/luisa/src/tile/bridge/tirx/cooperative.cpp...
Preprocessing /Users/mike/CLionProjects/luisa/src/tile/bridge/tirx/cpu.cpp...
Parsing file /Users/mike/CLionProjects/luisa/src/tile/bridge/tirx/cpu.cpp...
Preprocessing /Users/mike/CLionProjects/luisa/src/tile/bridge/tirx/execution.cpp...
Parsing file /Users/mike/CLionProjects/luisa/src/tile/bridge/tirx/execution.cpp...
Preprocessing /Users/mike/CLionProjects/luisa/src/tile/bridge/tirx/execution.h...
Parsing file /Users/mike/CLionProjects/luisa/src/tile/bridge/tirx/execution.h...
Preprocessing /Users/mike/CLionProjects/luisa/src/tile/bridge/tirx/layout.cpp...
Parsing file /Users/mike/CLionProjects/luisa/src/tile/bridge/tirx/layout.cpp...
Preprocessing /Users/mike/CLionProjects/luisa/src/tile/bridge/tirx/lower.cpp...
Parsing file /Users/mike/CLionProjects/luisa/src/tile/bridge/tirx/lower.cpp...
Preprocessing /Users/mike/CLionProjects/luisa/src/tile/bridge/tirx/mapping.cpp...
Parsing file /Users/mike/CLionProjects/luisa/src/tile/bridge/tirx/mapping.cpp...
Preprocessing /Users/mike/CLionProjects/luisa/src/tile/bridge/tirx/matrix.cpp...
Parsing file /Users/mike/CLionProjects/luisa/src/tile/bridge/tirx/matrix.cpp...
Reading /Users/mike/CLionProjects/luisa/src/tile/bridge/tirx/patches/README.md...
Preprocessing /Users/mike/CLionProjects/luisa/src/tile/bridge/tirx/pipeline.cpp...
Parsing file /Users/mike/CLionProjects/luisa/src/tile/bridge/tirx/pipeline.cpp...
Preprocessing /Users/mike/CLionProjects/luisa/src/tile/bridge/tirx/planner.cpp...
Parsing file /Users/mike/CLionProjects/luisa/src/tile/bridge/tirx/planner.cpp...
Preprocessing /Users/mike/CLionProjects/luisa/src/tile/bridge/tirx/reduction.cpp...
Parsing file /Users/mike/CLionProjects/luisa/src/tile/bridge/tirx/reduction.cpp...
Preprocessing /Users/mike/CLionProjects/luisa/src/tile/bridge/tirx/synchronization.cpp...
Parsing file /Users/mike/CLionProjects/luisa/src/tile/bridge/tirx/synchronization.cpp...
Preprocessing /Users/mike/CLionProjects/luisa/src/tile/bridge/tirx/views.cpp...
Parsing file /Users/mike/CLionProjects/luisa/src/tile/bridge/tirx/views.cpp...
Preprocessing /Users/mike/CLionProjects/luisa/src/tile/bridge/xir/lower.cpp...
Parsing file /Users/mike/CLionProjects/luisa/src/tile/bridge/xir/lower.cpp...
Preprocessing /Users/mike/CLionProjects/luisa/src/tile/bridge/xir/planner.cpp...
Parsing file /Users/mike/CLionProjects/luisa/src/tile/bridge/xir/planner.cpp...
Preprocessing /Users/mike/CLionProjects/luisa/src/tile/bridge/xir/representation.h...
Parsing file /Users/mike/CLionProjects/luisa/src/tile/bridge/xir/representation.h...
Preprocessing /Users/mike/CLionProjects/luisa/src/tile/dimension.cpp...
Parsing file /Users/mike/CLionProjects/luisa/src/tile/dimension.cpp...
Preprocessing /Users/mike/CLionProjects/luisa/src/tile/dsl.cpp...
Parsing file /Users/mike/CLionProjects/luisa/src/tile/dsl.cpp...
Preprocessing /Users/mike/CLionProjects/luisa/src/tile/ir.cpp...
Parsing file /Users/mike/CLionProjects/luisa/src/tile/ir.cpp...
Preprocessing /Users/mike/CLionProjects/luisa/src/tile/layout.cpp...
Parsing file /Users/mike/CLionProjects/luisa/src/tile/layout.cpp...
Reading /Users/mike/CLionProjects/luisa/src/tile/RELATED_WORK.md...
Preprocessing /Users/mike/CLionProjects/luisa/src/tile/target.cpp...
Parsing file /Users/mike/CLionProjects/luisa/src/tile/target.cpp...
Preprocessing /Users/mike/CLionProjects/luisa/src/tile/verifier.cpp...
Parsing file /Users/mike/CLionProjects/luisa/src/tile/verifier.cpp...
Preprocessing /Users/mike/CLionProjects/luisa/src/vstl/lc_vstl_pch.h...
Parsing file /Users/mike/CLionProjects/luisa/src/vstl/lc_vstl_pch.h...
Preprocessing /Users/mike/CLionProjects/luisa/src/vstl/lmdb.cpp...
Parsing file /Users/mike/CLionProjects/luisa/src/vstl/lmdb.cpp...
Preprocessing /Users/mike/CLionProjects/luisa/src/vstl/log.cpp...
Parsing file /Users/mike/CLionProjects/luisa/src/vstl/log.cpp...
Preprocessing /Users/mike/CLionProjects/luisa/src/vstl/md5.cpp...
Parsing file /Users/mike/CLionProjects/luisa/src/vstl/md5.cpp...
Preprocessing /Users/mike/CLionProjects/luisa/src/vstl/stack_allocator.cpp...
Parsing file /Users/mike/CLionProjects/luisa/src/vstl/stack_allocator.cpp...
Preprocessing /Users/mike/CLionProjects/luisa/src/vstl/string_builder.cpp...
Parsing file /Users/mike/CLionProjects/luisa/src/vstl/string_builder.cpp...
Preprocessing /Users/mike/CLionProjects/luisa/src/vstl/string_utility.cpp...
Parsing file /Users/mike/CLionProjects/luisa/src/vstl/string_utility.cpp...
Preprocessing /Users/mike/CLionProjects/luisa/src/vstl/v_guid.cpp...
Parsing file /Users/mike/CLionProjects/luisa/src/vstl/v_guid.cpp...
Preprocessing /Users/mike/CLionProjects/luisa/src/vstl/vstl.cpp...
Parsing file /Users/mike/CLionProjects/luisa/src/vstl/vstl.cpp...
Preprocessing /Users/mike/CLionProjects/luisa/src/xir/argument.cpp...
Parsing file /Users/mike/CLionProjects/luisa/src/xir/argument.cpp...
Preprocessing /Users/mike/CLionProjects/luisa/src/xir/basic_block.cpp...
Parsing file /Users/mike/CLionProjects/luisa/src/xir/basic_block.cpp...
Preprocessing /Users/mike/CLionProjects/luisa/src/xir/builder.cpp...
Parsing file /Users/mike/CLionProjects/luisa/src/xir/builder.cpp...
Preprocessing /Users/mike/CLionProjects/luisa/src/xir/constant.cpp...
Parsing file /Users/mike/CLionProjects/luisa/src/xir/constant.cpp...
Preprocessing /Users/mike/CLionProjects/luisa/src/xir/debug_printer.cpp...
Parsing file /Users/mike/CLionProjects/luisa/src/xir/debug_printer.cpp...
Preprocessing /Users/mike/CLionProjects/luisa/src/xir/function.cpp...
Parsing file /Users/mike/CLionProjects/luisa/src/xir/function.cpp...
Preprocessing /Users/mike/CLionProjects/luisa/src/xir/instruction.cpp...
Parsing file /Users/mike/CLionProjects/luisa/src/xir/instruction.cpp...
Preprocessing /Users/mike/CLionProjects/luisa/src/xir/instruction_semantics.h...
Parsing file /Users/mike/CLionProjects/luisa/src/xir/instruction_semantics.h...
Preprocessing /Users/mike/CLionProjects/luisa/src/xir/instructions/alloca.cpp...
Parsing file /Users/mike/CLionProjects/luisa/src/xir/instructions/alloca.cpp...
Preprocessing /Users/mike/CLionProjects/luisa/src/xir/instructions/arithmetic.cpp...
Parsing file /Users/mike/CLionProjects/luisa/src/xir/instructions/arithmetic.cpp...
Preprocessing /Users/mike/CLionProjects/luisa/src/xir/instructions/assert.cpp...
Parsing file /Users/mike/CLionProjects/luisa/src/xir/instructions/assert.cpp...
Preprocessing /Users/mike/CLionProjects/luisa/src/xir/instructions/assume.cpp...
Parsing file /Users/mike/CLionProjects/luisa/src/xir/instructions/assume.cpp...
Preprocessing /Users/mike/CLionProjects/luisa/src/xir/instructions/atomic.cpp...
Parsing file /Users/mike/CLionProjects/luisa/src/xir/instructions/atomic.cpp...
Preprocessing /Users/mike/CLionProjects/luisa/src/xir/instructions/autodiff.cpp...
Parsing file /Users/mike/CLionProjects/luisa/src/xir/instructions/autodiff.cpp...
Preprocessing /Users/mike/CLionProjects/luisa/src/xir/instructions/branch.cpp...
Parsing file /Users/mike/CLionProjects/luisa/src/xir/instructions/branch.cpp...
Preprocessing /Users/mike/CLionProjects/luisa/src/xir/instructions/break.cpp...
Parsing file /Users/mike/CLionProjects/luisa/src/xir/instructions/break.cpp...
Preprocessing /Users/mike/CLionProjects/luisa/src/xir/instructions/call.cpp...
Parsing file /Users/mike/CLionProjects/luisa/src/xir/instructions/call.cpp...
Preprocessing /Users/mike/CLionProjects/luisa/src/xir/instructions/cast.cpp...
Parsing file /Users/mike/CLionProjects/luisa/src/xir/instructions/cast.cpp...
Preprocessing /Users/mike/CLionProjects/luisa/src/xir/instructions/clock.cpp...
Parsing file /Users/mike/CLionProjects/luisa/src/xir/instructions/clock.cpp...
Preprocessing /Users/mike/CLionProjects/luisa/src/xir/instructions/continue.cpp...
Parsing file /Users/mike/CLionProjects/luisa/src/xir/instructions/continue.cpp...
Preprocessing /Users/mike/CLionProjects/luisa/src/xir/instructions/coro.cpp...
Parsing file /Users/mike/CLionProjects/luisa/src/xir/instructions/coro.cpp...
Preprocessing /Users/mike/CLionProjects/luisa/src/xir/instructions/debug_break.cpp...
Parsing file /Users/mike/CLionProjects/luisa/src/xir/instructions/debug_break.cpp...
Preprocessing /Users/mike/CLionProjects/luisa/src/xir/instructions/gep.cpp...
Parsing file /Users/mike/CLionProjects/luisa/src/xir/instructions/gep.cpp...
Preprocessing /Users/mike/CLionProjects/luisa/src/xir/instructions/if.cpp...
Parsing file /Users/mike/CLionProjects/luisa/src/xir/instructions/if.cpp...
Preprocessing /Users/mike/CLionProjects/luisa/src/xir/instructions/indexed_branch.cpp...
Parsing file /Users/mike/CLionProjects/luisa/src/xir/instructions/indexed_branch.cpp...
Preprocessing /Users/mike/CLionProjects/luisa/src/xir/instructions/load.cpp...
Parsing file /Users/mike/CLionProjects/luisa/src/xir/instructions/load.cpp...
Preprocessing /Users/mike/CLionProjects/luisa/src/xir/instructions/loop.cpp...
Parsing file /Users/mike/CLionProjects/luisa/src/xir/instructions/loop.cpp...
Preprocessing /Users/mike/CLionProjects/luisa/src/xir/instructions/outline.cpp...
Parsing file /Users/mike/CLionProjects/luisa/src/xir/instructions/outline.cpp...
Preprocessing /Users/mike/CLionProjects/luisa/src/xir/instructions/phi.cpp...
Parsing file /Users/mike/CLionProjects/luisa/src/xir/instructions/phi.cpp...
Preprocessing /Users/mike/CLionProjects/luisa/src/xir/instructions/print.cpp...
Parsing file /Users/mike/CLionProjects/luisa/src/xir/instructions/print.cpp...
Preprocessing /Users/mike/CLionProjects/luisa/src/xir/instructions/raster_discard.cpp...
Parsing file /Users/mike/CLionProjects/luisa/src/xir/instructions/raster_discard.cpp...
Preprocessing /Users/mike/CLionProjects/luisa/src/xir/instructions/ray_query.cpp...
Parsing file /Users/mike/CLionProjects/luisa/src/xir/instructions/ray_query.cpp...
Preprocessing /Users/mike/CLionProjects/luisa/src/xir/instructions/resource.cpp...
Parsing file /Users/mike/CLionProjects/luisa/src/xir/instructions/resource.cpp...
Preprocessing /Users/mike/CLionProjects/luisa/src/xir/instructions/return.cpp...
Parsing file /Users/mike/CLionProjects/luisa/src/xir/instructions/return.cpp...
Preprocessing /Users/mike/CLionProjects/luisa/src/xir/instructions/store.cpp...
Parsing file /Users/mike/CLionProjects/luisa/src/xir/instructions/store.cpp...
Preprocessing /Users/mike/CLionProjects/luisa/src/xir/instructions/switch.cpp...
Parsing file /Users/mike/CLionProjects/luisa/src/xir/instructions/switch.cpp...
Preprocessing /Users/mike/CLionProjects/luisa/src/xir/instructions/thread_group.cpp...
Parsing file /Users/mike/CLionProjects/luisa/src/xir/instructions/thread_group.cpp...
Preprocessing /Users/mike/CLionProjects/luisa/src/xir/instructions/unreachable.cpp...
Parsing file /Users/mike/CLionProjects/luisa/src/xir/instructions/unreachable.cpp...
Preprocessing /Users/mike/CLionProjects/luisa/src/xir/metadata.cpp...
Parsing file /Users/mike/CLionProjects/luisa/src/xir/metadata.cpp...
Preprocessing /Users/mike/CLionProjects/luisa/src/xir/metadata/comment.cpp...
Parsing file /Users/mike/CLionProjects/luisa/src/xir/metadata/comment.cpp...
Preprocessing /Users/mike/CLionProjects/luisa/src/xir/metadata/curve_basis.cpp...
Parsing file /Users/mike/CLionProjects/luisa/src/xir/metadata/curve_basis.cpp...
Preprocessing /Users/mike/CLionProjects/luisa/src/xir/metadata/location.cpp...
Parsing file /Users/mike/CLionProjects/luisa/src/xir/metadata/location.cpp...
Preprocessing /Users/mike/CLionProjects/luisa/src/xir/metadata/name.cpp...
Parsing file /Users/mike/CLionProjects/luisa/src/xir/metadata/name.cpp...
Preprocessing /Users/mike/CLionProjects/luisa/src/xir/metadata/reg2mem_spill.cpp...
Parsing file /Users/mike/CLionProjects/luisa/src/xir/metadata/reg2mem_spill.cpp...
Preprocessing /Users/mike/CLionProjects/luisa/src/xir/metadata/signature_constraint.cpp...
Parsing file /Users/mike/CLionProjects/luisa/src/xir/metadata/signature_constraint.cpp...
Preprocessing /Users/mike/CLionProjects/luisa/src/xir/module.cpp...
Parsing file /Users/mike/CLionProjects/luisa/src/xir/module.cpp...
Preprocessing /Users/mike/CLionProjects/luisa/src/xir/op.cpp...
Parsing file /Users/mike/CLionProjects/luisa/src/xir/op.cpp...
Preprocessing /Users/mike/CLionProjects/luisa/src/xir/passes/aggregate_field_bitmask.cpp...
Parsing file /Users/mike/CLionProjects/luisa/src/xir/passes/aggregate_field_bitmask.cpp...
Preprocessing /Users/mike/CLionProjects/luisa/src/xir/passes/algebraic_simplify.cpp...
Parsing file /Users/mike/CLionProjects/luisa/src/xir/passes/algebraic_simplify.cpp...
Preprocessing /Users/mike/CLionProjects/luisa/src/xir/passes/alias_analysis.cpp...
Parsing file /Users/mike/CLionProjects/luisa/src/xir/passes/alias_analysis.cpp...
Preprocessing /Users/mike/CLionProjects/luisa/src/xir/passes/autodiff.cpp...
Parsing file /Users/mike/CLionProjects/luisa/src/xir/passes/autodiff.cpp...
Preprocessing /Users/mike/CLionProjects/luisa/src/xir/passes/call_graph.cpp...
Parsing file /Users/mike/CLionProjects/luisa/src/xir/passes/call_graph.cpp...
Reading /Users/mike/CLionProjects/luisa/src/xir/passes/CFG_NORMALIZATION_PLAN.md...
Preprocessing /Users/mike/CLionProjects/luisa/src/xir/passes/const_fold.cpp...
Parsing file /Users/mike/CLionProjects/luisa/src/xir/passes/const_fold.cpp...
Preprocessing /Users/mike/CLionProjects/luisa/src/xir/passes/convergence_region.cpp...
Parsing file /Users/mike/CLionProjects/luisa/src/xir/passes/convergence_region.cpp...
Preprocessing /Users/mike/CLionProjects/luisa/src/xir/passes/coro_alloca_scope.cpp...
Parsing file /Users/mike/CLionProjects/luisa/src/xir/passes/coro_alloca_scope.cpp...
Preprocessing /Users/mike/CLionProjects/luisa/src/xir/passes/coro_cfg_dataflow.cpp...
Parsing file /Users/mike/CLionProjects/luisa/src/xir/passes/coro_cfg_dataflow.cpp...
Preprocessing /Users/mike/CLionProjects/luisa/src/xir/passes/coro_cfg_dataflow.h...
Parsing file /Users/mike/CLionProjects/luisa/src/xir/passes/coro_cfg_dataflow.h...
Preprocessing /Users/mike/CLionProjects/luisa/src/xir/passes/coro_cfg_distill.cpp...
Parsing file /Users/mike/CLionProjects/luisa/src/xir/passes/coro_cfg_distill.cpp...
Preprocessing /Users/mike/CLionProjects/luisa/src/xir/passes/coro_frame_abi.cpp...
Parsing file /Users/mike/CLionProjects/luisa/src/xir/passes/coro_frame_abi.cpp...
Preprocessing /Users/mike/CLionProjects/luisa/src/xir/passes/coro_frame_abi.h...
Parsing file /Users/mike/CLionProjects/luisa/src/xir/passes/coro_frame_abi.h...
Preprocessing /Users/mike/CLionProjects/luisa/src/xir/passes/coro_frame_access.cpp...
Parsing file /Users/mike/CLionProjects/luisa/src/xir/passes/coro_frame_access.cpp...
Preprocessing /Users/mike/CLionProjects/luisa/src/xir/passes/coro_frame_access.h...
Parsing file /Users/mike/CLionProjects/luisa/src/xir/passes/coro_frame_access.h...
Preprocessing /Users/mike/CLionProjects/luisa/src/xir/passes/coro_guarded_scalar_relation.cpp...
Parsing file /Users/mike/CLionProjects/luisa/src/xir/passes/coro_guarded_scalar_relation.cpp...
Preprocessing /Users/mike/CLionProjects/luisa/src/xir/passes/coro_guarded_scalar_relation.h...
Parsing file /Users/mike/CLionProjects/luisa/src/xir/passes/coro_guarded_scalar_relation.h...
Preprocessing /Users/mike/CLionProjects/luisa/src/xir/passes/coro_initialized_prefix.cpp...
Parsing file /Users/mike/CLionProjects/luisa/src/xir/passes/coro_initialized_prefix.cpp...
Preprocessing /Users/mike/CLionProjects/luisa/src/xir/passes/coro_initialized_prefix.h...
Parsing file /Users/mike/CLionProjects/luisa/src/xir/passes/coro_initialized_prefix.h...
Preprocessing /Users/mike/CLionProjects/luisa/src/xir/passes/coro_materialize.cpp...
Parsing file /Users/mike/CLionProjects/luisa/src/xir/passes/coro_materialize.cpp...
Preprocessing /Users/mike/CLionProjects/luisa/src/xir/passes/coro_predicate_analysis.cpp...
Parsing file /Users/mike/CLionProjects/luisa/src/xir/passes/coro_predicate_analysis.cpp...
Preprocessing /Users/mike/CLionProjects/luisa/src/xir/passes/coro_predicate_analysis.h...
Parsing file /Users/mike/CLionProjects/luisa/src/xir/passes/coro_predicate_analysis.h...
Preprocessing /Users/mike/CLionProjects/luisa/src/xir/passes/coro_reg2mem.cpp...
Parsing file /Users/mike/CLionProjects/luisa/src/xir/passes/coro_reg2mem.cpp...
Preprocessing /Users/mike/CLionProjects/luisa/src/xir/passes/coro_rematerialize.cpp...
Parsing file /Users/mike/CLionProjects/luisa/src/xir/passes/coro_rematerialize.cpp...
Preprocessing /Users/mike/CLionProjects/luisa/src/xir/passes/coro_replayable.cpp...
Parsing file /Users/mike/CLionProjects/luisa/src/xir/passes/coro_replayable.cpp...
Preprocessing /Users/mike/CLionProjects/luisa/src/xir/passes/coro_replayable.h...
Parsing file /Users/mike/CLionProjects/luisa/src/xir/passes/coro_replayable.h...
Preprocessing /Users/mike/CLionProjects/luisa/src/xir/passes/coro_scalar_relation_liveness.cpp...
Parsing file /Users/mike/CLionProjects/luisa/src/xir/passes/coro_scalar_relation_liveness.cpp...
Preprocessing /Users/mike/CLionProjects/luisa/src/xir/passes/coro_scalar_relation_liveness.h...
Parsing file /Users/mike/CLionProjects/luisa/src/xir/passes/coro_scalar_relation_liveness.h...
Preprocessing /Users/mike/CLionProjects/luisa/src/xir/passes/coro_semantic_cfg.h...
Parsing file /Users/mike/CLionProjects/luisa/src/xir/passes/coro_semantic_cfg.h...
Preprocessing /Users/mike/CLionProjects/luisa/src/xir/passes/coro_semantic_graph.cpp...
Parsing file /Users/mike/CLionProjects/luisa/src/xir/passes/coro_semantic_graph.cpp...
Preprocessing /Users/mike/CLionProjects/luisa/src/xir/passes/coro_semantic_graph.h...
Parsing file /Users/mike/CLionProjects/luisa/src/xir/passes/coro_semantic_graph.h...
Preprocessing /Users/mike/CLionProjects/luisa/src/xir/passes/coro_split.cpp...
Parsing file /Users/mike/CLionProjects/luisa/src/xir/passes/coro_split.cpp...
Preprocessing /Users/mike/CLionProjects/luisa/src/xir/passes/cvp.cpp...
Parsing file /Users/mike/CLionProjects/luisa/src/xir/passes/cvp.cpp...
Preprocessing /Users/mike/CLionProjects/luisa/src/xir/passes/dce.cpp...
Parsing file /Users/mike/CLionProjects/luisa/src/xir/passes/dce.cpp...
Preprocessing /Users/mike/CLionProjects/luisa/src/xir/passes/dead_arg_elim.cpp...
Parsing file /Users/mike/CLionProjects/luisa/src/xir/passes/dead_arg_elim.cpp...
Preprocessing /Users/mike/CLionProjects/luisa/src/xir/passes/dead_field_elimination.cpp...
Parsing file /Users/mike/CLionProjects/luisa/src/xir/passes/dead_field_elimination.cpp...
Preprocessing /Users/mike/CLionProjects/luisa/src/xir/passes/dead_store_elimination.cpp...
Parsing file /Users/mike/CLionProjects/luisa/src/xir/passes/dead_store_elimination.cpp...
Preprocessing /Users/mike/CLionProjects/luisa/src/xir/passes/defer_local_aggregate_load.cpp...
Parsing file /Users/mike/CLionProjects/luisa/src/xir/passes/defer_local_aggregate_load.cpp...
Preprocessing /Users/mike/CLionProjects/luisa/src/xir/passes/destructure_cfg.cpp...
Parsing file /Users/mike/CLionProjects/luisa/src/xir/passes/destructure_cfg.cpp...
Preprocessing /Users/mike/CLionProjects/luisa/src/xir/passes/div_rem_pairs.cpp...
Parsing file /Users/mike/CLionProjects/luisa/src/xir/passes/div_rem_pairs.cpp...
Preprocessing /Users/mike/CLionProjects/luisa/src/xir/passes/dom_tree.cpp...
Parsing file /Users/mike/CLionProjects/luisa/src/xir/passes/dom_tree.cpp...
Preprocessing /Users/mike/CLionProjects/luisa/src/xir/passes/early_cse.cpp...
Parsing file /Users/mike/CLionProjects/luisa/src/xir/passes/early_cse.cpp...
Preprocessing /Users/mike/CLionProjects/luisa/src/xir/passes/early_return_elimination.cpp...
Parsing file /Users/mike/CLionProjects/luisa/src/xir/passes/early_return_elimination.cpp...
Preprocessing /Users/mike/CLionProjects/luisa/src/xir/passes/fast_math_simplify.cpp...
Parsing file /Users/mike/CLionProjects/luisa/src/xir/passes/fast_math_simplify.cpp...
Preprocessing /Users/mike/CLionProjects/luisa/src/xir/passes/fix_self_referential.cpp...
Parsing file /Users/mike/CLionProjects/luisa/src/xir/passes/fix_self_referential.cpp...
Preprocessing /Users/mike/CLionProjects/luisa/src/xir/passes/fuse_consecutive_buffer_reads.cpp...
Parsing file /Users/mike/CLionProjects/luisa/src/xir/passes/fuse_consecutive_buffer_reads.cpp...
Preprocessing /Users/mike/CLionProjects/luisa/src/xir/passes/gvn.cpp...
Parsing file /Users/mike/CLionProjects/luisa/src/xir/passes/gvn.cpp...
Preprocessing /Users/mike/CLionProjects/luisa/src/xir/passes/helpers.cpp...
Parsing file /Users/mike/CLionProjects/luisa/src/xir/passes/helpers.cpp...
Preprocessing /Users/mike/CLionProjects/luisa/src/xir/passes/helpers.h...
Parsing file /Users/mike/CLionProjects/luisa/src/xir/passes/helpers.h...
Preprocessing /Users/mike/CLionProjects/luisa/src/xir/passes/if_conversion.cpp...
Parsing file /Users/mike/CLionProjects/luisa/src/xir/passes/if_conversion.cpp...
Preprocessing /Users/mike/CLionProjects/luisa/src/xir/passes/indvar_simplify.cpp...
Parsing file /Users/mike/CLionProjects/luisa/src/xir/passes/indvar_simplify.cpp...
Preprocessing /Users/mike/CLionProjects/luisa/src/xir/passes/inline.cpp...
Parsing file /Users/mike/CLionProjects/luisa/src/xir/passes/inline.cpp...
Preprocessing /Users/mike/CLionProjects/luisa/src/xir/passes/integer_alignment.cpp...
Parsing file /Users/mike/CLionProjects/luisa/src/xir/passes/integer_alignment.cpp...
Preprocessing /Users/mike/CLionProjects/luisa/src/xir/passes/irreducible_cfg_analysis.cpp...
Parsing file /Users/mike/CLionProjects/luisa/src/xir/passes/irreducible_cfg_analysis.cpp...
Preprocessing /Users/mike/CLionProjects/luisa/src/xir/passes/irreducible_cfg_analysis.h...
Parsing file /Users/mike/CLionProjects/luisa/src/xir/passes/irreducible_cfg_analysis.h...
Preprocessing /Users/mike/CLionProjects/luisa/src/xir/passes/lex_scope_analysis.cpp...
Parsing file /Users/mike/CLionProjects/luisa/src/xir/passes/lex_scope_analysis.cpp...
Preprocessing /Users/mike/CLionProjects/luisa/src/xir/passes/licm.cpp...
Parsing file /Users/mike/CLionProjects/luisa/src/xir/passes/licm.cpp...
Preprocessing /Users/mike/CLionProjects/luisa/src/xir/passes/local_load_elimination.cpp...
Parsing file /Users/mike/CLionProjects/luisa/src/xir/passes/local_load_elimination.cpp...
Preprocessing /Users/mike/CLionProjects/luisa/src/xir/passes/local_store_forward.cpp...
Parsing file /Users/mike/CLionProjects/luisa/src/xir/passes/local_store_forward.cpp...
Preprocessing /Users/mike/CLionProjects/luisa/src/xir/passes/loop_fusion.cpp...
Parsing file /Users/mike/CLionProjects/luisa/src/xir/passes/loop_fusion.cpp...
Preprocessing /Users/mike/CLionProjects/luisa/src/xir/passes/loop_rotation.cpp...
Parsing file /Users/mike/CLionProjects/luisa/src/xir/passes/loop_rotation.cpp...
Preprocessing /Users/mike/CLionProjects/luisa/src/xir/passes/loop_unswitch.cpp...
Parsing file /Users/mike/CLionProjects/luisa/src/xir/passes/loop_unswitch.cpp...
Preprocessing /Users/mike/CLionProjects/luisa/src/xir/passes/loop_vectorization.cpp...
Parsing file /Users/mike/CLionProjects/luisa/src/xir/passes/loop_vectorization.cpp...
Preprocessing /Users/mike/CLionProjects/luisa/src/xir/passes/lower_break_continue.cpp...
Parsing file /Users/mike/CLionProjects/luisa/src/xir/passes/lower_break_continue.cpp...
Preprocessing /Users/mike/CLionProjects/luisa/src/xir/passes/lower_irreducible_cfg.cpp...
Parsing file /Users/mike/CLionProjects/luisa/src/xir/passes/lower_irreducible_cfg.cpp...
Preprocessing /Users/mike/CLionProjects/luisa/src/xir/passes/lower_ray_query_handler_graph.cpp...
Parsing file /Users/mike/CLionProjects/luisa/src/xir/passes/lower_ray_query_handler_graph.cpp...
Preprocessing /Users/mike/CLionProjects/luisa/src/xir/passes/lower_ray_query_handler_graph.h...
Parsing file /Users/mike/CLionProjects/luisa/src/xir/passes/lower_ray_query_handler_graph.h...
Preprocessing /Users/mike/CLionProjects/luisa/src/xir/passes/lower_ray_query_to_loop.cpp...
Parsing file /Users/mike/CLionProjects/luisa/src/xir/passes/lower_ray_query_to_loop.cpp...
Preprocessing /Users/mike/CLionProjects/luisa/src/xir/passes/lower_ray_query_to_pipeline.cpp...
Parsing file /Users/mike/CLionProjects/luisa/src/xir/passes/lower_ray_query_to_pipeline.cpp...
Preprocessing /Users/mike/CLionProjects/luisa/src/xir/passes/lower_ray_query_to_pipeline_capture_cost.h...
Parsing file /Users/mike/CLionProjects/luisa/src/xir/passes/lower_ray_query_to_pipeline_capture_cost.h...
Preprocessing /Users/mike/CLionProjects/luisa/src/xir/passes/mem2reg.cpp...
Parsing file /Users/mike/CLionProjects/luisa/src/xir/passes/mem2reg.cpp...
Preprocessing /Users/mike/CLionProjects/luisa/src/xir/passes/natural_loop.cpp...
Parsing file /Users/mike/CLionProjects/luisa/src/xir/passes/natural_loop.cpp...
Preprocessing /Users/mike/CLionProjects/luisa/src/xir/passes/natural_loop.h...
Parsing file /Users/mike/CLionProjects/luisa/src/xir/passes/natural_loop.h...
Preprocessing /Users/mike/CLionProjects/luisa/src/xir/passes/outline.cpp...
Parsing file /Users/mike/CLionProjects/luisa/src/xir/passes/outline.cpp...
Reading /Users/mike/CLionProjects/luisa/src/xir/passes/PASS_CORRECTNESS_AUDIT.md...
Preprocessing /Users/mike/CLionProjects/luisa/src/xir/passes/pass_pipeline.cpp...
Parsing file /Users/mike/CLionProjects/luisa/src/xir/passes/pass_pipeline.cpp...
Preprocessing /Users/mike/CLionProjects/luisa/src/xir/passes/pass_verification.cpp...
Parsing file /Users/mike/CLionProjects/luisa/src/xir/passes/pass_verification.cpp...
Preprocessing /Users/mike/CLionProjects/luisa/src/xir/passes/phi_cleanup.cpp...
Parsing file /Users/mike/CLionProjects/luisa/src/xir/passes/phi_cleanup.cpp...
Preprocessing /Users/mike/CLionProjects/luisa/src/xir/passes/pointer_usage.cpp...
Parsing file /Users/mike/CLionProjects/luisa/src/xir/passes/pointer_usage.cpp...
Preprocessing /Users/mike/CLionProjects/luisa/src/xir/passes/post_dom_tree.cpp...
Parsing file /Users/mike/CLionProjects/luisa/src/xir/passes/post_dom_tree.cpp...
Preprocessing /Users/mike/CLionProjects/luisa/src/xir/passes/promote_ref_arg.cpp...
Parsing file /Users/mike/CLionProjects/luisa/src/xir/passes/promote_ref_arg.cpp...
Preprocessing /Users/mike/CLionProjects/luisa/src/xir/passes/reassociate.cpp...
Parsing file /Users/mike/CLionProjects/luisa/src/xir/passes/reassociate.cpp...
Preprocessing /Users/mike/CLionProjects/luisa/src/xir/passes/reconstruct_ray_query_loop.cpp...
Parsing file /Users/mike/CLionProjects/luisa/src/xir/passes/reconstruct_ray_query_loop.cpp...
Preprocessing /Users/mike/CLionProjects/luisa/src/xir/passes/reg2mem.cpp...
Parsing file /Users/mike/CLionProjects/luisa/src/xir/passes/reg2mem.cpp...
Preprocessing /Users/mike/CLionProjects/luisa/src/xir/passes/restructure_cfg.cpp...
Parsing file /Users/mike/CLionProjects/luisa/src/xir/passes/restructure_cfg.cpp...
Preprocessing /Users/mike/CLionProjects/luisa/src/xir/passes/restructure_cfg_construct_boundary.cpp...
Parsing file /Users/mike/CLionProjects/luisa/src/xir/passes/restructure_cfg_construct_boundary.cpp...
Preprocessing /Users/mike/CLionProjects/luisa/src/xir/passes/restructure_cfg_construct_boundary.h...
Parsing file /Users/mike/CLionProjects/luisa/src/xir/passes/restructure_cfg_construct_boundary.h...
Preprocessing /Users/mike/CLionProjects/luisa/src/xir/passes/restructure_cfg_loop_boundary.cpp...
Parsing file /Users/mike/CLionProjects/luisa/src/xir/passes/restructure_cfg_loop_boundary.cpp...
Preprocessing /Users/mike/CLionProjects/luisa/src/xir/passes/restructure_cfg_loop_boundary.h...
Parsing file /Users/mike/CLionProjects/luisa/src/xir/passes/restructure_cfg_loop_boundary.h...
Preprocessing /Users/mike/CLionProjects/luisa/src/xir/passes/restructure_cfg_post_dom.cpp...
Parsing file /Users/mike/CLionProjects/luisa/src/xir/passes/restructure_cfg_post_dom.cpp...
Preprocessing /Users/mike/CLionProjects/luisa/src/xir/passes/restructure_cfg_post_dom.h...
Parsing file /Users/mike/CLionProjects/luisa/src/xir/passes/restructure_cfg_post_dom.h...
Preprocessing /Users/mike/CLionProjects/luisa/src/xir/passes/restructure_cfg_selection_merge.cpp...
Parsing file /Users/mike/CLionProjects/luisa/src/xir/passes/restructure_cfg_selection_merge.cpp...
Preprocessing /Users/mike/CLionProjects/luisa/src/xir/passes/restructure_cfg_selection_merge.h...
Parsing file /Users/mike/CLionProjects/luisa/src/xir/passes/restructure_cfg_selection_merge.h...
Preprocessing /Users/mike/CLionProjects/luisa/src/xir/passes/scalar_evolution.cpp...
Parsing file /Users/mike/CLionProjects/luisa/src/xir/passes/scalar_evolution.cpp...
Preprocessing /Users/mike/CLionProjects/luisa/src/xir/passes/scalarizer.cpp...
Parsing file /Users/mike/CLionProjects/luisa/src/xir/passes/scalarizer.cpp...
Preprocessing /Users/mike/CLionProjects/luisa/src/xir/passes/sccp.cpp...
Parsing file /Users/mike/CLionProjects/luisa/src/xir/passes/sccp.cpp...
Preprocessing /Users/mike/CLionProjects/luisa/src/xir/passes/select_factor.cpp...
Parsing file /Users/mike/CLionProjects/luisa/src/xir/passes/select_factor.cpp...
Preprocessing /Users/mike/CLionProjects/luisa/src/xir/passes/simplify_cfg.cpp...
Parsing file /Users/mike/CLionProjects/luisa/src/xir/passes/simplify_cfg.cpp...
Preprocessing /Users/mike/CLionProjects/luisa/src/xir/passes/simplify_libcalls.cpp...
Parsing file /Users/mike/CLionProjects/luisa/src/xir/passes/simplify_libcalls.cpp...
Preprocessing /Users/mike/CLionProjects/luisa/src/xir/passes/slp_vectorization.cpp...
Parsing file /Users/mike/CLionProjects/luisa/src/xir/passes/slp_vectorization.cpp...
Preprocessing /Users/mike/CLionProjects/luisa/src/xir/passes/sroa.cpp...
Parsing file /Users/mike/CLionProjects/luisa/src/xir/passes/sroa.cpp...
Preprocessing /Users/mike/CLionProjects/luisa/src/xir/passes/trace_gep.cpp...
Parsing file /Users/mike/CLionProjects/luisa/src/xir/passes/trace_gep.cpp...
Preprocessing /Users/mike/CLionProjects/luisa/src/xir/passes/transpose_gep.cpp...
Parsing file /Users/mike/CLionProjects/luisa/src/xir/passes/transpose_gep.cpp...
Preprocessing /Users/mike/CLionProjects/luisa/src/xir/passes/uniformity_analysis.cpp...
Parsing file /Users/mike/CLionProjects/luisa/src/xir/passes/uniformity_analysis.cpp...
Preprocessing /Users/mike/CLionProjects/luisa/src/xir/passes/unused_callable_removal.cpp...
Parsing file /Users/mike/CLionProjects/luisa/src/xir/passes/unused_callable_removal.cpp...
Reading /Users/mike/CLionProjects/luisa/src/xir/passes/visualize_cfg.py...
Parsing file /Users/mike/CLionProjects/luisa/src/xir/passes/visualize_cfg.py...
Preprocessing /Users/mike/CLionProjects/luisa/src/xir/pointer_containers.h...
Parsing file /Users/mike/CLionProjects/luisa/src/xir/pointer_containers.h...
Preprocessing /Users/mike/CLionProjects/luisa/src/xir/special_register.cpp...
Parsing file /Users/mike/CLionProjects/luisa/src/xir/special_register.cpp...
Preprocessing /Users/mike/CLionProjects/luisa/src/xir/tests/test_aggregate_field_bitmasks.cpp...
Parsing file /Users/mike/CLionProjects/luisa/src/xir/tests/test_aggregate_field_bitmasks.cpp...
Preprocessing /Users/mike/CLionProjects/luisa/src/xir/tests/test_dce.cpp...
Parsing file /Users/mike/CLionProjects/luisa/src/xir/tests/test_dce.cpp...
Preprocessing /Users/mike/CLionProjects/luisa/src/xir/tests/test_debug_printer.cpp...
Parsing file /Users/mike/CLionProjects/luisa/src/xir/tests/test_debug_printer.cpp...
Preprocessing /Users/mike/CLionProjects/luisa/src/xir/tests/test_mem2reg.cpp...
Parsing file /Users/mike/CLionProjects/luisa/src/xir/tests/test_mem2reg.cpp...
Preprocessing /Users/mike/CLionProjects/luisa/src/xir/tests/test_ray_query.cpp...
Parsing file /Users/mike/CLionProjects/luisa/src/xir/tests/test_ray_query.cpp...
Preprocessing /Users/mike/CLionProjects/luisa/src/xir/translators/ast2xir.cpp...
Parsing file /Users/mike/CLionProjects/luisa/src/xir/translators/ast2xir.cpp...
Preprocessing /Users/mike/CLionProjects/luisa/src/xir/translators/ast2xir_inline_ray_query.cpp...
Parsing file /Users/mike/CLionProjects/luisa/src/xir/translators/ast2xir_inline_ray_query.cpp...
Preprocessing /Users/mike/CLionProjects/luisa/src/xir/translators/ast2xir_inline_ray_query.h...
Parsing file /Users/mike/CLionProjects/luisa/src/xir/translators/ast2xir_inline_ray_query.h...
Preprocessing /Users/mike/CLionProjects/luisa/src/xir/translators/json2xir.cpp...
Parsing file /Users/mike/CLionProjects/luisa/src/xir/translators/json2xir.cpp...
Preprocessing /Users/mike/CLionProjects/luisa/src/xir/translators/xir2ast.cpp...
Parsing file /Users/mike/CLionProjects/luisa/src/xir/translators/xir2ast.cpp...
Preprocessing /Users/mike/CLionProjects/luisa/src/xir/translators/xir2json.cpp...
Parsing file /Users/mike/CLionProjects/luisa/src/xir/translators/xir2json.cpp...
Preprocessing /Users/mike/CLionProjects/luisa/src/xir/translators/xir2text.cpp...
Parsing file /Users/mike/CLionProjects/luisa/src/xir/translators/xir2text.cpp...
Preprocessing /Users/mike/CLionProjects/luisa/src/xir/translators/xir_interchange.cpp...
Parsing file /Users/mike/CLionProjects/luisa/src/xir/translators/xir_interchange.cpp...
Reading /Users/mike/CLionProjects/luisa/src/xir/update_op_name_map.py...
Parsing file /Users/mike/CLionProjects/luisa/src/xir/update_op_name_map.py...
Preprocessing /Users/mike/CLionProjects/luisa/src/xir/use.cpp...
Parsing file /Users/mike/CLionProjects/luisa/src/xir/use.cpp...
Preprocessing /Users/mike/CLionProjects/luisa/src/xir/user.cpp...
Parsing file /Users/mike/CLionProjects/luisa/src/xir/user.cpp...
Preprocessing /Users/mike/CLionProjects/luisa/src/xir/value.cpp...
Parsing file /Users/mike/CLionProjects/luisa/src/xir/value.cpp...
Preprocessing /Users/mike/CLionProjects/luisa/src/xir/verifier.cpp...
Parsing file /Users/mike/CLionProjects/luisa/src/xir/verifier.cpp...
Preprocessing /Users/mike/CLionProjects/luisa/src/xir/verifier_dom_tree.cpp...
Parsing file /Users/mike/CLionProjects/luisa/src/xir/verifier_dom_tree.cpp...
Preprocessing /Users/mike/CLionProjects/luisa/src/xir/verifier_dom_tree.h...
Parsing file /Users/mike/CLionProjects/luisa/src/xir/verifier_dom_tree.h...
Reading /Users/mike/CLionProjects/luisa/README.md...
Building macro definition list...
Building group list...
Building directory list...
Building namespace list...
Building file list...
Building class list...
Building concept list...
Computing nesting relations for classes...
Associating documentation with classes...
Associating documentation with concepts...
Associating documentation with modules...
Building example list...
Searching for enumerations...
Searching for documented typedefs...
Searching for members imported via using declarations...
Searching for included using directives...
Searching for documented variables...
Building interface member list...
Building member list...
Searching for friends...
Searching for documented defines...
Computing class inheritance relations...
Computing class usage relations...
Flushing cached template relations that have become invalid...
Warn for undocumented namespaces...
Computing class relations...
Add enum values to enums...
Searching for member function documentation...
Creating members for template instances...
Searching for tag less structs...
Building page list...
Building requirements list...
Search for main page...
Computing page relations...
Determining the scope of groups...
Computing module relations...
Sorting lists...
Determining which enums are documented
Computing member relations...
Building full member lists recursively...
Adding members to member groups.
Computing member references...
Inheriting documentation...
Generating disk names...
Adding source references...
Adding xrefitems...
Adding requirements...
Sorting member lists...
Setting anonymous enum type...
Computing dependencies between directories...
Generating citations page...
Counting data structures...
Resolving user defined references...
Finding anchors and sections in the documentation...
Transferring function references...
Combining using relations...
Adding members to index pages...
Correcting members for VHDL...
Computing tooltip texts...
Generating style sheet...
Generating search indices...
Generating example documentation...
Generating docs for example Type::from...
Generating file sources...
Generating code for file include/luisa/ast/ast2json.h...
Generating code for file include/luisa/ast/atomic_ref_node.h...
Generating code for file include/luisa/ast/attribute.h...
Generating code for file include/luisa/ast/callable_library.h...
Generating code for file include/luisa/dsl/callable_library.h...
Generating code for file include/luisa/ast/constant_data.h...
Generating code for file include/luisa/ast/coro_suspend.h...
Generating code for file include/luisa/ast/expression.h...
Generating code for file include/luisa/ast/external_function.h...
Generating code for file include/luisa/ast/function.h...
Generating code for file include/luisa/xir/function.h...
Generating code for file include/luisa/ast/function_builder.h...
Generating code for file include/luisa/ast/interface.h...
Generating code for file include/luisa/ast/member_reflect.inl.h...
Generating code for file include/luisa/ast/op.h...
Generating code for file include/luisa/xir/op.h...
Generating code for file include/luisa/ast/statement.h...
Generating code for file include/luisa/ast/type.h...
Generating code for file include/luisa/osl/type.h...
Generating code for file include/luisa/ast/type_registry.h...
Generating code for file include/luisa/ast/usage.h...
Generating code for file include/luisa/ast/variable.h...
Generating code for file include/luisa/backends/common/volk_init.h...
Generating code for file include/luisa/backends/common/vulkan_check_error.h...
Generating code for file include/luisa/backends/common/vulkan_swapchain.h...
Generating code for file include/luisa/backends/ext/cuda/cuda_config_ext.h...
Generating code for file include/luisa/backends/ext/cuda/cuda_external_ext.h...
Generating code for file include/luisa/backends/ext/cuda/cuda_graph_ext.h...
Generating code for file include/luisa/backends/ext/cuda/lcub/cuda_lcub_command.h...
Generating code for file include/luisa/backends/ext/cuda/lcub/dcub/dcub_common.h...
Generating code for file include/luisa/backends/ext/cuda/lcub/dcub/dcub_utils.h...
Generating code for file include/luisa/backends/ext/cuda/lcub/device_merge_sort.h...
Generating code for file include/luisa/backends/ext/cuda/lcub/device_partition.h...
Generating code for file include/luisa/backends/ext/cuda/lcub/device_radix_sort.h...
Generating code for file include/luisa/backends/ext/cuda/lcub/device_reduce.h...
Generating code for file include/luisa/backends/ext/cuda/lcub/device_run_length_encode.h...
Generating code for file include/luisa/backends/ext/cuda/lcub/device_scan.h...
Generating code for file include/luisa/backends/ext/cuda/lcub/device_select.h...
Generating code for file include/luisa/backends/ext/cuda/lcub/device_spmv.h...
Generating code for file include/luisa/backends/ext/cuda/lcub/lcub.h...
Generating code for file include/luisa/backends/ext/debug_capture_ext.hpp...
Generating code for file include/luisa/backends/ext/denoiser_ext.h...
Generating code for file include/luisa/backends/ext/dml_ext.h...
Generating code for file include/luisa/backends/ext/dstorage_cmd.h...
Generating code for file include/luisa/backends/ext/dstorage_ext.hpp...
Generating code for file include/luisa/backends/ext/dstorage_ext_interface.h...
Generating code for file include/luisa/backends/ext/dx_config_ext.h...
Generating code for file include/luisa/backends/ext/dx_cuda_interop.h...
Generating code for file include/luisa/backends/ext/dx_cuda_timeline_event.h...
Generating code for file include/luisa/backends/ext/dx_custom_cmd.h...
Generating code for file include/luisa/backends/ext/dx_hdr_ext.hpp...
Generating code for file include/luisa/backends/ext/dx_hdr_ext_interface.h...
Generating code for file include/luisa/backends/ext/native_resource_ext.hpp...
Generating code for file include/luisa/backends/ext/native_resource_ext_interface.h...
Generating code for file include/luisa/backends/ext/pinned_memory_ext.hpp...
Generating code for file include/luisa/backends/ext/raster_cmd.h...
Generating code for file include/luisa/backends/ext/raster_ext.hpp...
Generating code for file include/luisa/backends/ext/raster_ext_interface.h...
Generating code for file include/luisa/backends/ext/registry.h...
Generating code for file include/luisa/backends/ext/remote_config_ext.h...
Generating code for file include/luisa/backends/ext/simd_config_ext.h...
Generating code for file include/luisa/backends/ext/stats_ext.h...
Generating code for file include/luisa/backends/ext/tex_compress_ext.h...
Generating code for file include/luisa/backends/ext/vk_config_ext.h...
Generating code for file include/luisa/backends/ext/vk_cuda_interop.h...
Generating code for file include/luisa/backends/ext/vk_custom_cmd.h...
Generating code for file include/luisa/clangcxx/ast.h...
Generating code for file include/luisa/clangcxx/build_arguments.h...
Generating code for file include/luisa/clangcxx/compiler.h...
Generating code for file include/luisa/tile/bridge/tirx/compiler.h...
Generating code for file include/luisa/core/basic_traits.h...
Generating code for file include/luisa/core/basic_types.h...
Generating code for file include/luisa/core/binary_file_stream.h...
Generating code for file include/luisa/core/binary_io.h...
Generating code for file include/luisa/core/clock.h...
Generating code for file include/luisa/xir/instructions/clock.h...
Generating code for file include/luisa/core/concepts.h...
Generating code for file include/luisa/core/constants.h...
Generating code for file include/luisa/core/dll_export.h...
Generating code for file include/luisa/core/dynamic_module.h...
Generating code for file include/luisa/core/fiber.h...
Generating code for file include/luisa/core/fiber_future.h...
Generating code for file include/luisa/core/first_fit.h...
Generating code for file include/luisa/core/intrin.h...
Generating code for file include/luisa/core/logging.h...
Generating code for file include/luisa/core/macro.h...
Generating code for file include/luisa/core/magic_enum.h...
Generating code for file include/luisa/core/managed_ilist.h...
Generating code for file include/luisa/core/managed_ptr.h...
Generating code for file include/luisa/core/mathematics.h...
Generating code for file include/luisa/core/memory_sanitizer.hpp...
Generating code for file include/luisa/core/platform.h...
Generating code for file include/luisa/core/pool.h...
Generating code for file include/luisa/vstl/pool.h...
Generating code for file include/luisa/core/shared_function.h...
Generating code for file include/luisa/core/spin_mutex.h...
Generating code for file include/luisa/vstl/spin_mutex.h...
Generating code for file include/luisa/core/stl.h...
Generating code for file include/luisa/core/stl/algorithm.h...
Generating code for file include/luisa/core/stl/deque.h...
Generating code for file include/luisa/core/stl/filesystem.h...
Generating code for file include/luisa/core/stl/fixed_map.h...
Generating code for file include/luisa/core/stl/format.h...
Generating code for file include/luisa/core/stl/functional.h...
Generating code for file include/luisa/vstl/functional.h...
Generating code for file include/luisa/core/stl/functional_impl.h...
Generating code for file include/luisa/core/stl/hash.h...
Generating code for file include/luisa/vstl/hash.h...
Generating code for file include/luisa/core/stl/hash_fwd.h...
Generating code for file include/luisa/core/stl/iterator.h...
Generating code for file include/luisa/core/stl/list.h...
Generating code for file include/luisa/core/stl/lru_cache.h...
Generating code for file include/luisa/core/stl/map.h...
Generating code for file include/luisa/core/stl/memory.h...
Generating code for file include/luisa/tile/memory.h...
Generating code for file include/luisa/vstl/memory.h...
Generating code for file include/luisa/core/stl/optional.h...
Generating code for file include/luisa/core/stl/pdqsort.h...
Generating code for file include/luisa/core/stl/priority_queue.h...
Generating code for file include/luisa/core/stl/queue.h...
Generating code for file include/luisa/core/stl/ring_buffer.h...
Generating code for file include/luisa/core/stl/sstream.h...
Generating code for file include/luisa/core/stl/stack.h...
Generating code for file include/luisa/core/stl/string.h...
Generating code for file include/luisa/core/stl/type_traits.h...
Generating code for file include/luisa/core/stl/unordered_dense.h...
Generating code for file include/luisa/core/stl/unordered_map.h...
Generating code for file include/luisa/core/stl/variant.h...
Generating code for file include/luisa/core/stl/vector.h...
Generating code for file include/luisa/vstl/vector.h...
Generating code for file include/luisa/core/stl/vector_map.h...
Generating code for file include/luisa/core/string_scratch.h...
Generating code for file include/luisa/core/swizzle_2.inl.h...
Generating code for file include/luisa/dsl/swizzle_2.inl.h...
Generating code for file include/luisa/core/swizzle_3.inl.h...
Generating code for file include/luisa/dsl/swizzle_3.inl.h...
Generating code for file include/luisa/core/swizzle_4.inl.h...
Generating code for file include/luisa/dsl/swizzle_4.inl.h...
Generating code for file include/luisa/core/thread_safety.h...
Generating code for file include/luisa/coro/coro_common.h...
Generating code for file include/luisa/coro/coro_frame_storage.h...
Generating code for file include/luisa/coro/coro_graph.h...
Generating code for file include/luisa/coro/coro_scheduler.h...
Generating code for file include/luisa/coro/coro_slot_access.h...
Generating code for file include/luisa/coro/radix_sort.h...
Generating code for file include/luisa/coro/schedulers/compaction.h...
Generating code for file include/luisa/coro/schedulers/detail/token_index.h...
Generating code for file include/luisa/coro/schedulers/graph_wavefront.h...
Generating code for file include/luisa/coro/schedulers/graph_wavefront_policy.h...
Generating code for file include/luisa/coro/schedulers/multisplit.h...
Generating code for file include/luisa/coro/schedulers/persistent.h...
Generating code for file include/luisa/coro/schedulers/persistent_threads.h...
Generating code for file include/luisa/coro/schedulers/state_machine.h...
Generating code for file include/luisa/coro/schedulers/wavefront.h...
Generating code for file include/luisa/coro/schedulers/wavefront_auxiliary.h...
Generating code for file include/luisa/coro/schedulers/wavefront_extension.h...
Generating code for file include/luisa/dsl/arg.h...
Generating code for file include/luisa/dsl/atomic.h...
Generating code for file include/luisa/xir/instructions/atomic.h...
Generating code for file include/luisa/dsl/binding_group.h...
Generating code for file include/luisa/dsl/builtin.h...
Generating code for file include/luisa/dsl/cluster_launch_control.h...
Generating code for file include/luisa/dsl/constant.h...
Generating code for file include/luisa/xir/constant.h...
Generating code for file include/luisa/dsl/coop_vector.h...
Generating code for file include/luisa/dsl/coro_frame.h...
Generating code for file include/luisa/dsl/coro_func.h...
Generating code for file include/luisa/dsl/dispatch_indirect.h...
Generating code for file include/luisa/dsl/expr.h...
Generating code for file include/luisa/dsl/expr_traits.h...
Generating code for file include/luisa/dsl/func.h...
Generating code for file include/luisa/dsl/local.h...
Generating code for file include/luisa/dsl/matrix.h...
Generating code for file include/luisa/dsl/operators.h...
Generating code for file include/luisa/dsl/polymorphic.h...
Generating code for file include/luisa/dsl/raster/raster_func.h...
Generating code for file include/luisa/dsl/raster/raster_interpolation.h...
Generating code for file include/luisa/dsl/raster/raster_kernel.h...
Generating code for file include/luisa/dsl/ref.h...
Generating code for file include/luisa/dsl/resource.h...
Generating code for file include/luisa/runtime/rhi/resource.h...
Generating code for file include/luisa/xir/instructions/resource.h...
Generating code for file include/luisa/dsl/rtx/aabb.h...
Generating code for file include/luisa/runtime/rtx/aabb.h...
Generating code for file include/luisa/dsl/rtx/accel.h...
Generating code for file include/luisa/runtime/rtx/accel.h...
Generating code for file include/luisa/dsl/rtx/curve.h...
Generating code for file include/luisa/runtime/rtx/curve.h...
Generating code for file include/luisa/dsl/rtx/hit.h...
Generating code for file include/luisa/runtime/rtx/hit.h...
Generating code for file include/luisa/dsl/rtx/motion.h...
Generating code for file include/luisa/dsl/rtx/ray.h...
Generating code for file include/luisa/runtime/rtx/ray.h...
Generating code for file include/luisa/dsl/rtx/ray_query.h...
Generating code for file include/luisa/xir/instructions/ray_query.h...
Generating code for file include/luisa/dsl/rtx/triangle.h...
Generating code for file include/luisa/runtime/rtx/triangle.h...
Generating code for file include/luisa/dsl/shared.h...
Generating code for file include/luisa/dsl/soa.h...
Generating code for file include/luisa/dsl/stmt.h...
Generating code for file include/luisa/dsl/struct.h...
Generating code for file include/luisa/dsl/sugar.h...
Generating code for file include/luisa/dsl/syntax.h...
Generating code for file include/luisa/dsl/var.h...
Generating code for file include/luisa/gui/framerate.h...
Generating code for file include/luisa/gui/imgui_window.h...
Generating code for file include/luisa/gui/input.h...
Generating code for file include/luisa/gui/window.h...
Generating code for file include/luisa/luisa-compute.h...
Generating code for file include/luisa/osl/hint.h...
Generating code for file include/luisa/osl/instruction.h...
Generating code for file include/luisa/xir/instruction.h...
Generating code for file include/luisa/osl/literal.h...
Generating code for file include/luisa/osl/oso_parser.h...
Generating code for file include/luisa/osl/shader.h...
Generating code for file include/luisa/runtime/shader.h...
Generating code for file include/luisa/osl/symbol.h...
Generating code for file include/luisa/runtime/bindless_array.h...
Generating code for file include/luisa/runtime/buffer.h...
Generating code for file include/luisa/runtime/buffer_arena.h...
Generating code for file include/luisa/runtime/builtin_kernel.h...
Generating code for file include/luisa/runtime/byte_buffer.h...
Generating code for file include/luisa/runtime/command_list.h...
Generating code for file include/luisa/runtime/context.h...
Generating code for file include/luisa/runtime/depth_format.h...
Generating code for file include/luisa/runtime/device.h...
Generating code for file include/luisa/runtime/dispatch_buffer.h...
Generating code for file include/luisa/runtime/event.h...
Generating code for file include/luisa/runtime/image.h...
Generating code for file include/luisa/runtime/mipmap.h...
Generating code for file include/luisa/runtime/raster/app_data.h...
Generating code for file include/luisa/runtime/raster/depth_buffer.h...
Generating code for file include/luisa/runtime/raster/raster_scene.h...
Generating code for file include/luisa/runtime/raster/raster_shader.h...
Generating code for file include/luisa/runtime/raster/raster_state.h...
Generating code for file include/luisa/runtime/raster/vertex_attribute.h...
Generating code for file include/luisa/runtime/raster/viewport.h...
Generating code for file include/luisa/runtime/rhi/argument.h...
Generating code for file include/luisa/xir/argument.h...
Generating code for file include/luisa/runtime/rhi/command.h...
Generating code for file include/luisa/runtime/rhi/command_encoder.h...
Generating code for file include/luisa/runtime/rhi/curve_basis.h...
Generating code for file include/luisa/xir/metadata/curve_basis.h...
Generating code for file include/luisa/runtime/rhi/device_interface.h...
Generating code for file include/luisa/runtime/rhi/pixel.h...
Generating code for file include/luisa/runtime/rhi/sampler.h...
Generating code for file include/luisa/runtime/rhi/stream_tag.h...
Generating code for file include/luisa/runtime/rhi/tile_modification.h...
Generating code for file include/luisa/runtime/rtx/mesh.h...
Generating code for file include/luisa/runtime/rtx/motion_instance.h...
Generating code for file include/luisa/runtime/rtx/motion_transform.h...
Generating code for file include/luisa/runtime/rtx/procedural_primitive.h...
Generating code for file include/luisa/runtime/sparse_buffer.h...
Generating code for file include/luisa/runtime/sparse_command_list.h...
Generating code for file include/luisa/runtime/sparse_heap.h...
Generating code for file include/luisa/runtime/sparse_image.h...
Generating code for file include/luisa/runtime/sparse_texture.h...
Generating code for file include/luisa/runtime/sparse_volume.h...
Generating code for file include/luisa/runtime/stream.h...
Generating code for file include/luisa/runtime/stream_event.h...
Generating code for file include/luisa/runtime/swapchain.h...
Generating code for file include/luisa/runtime/volume.h...
Generating code for file include/luisa/tile.h...
Generating code for file include/luisa/tile/algorithms.h...
Generating code for file include/luisa/tile/analysis.h...
Generating code for file include/luisa/tile/bridge/tirx/layout.h...
Generating code for file include/luisa/tile/layout.h...
Generating code for file include/luisa/tile/bridge/tirx/lower.h...
Generating code for file include/luisa/tile/bridge/xir/lower.h...
Generating code for file include/luisa/tile/bridge/tirx/planner.h...
Generating code for file include/luisa/tile/bridge/xir/planner.h...
Generating code for file include/luisa/tile/dimension.h...
Generating code for file include/luisa/tile/dsl.h...
Generating code for file include/luisa/tile/ir.h...
Generating code for file include/luisa/tile/runtime.h...
Generating code for file include/luisa/tile/target.h...
Generating code for file include/luisa/tile/value.h...
Generating code for file include/luisa/xir/value.h...
Generating code for file include/luisa/tile/verifier.h...
Generating code for file include/luisa/xir/verifier.h...
Generating code for file include/luisa/version.h...
Generating code for file include/luisa/vstl/allocate_type.h...
Generating code for file include/luisa/vstl/arena_hash_map.h...
Generating code for file include/luisa/vstl/common.h...
Generating code for file include/luisa/vstl/compare.h...
Generating code for file include/luisa/vstl/config.h...
Generating code for file include/luisa/vstl/hash_map.h...
Generating code for file include/luisa/vstl/lmdb.hpp...
Generating code for file include/luisa/vstl/lockfree_array_queue.h...
Generating code for file include/luisa/vstl/log.h...
Generating code for file include/luisa/vstl/md5.h...
Generating code for file include/luisa/vstl/meta_lib.h...
Generating code for file include/luisa/vstl/ranges.h...
Generating code for file include/luisa/vstl/stack_allocator.h...
Generating code for file include/luisa/vstl/string_builder.h...
Generating code for file include/luisa/vstl/string_hash.h...
Generating code for file include/luisa/vstl/string_utility.h...
Generating code for file include/luisa/vstl/tree_map_base.h...
Generating code for file include/luisa/vstl/unique_ptr.h...
Generating code for file include/luisa/vstl/v_allocator.h...
Generating code for file include/luisa/vstl/v_guid.h...
Generating code for file include/luisa/vstl/vstring.h...
Generating code for file include/luisa/xir/basic_block.h...
Generating code for file include/luisa/xir/builder.h...
Generating code for file include/luisa/xir/debug_printer.h...
Generating code for file include/luisa/xir/instructions/alloca.h...
Generating code for file include/luisa/xir/instructions/arithmetic.h...
Generating code for file include/luisa/xir/instructions/assert.h...
Generating code for file include/luisa/xir/instructions/assume.h...
Generating code for file include/luisa/xir/instructions/autodiff.h...
Generating code for file include/luisa/xir/passes/autodiff.h...
Generating code for file include/luisa/xir/instructions/branch.h...
Generating code for file include/luisa/xir/instructions/break.h...
Generating code for file include/luisa/xir/instructions/call.h...
Generating code for file include/luisa/xir/instructions/cast.h...
Generating code for file include/luisa/xir/instructions/continue.h...
Generating code for file include/luisa/xir/instructions/coro.h...
Generating code for file include/luisa/xir/instructions/debug_break.h...
Generating code for file include/luisa/xir/instructions/gep.h...
Generating code for file include/luisa/xir/instructions/if.h...
Generating code for file include/luisa/xir/instructions/indexed_branch.h...
Generating code for file include/luisa/xir/instructions/load.h...
Generating code for file include/luisa/xir/instructions/loop.h...
Generating code for file include/luisa/xir/instructions/outline.h...
Generating code for file include/luisa/xir/passes/outline.h...
Generating code for file include/luisa/xir/instructions/phi.h...
Generating code for file include/luisa/xir/instructions/print.h...
Generating code for file include/luisa/xir/instructions/raster_discard.h...
Generating code for file include/luisa/xir/instructions/return.h...
Generating code for file include/luisa/xir/instructions/store.h...
Generating code for file include/luisa/xir/instructions/switch.h...
Generating code for file include/luisa/xir/instructions/thread_group.h...
Generating code for file include/luisa/xir/instructions/unreachable.h...
Generating code for file include/luisa/xir/metadata.h...
Generating code for file include/luisa/xir/metadata/comment.h...
Generating code for file include/luisa/xir/metadata/location.h...
Generating code for file include/luisa/xir/metadata/name.h...
Generating code for file include/luisa/xir/metadata/reg2mem_spill.h...
Generating code for file include/luisa/xir/metadata/signature_constraint.h...
Generating code for file include/luisa/xir/module.h...
Generating code for file include/luisa/xir/op_to_string.inl.h...
Generating code for file include/luisa/xir/passes/aggregate_field_bitmask.h...
Generating code for file include/luisa/xir/passes/algebraic_simplify.h...
Generating code for file include/luisa/xir/passes/alias_analysis.h...
Generating code for file include/luisa/xir/passes/call_graph.h...
Generating code for file include/luisa/xir/passes/const_fold.h...
Generating code for file include/luisa/xir/passes/convergence_region.h...
Generating code for file include/luisa/xir/passes/coro_alloca_scope.h...
Generating code for file include/luisa/xir/passes/coro_cfg_distill.h...
Generating code for file include/luisa/xir/passes/coro_materialize.h...
Generating code for file include/luisa/xir/passes/coro_reg2mem.h...
Generating code for file include/luisa/xir/passes/coro_rematerialize.h...
Generating code for file include/luisa/xir/passes/coro_split.h...
Generating code for file include/luisa/xir/passes/cvp.h...
Generating code for file include/luisa/xir/passes/dce.h...
Generating code for file include/luisa/xir/passes/dead_arg_elim.h...
Generating code for file include/luisa/xir/passes/dead_field_elimination.h...
Generating code for file include/luisa/xir/passes/dead_store_elimination.h...
Generating code for file include/luisa/xir/passes/defer_local_aggregate_load.h...
Generating code for file include/luisa/xir/passes/destructure_cfg.h...
Generating code for file include/luisa/xir/passes/div_rem_pairs.h...
Generating code for file include/luisa/xir/passes/dom_tree.h...
Generating code for file include/luisa/xir/passes/early_cse.h...
Generating code for file include/luisa/xir/passes/early_return_elimination.h...
Generating code for file include/luisa/xir/passes/fast_math_simplify.h...
Generating code for file include/luisa/xir/passes/fix_self_referential.h...
Generating code for file include/luisa/xir/passes/fuse_consecutive_buffer_reads.h...
Generating code for file include/luisa/xir/passes/gvn.h...
Generating code for file include/luisa/xir/passes/if_conversion.h...
Generating code for file include/luisa/xir/passes/indvar_simplify.h...
Generating code for file include/luisa/xir/passes/inline.h...
Generating code for file include/luisa/xir/passes/integer_alignment.h...
Generating code for file include/luisa/xir/passes/lex_scope_analysis.h...
Generating code for file include/luisa/xir/passes/licm.h...
Generating code for file include/luisa/xir/passes/local_load_elimination.h...
Generating code for file include/luisa/xir/passes/local_store_forward.h...
Generating code for file include/luisa/xir/passes/loop_fusion.h...
Generating code for file include/luisa/xir/passes/loop_rotation.h...
Generating code for file include/luisa/xir/passes/loop_unswitch.h...
Generating code for file include/luisa/xir/passes/loop_vectorization.h...
Generating code for file include/luisa/xir/passes/lower_break_continue.h...
Generating code for file include/luisa/xir/passes/lower_irreducible_cfg.h...
Generating code for file include/luisa/xir/passes/lower_ray_query_loop.h...
Generating code for file include/luisa/xir/passes/lower_ray_query_loop_to_loop.h...
Generating code for file include/luisa/xir/passes/lower_ray_query_to_loop.h...
Generating code for file include/luisa/xir/passes/lower_ray_query_to_pipeline.h...
Generating code for file include/luisa/xir/passes/mem2reg.h...
Generating code for file include/luisa/xir/passes/pass_pipeline.h...
Generating code for file include/luisa/xir/passes/pass_verification.h...
Generating code for file include/luisa/xir/passes/phi_cleanup.h...
Generating code for file include/luisa/xir/passes/pointer_usage.h...
Generating code for file include/luisa/xir/passes/post_dom_tree.h...
Generating code for file include/luisa/xir/passes/promote_ref_arg.h...
Generating code for file include/luisa/xir/passes/reassociate.h...
Generating code for file include/luisa/xir/passes/reconstruct_ray_query_loop.h...
Generating code for file include/luisa/xir/passes/reg2mem.h...
Generating code for file include/luisa/xir/passes/restructure_cfg.h...
Generating code for file include/luisa/xir/passes/scalar_evolution.h...
Generating code for file include/luisa/xir/passes/scalarizer.h...
Generating code for file include/luisa/xir/passes/sccp.h...
Generating code for file include/luisa/xir/passes/select_factor.h...
Generating code for file include/luisa/xir/passes/simplify_cfg.h...
Generating code for file include/luisa/xir/passes/simplify_libcalls.h...
Generating code for file include/luisa/xir/passes/slp_vectorization.h...
Generating code for file include/luisa/xir/passes/sroa.h...
Generating code for file include/luisa/xir/passes/trace_gep.h...
Generating code for file include/luisa/xir/passes/transpose_gep.h...
Generating code for file include/luisa/xir/passes/uniformity_analysis.h...
Generating code for file include/luisa/xir/passes/unused_callable_removal.h...
Generating code for file include/luisa/xir/special_register.h...
Generating code for file include/luisa/xir/traits.h...
Generating code for file include/luisa/xir/translators/ast2xir.h...
Generating code for file include/luisa/xir/translators/coro_xir2ast.h...
Generating code for file include/luisa/xir/translators/json2xir.h...
Generating code for file include/luisa/xir/translators/xir2ast.h...
Generating code for file include/luisa/xir/translators/xir2json.h...
Generating code for file include/luisa/xir/translators/xir2text.h...
Generating code for file include/luisa/xir/translators/xir_interchange.h...
Generating code for file include/luisa/xir/undefined.h...
Generating code for file include/luisa/xir/use.h...
Generating code for file include/luisa/xir/user.h...
Generating code for file src/ast/lc_ast_pch.h...
Generating code for file src/clangcxx/src/lc_clangcxx_pch.h...
Generating code for file src/clangcxx/src/llvm/ASTConsumer.h...
Generating code for file src/clangcxx/src/llvm/FrontendAction.h...
Generating code for file src/clangcxx/src/llvm/Global.h...
Generating code for file src/clangcxx/src/llvm/TypeDatabase.h...
Generating code for file src/clangcxx/src/llvm/Utils/AttributeHelper.hpp...
Generating code for file src/clangcxx/src/llvm/Utils/ClangCompat.hpp...
Generating code for file src/clangcxx/src/llvm/Utils/Defer.hpp...
Generating code for file src/clangcxx/src/llvm/Utils/OptionsParser.h...
Generating code for file src/dsl/ext/nanovdb_accessor.h...
Generating code for file src/dsl/lc_dsl_pch.h...
Generating code for file src/py/dlpack.h...
Generating code for file src/py/interop.h...
Generating code for file src/py/lcpy_pch.h...
Generating code for file src/py/managed_accel.h...
Generating code for file src/py/managed_bindless.h...
Generating code for file src/py/managed_collector.h...
Generating code for file src/py/managed_device.h...
Generating code for file src/py/py_stream.h...
Generating code for file src/py/ref_counter.h...
Generating code for file src/runtime/lc_runtime_pch.h...
Generating code for file src/runtime/sparse_buffer_tile_plan.h...
Generating code for file src/runtime/sparse_heap_provenance.h...
Generating code for file src/runtime/sparse_texture_tile_plan.h...
Generating code for file src/runtime/sparse_tile_allocation_plan.h...
Generating code for file src/tests/common/cornell_box.h...
Generating code for file src/tests/common/coro_test_utils.h...
Generating code for file src/tests/common/metal_benchmark.h...
Generating code for file src/tests/common/metal_benchmark_timing.h...
Generating code for file src/tests/common/projection.hpp...
Generating code for file src/tests/common/reference_image.h...
Generating code for file src/tests/common/spectrum_data.h...
Generating code for file src/tests/common/test_device.h...
Generating code for file src/tests/common/tile_llm_benchmark.h...
Generating code for file src/tests/common/tile_llm_test_utils.h...
Generating code for file src/tests/common/tile_native_test_utils.h...
Generating code for file src/tests/common/tile_reduction_policy_test_utils.h...
Generating code for file src/tests/common/tile_tirx_test_utils.h...
Generating code for file src/tests/common/tile_xir_test_utils.h...
Generating code for file src/tests/common/tiny_obj_loader.h...
Generating code for file src/tests/common/tinyexr.h...
Generating code for file src/tests/cxx_shaders/luisa/attributes.hpp...
Generating code for file src/tests/cxx_shaders/luisa/mesh_shader/attributes.hpp...
Generating code for file src/tests/cxx_shaders/luisa/raster/attributes.hpp...
Generating code for file src/tests/cxx_shaders/luisa/experimental/intrin.hpp...
Generating code for file src/tests/cxx_shaders/luisa/functions.hpp...
Generating code for file src/tests/cxx_shaders/luisa/functions/atomic.hpp...
Generating code for file src/tests/cxx_shaders/luisa/functions/custom.hpp...
Generating code for file src/tests/cxx_shaders/luisa/functions/dispatch.hpp...
Generating code for file src/tests/cxx_shaders/luisa/functions/math.hpp...
Generating code for file src/tests/cxx_shaders/luisa/functions/warp.hpp...
Generating code for file src/tests/cxx_shaders/luisa/numeric.hpp...
Generating code for file src/tests/cxx_shaders/luisa/numeric/constants.hpp...
Generating code for file src/tests/cxx_shaders/luisa/numeric/float16.hpp...
Generating code for file src/tests/cxx_shaders/luisa/numeric/limits.hpp...
Generating code for file src/tests/cxx_shaders/luisa/printer.hpp...
Generating code for file src/tests/cxx_shaders/luisa/raytracing.hpp...
Generating code for file src/tests/cxx_shaders/luisa/raytracing/ray_query.hpp...
Generating code for file src/tests/cxx_shaders/luisa/resources.hpp...
Generating code for file src/tests/cxx_shaders/luisa/resources/accel.hpp...
Generating code for file src/tests/cxx_shaders/luisa/resources/bindless_array.hpp...
Generating code for file src/tests/cxx_shaders/luisa/resources/bindless_buffer.hpp...
Generating code for file src/tests/cxx_shaders/luisa/resources/bindless_image.hpp...
Generating code for file src/tests/cxx_shaders/luisa/resources/bindless_volume.hpp...
Generating code for file src/tests/cxx_shaders/luisa/resources/buffer.hpp...
Generating code for file src/tests/cxx_shaders/luisa/resources/buffer_heap_extern.hpp...
Generating code for file src/tests/cxx_shaders/luisa/resources/common_extern.hpp...
Generating code for file src/tests/cxx_shaders/luisa/resources/image_heap_extern.hpp...
Generating code for file src/tests/cxx_shaders/luisa/resources/indirect_buffer.hpp...
Generating code for file src/tests/cxx_shaders/luisa/resources/texture.hpp...
Generating code for file src/tests/cxx_shaders/luisa/resources/volume_heap_extern.hpp...
Generating code for file src/tests/cxx_shaders/luisa/std.hpp...
Generating code for file src/tests/cxx_shaders/luisa/type_traits.hpp...
Generating code for file src/tests/cxx_shaders/luisa/type_traits/builtins.hpp...
Generating code for file src/tests/cxx_shaders/luisa/type_traits/concepts.hpp...
Generating code for file src/tests/cxx_shaders/luisa/types.hpp...
Generating code for file src/tests/cxx_shaders/luisa/types/array.hpp...
Generating code for file src/tests/cxx_shaders/luisa/types/matrix.hpp...
Generating code for file src/tests/cxx_shaders/luisa/types/ops/mat_ops.inl...
Generating code for file src/tests/cxx_shaders/luisa/types/ops/swizzle2.inl...
Generating code for file src/tests/cxx_shaders/luisa/types/ops/swizzle3.inl...
Generating code for file src/tests/cxx_shaders/luisa/types/ops/swizzle4.inl...
Generating code for file src/tests/cxx_shaders/luisa/types/ops/vec_ops.inl...
Generating code for file src/tests/cxx_shaders/luisa/types/ray.hpp...
Generating code for file src/tests/cxx_shaders/luisa/types/vec.hpp...
Generating code for file src/tests/cxx_shaders/std/ex/type_list.hpp...
Generating code for file src/tests/cxx_shaders/std/ex/utility.hpp...
Generating code for file src/tests/cxx_shaders/std/internal/common.hpp...
Generating code for file src/tests/integration/runtime/pbrt_curve_parser.h...
Generating code for file src/tests/integration/runtime/transient_resource_device/managed_first_fit.h...
Generating code for file src/tests/integration/runtime/transient_resource_device/transient_resource_device.h...
Generating code for file src/tests/ios/metal4_device_conformance.h...
Generating code for file src/tests/ios/metal4_ios_path_tracing_kernel.h...
Generating code for file src/tests/unit/runtime/fp4.h...
Generating code for file src/tests/unit/runtime/fp8.h...
Generating code for file src/tests/unit/simd/benchmark_simd_gemm_kernel.h...
Generating code for file src/tests/unit/simd/reference_warp_collectives.h...
Generating code for file src/tests/unit/simd/test_llvm_native_math_fast.h...
Generating code for file src/tests/ut/ut.hpp...
Generating code for file src/tile/bridge/tirx/execution.h...
Generating code for file src/tile/bridge/xir/representation.h...
Generating code for file src/vstl/lc_vstl_pch.h...
Generating code for file src/xir/instruction_semantics.h...
Generating code for file src/xir/passes/coro_cfg_dataflow.h...
Generating code for file src/xir/passes/coro_frame_abi.h...
Generating code for file src/xir/passes/coro_frame_access.h...
Generating code for file src/xir/passes/coro_guarded_scalar_relation.h...
Generating code for file src/xir/passes/coro_initialized_prefix.h...
Generating code for file src/xir/passes/coro_predicate_analysis.h...
Generating code for file src/xir/passes/coro_replayable.h...
Generating code for file src/xir/passes/coro_scalar_relation_liveness.h...
Generating code for file src/xir/passes/coro_semantic_cfg.h...
Generating code for file src/xir/passes/coro_semantic_graph.h...
Generating code for file src/xir/passes/helpers.h...
Generating code for file src/xir/passes/irreducible_cfg_analysis.h...
Generating code for file src/xir/passes/lower_ray_query_handler_graph.h...
Generating code for file src/xir/passes/lower_ray_query_to_pipeline_capture_cost.h...
Generating code for file src/xir/passes/natural_loop.h...
Generating code for file src/xir/passes/restructure_cfg_construct_boundary.h...
Generating code for file src/xir/passes/restructure_cfg_loop_boundary.h...
Generating code for file src/xir/passes/restructure_cfg_post_dom.h...
Generating code for file src/xir/passes/restructure_cfg_selection_merge.h...
Generating code for file src/xir/pointer_containers.h...
Generating code for file src/xir/translators/ast2xir_inline_ray_query.h...
Generating code for file src/xir/verifier_dom_tree.h...
Counting members...
Generating file documentation...
Generating docs for file include/luisa/ast/usage.h...
Generating docs for file include/luisa/coro/coro_common.h...
Generating docs for file src/py/dlpack.h...
Generating page documentation...
Generating docs for page md_src_2tests_2ut_2_l_i_c_e_n_s_e...
Generating docs for page md_src_2tile_2_r_e_l_a_t_e_d___w_o_r_k...
Generating docs for page md_src_2xir_2passes_2_c_f_g___n_o_r_m_a_l_i_z_a_t_i_o_n___p_l_a_n...
Generating docs for page md_src_2xir_2passes_2_p_a_s_s___c_o_r_r_e_c_t_n_e_s_s___a_u_d_i_t...
Generating docs for page deprecated...
Generating group documentation...
Generating class documentation...
Generating docs for compound _DeepImage...
Generating docs for compound _EXRAttribute...
Generating docs for compound _EXRChannelInfo...
Generating docs for compound _EXRHeader...
Generating docs for compound _EXRImage...
Generating docs for compound _EXRMultiPartHeader...
Generating docs for compound _EXRMultiPartImage...
Generating docs for compound _EXRTile...
Generating docs for compound _EXRVersion...
Generating docs for compound A...
Generating docs for compound AA...
Generating docs for compound AoSArray...
Generating docs for compound AoSItem...
Generating docs for compound AppData...
Generating docs for compound Appdata...
Generating docs for compound Apple...
Generating docs for compound Arguments...
Generating docs for compound ArgumentsView...
Generating docs for compound AtomicAccessChain...
Generating docs for compound AtomicQueue< T >...
Generating docs for compound BB...
Generating docs for compound Bbox...
Generating docs for compound BindlessRecord...
Generating docs for compound BoolVecTest...
Generating docs for compound CapturedMessage...
Generating docs for compound Complex...
Generating docs for compound ComplexComplex...
Generating docs for compound ComplexStruct...
Generating docs for compound ConstantMaterial...
Generating docs for compound ConsumerRecord...
Generating docs for compound CoroAggregateArgument...
Generating docs for compound CoroSoASevenWords...
Generating docs for compound D...
Generating docs for compound DispatchPack< T >...
Generating docs for compound DLDataType...
Generating docs for compound DLDevice...
Generating docs for compound DLManagedTensor...
Generating docs for compound DLManagedTensorVersioned...
Generating docs for compound DLPackVersion...
Generating docs for compound DLTensor...
Generating docs for compound DXConfigExtImpl...
Generating docs for compound FixedVector< T, StackSize >...
Generating docs for compound Foo...
Generating docs for compound FourBools...
Generating docs for compound FP4E2M1...
Generating docs for compound FP8E4M3...
Generating docs for compound FP8E5M2...
Generating docs for compound FullyConnectData...
Generating docs for compound HairBsdf...
Generating docs for compound halfN< T >...
Generating docs for compound halfN< luisa::Vector< half, n > >...
Generating docs for compound Impl...
Generating docs for compound InnerStruct...
Generating docs for compound Interface...
Generating docs for compound IntEval...
Generating docs for compound IOSMetal4Bool4...
Generating docs for compound IOSMetal4RasterVarying...
Generating docs for compound IOSMetal4RasterVertex...
Generating docs for compound Juice...
Generating docs for compound KeyValuePair< IndexType, ValueType >...
Generating docs for compound LightDistributionCell...
Generating docs for compound LightDistributionTreeNode...
Generating docs for compound LinearMaterial...
Generating docs for compound luisa_compute_extension< T >...
Generating docs for compound LuisaMetalTimingResult...
Generating docs for compound ManagedDevice...
Generating docs for compound ManagedMeshFormat...
Generating docs for compound MaskedStruct...
Generating docs for compound MaterialBase...
Generating docs for compound MatrixContainer...
Generating docs for compound MDArray...
Generating docs for compound MeshData...
Generating docs for compound Metal4StencilVarying...
Generating docs for compound MetalAIRBindlessBool4...
Generating docs for compound MetalAIRBool4...
Generating docs for compound MetalAIRRasterVarying...
Generating docs for compound MetalAIRRasterVertex...
Generating docs for compound MetalAIRUniformInner...
Generating docs for compound MetalAIRUniformOuter...
Generating docs for compound MotionQueryResult...
Generating docs for compound move_only_function< S, class >...
Generating docs for compound MyHit...
Generating docs for compound MyStruct...
Generating docs for compound NestedArguments...
Generating docs for compound NestedArr...
Generating docs for compound NestedConstantLeaf...
Generating docs for compound NestedConstantRecord...
Generating docs for compound NestedMatrixStorageRecord...
Generating docs for compound Onb...
Generating docs for compound OuterStruct...
Generating docs for compound PartialA...
Generating docs for compound PerlinSettings...
Generating docs for compound PipelinePayloadBool4...
Generating docs for compound PipelinePayloadConfig...
Generating docs for compound Pixel...
Generating docs for compound Point3D...
Generating docs for compound PointerData...
Generating docs for compound ProducerRecord...
Generating docs for compound PyWindow...
Generating docs for compound QuadraticMaterial...
Generating docs for compound RasterAttributedVarying...
Generating docs for compound RasterCodegenVarying...
Generating docs for compound RasterInterpolationCodegenVarying...
Generating docs for compound raw_ptr< T >...
Generating docs for compound RayRecord...
Generating docs for compound ReturnBox...
Generating docs for compound S1...
Generating docs for compound S2...
Generating docs for compound S3...
Generating docs for compound S4...
Generating docs for compound SIMDAggregatePromotionProbe...
Generating docs for compound SimpleStruct...
Generating docs for compound SoAFields...
Generating docs for compound SomeForwardNode...
Generating docs for compound SomeNode...
Generating docs for compound Something...
Generating docs for compound SomeValue...
Generating docs for compound SortArgs...
Generating docs for compound SpirvAggregateAtomicLeaves...
Generating docs for compound SpirvAggregateIndexLeaf...
Generating docs for compound SpirvAggregateIndexRoot...
Generating docs for compound SpirvCallableAggregate...
Generating docs for compound SpirvSignedAtomicLeaf...
Generating docs for compound SpirvUnsignedAtomicLeaf...
Generating docs for compound StaticMotionProbeResult...
Generating docs for compound StrictFmodCase...
Generating docs for compound TArguments< T >...
Generating docs for compound TArgumentsView< T >...
Generating docs for compound Template< T >...
Generating docs for compound Template< NVIDIA >...
Generating docs for compound Test...
Generating docs for compound Test1...
Generating docs for compound Test2...
Generating docs for compound Test3...
Generating docs for compound TestCtorStructure...
Generating docs for compound TNestedArguments< T >...
Generating docs for compound TRay...
Generating docs for compound Triangle...
Generating docs for compound TriArray...
Generating docs for compound TypeDesc< T >...
Generating docs for compound UserBinaryIO...
Generating docs for compound v2p...
Generating docs for compound VAllocHandle< tt >...
Generating docs for compound VecStruct...
Generating docs for compound Vertex...
Generating docs for compound VertexData...
Generating docs for compound VertexIn...
Generating docs for compound VertexOut...
Generating docs for compound WideVectorStorageRecord...
Generating docs for compound WordBackedMixedComposite...
Generating docs for compound WordBackedSignedAtomicComposite...
Generating concept documentation...
Generating docs for concept HasCeilDiv...
Generating module documentation...
Generating namespace documentation...
Generating docs for concept @006002207303134220126224215250340125170142015073::writable_element...
Generating docs for concept @175071203172240077337300124376163226314151321045::has_comma_adapter...
Generating docs for concept @175071203172240077337300124376163226314151321045::has_native_tile_subscript...
Generating docs for concept @175071203172240077337300124376163226314151321045::has_nest_subscript...
Generating docs for concept @175071203172240077337300124376163226314151321045::has_condition_first_select...
Generating docs for concept @175071203172240077337300124376163226314151321045::can_store...
Generating docs for concept @221306124277320252311030011022055033271014060146::memory_storable...
Generating docs for compound eastl::variant_size< luisa::compute::detail::LiteralValue >...
Generating docs for compound fmt::formatter< luisa::half >...
Generating docs for compound fmt::formatter< luisa::Vector< T, N > >...
Generating docs for compound fmt::formatter< luisa::Matrix< T, N > >...
Generating docs for compound fmt::formatter< luisa::TraceItem >...
Generating docs for compound luisa::allocator< T >...
Generating docs for compound luisa::always_false< T >...
Generating docs for compound luisa::always_true< T >...
Generating docs for compound luisa::basic_string_hash< Char, CharTraits >...
Generating docs for compound luisa::BinaryBlob...
Generating docs for compound luisa::BinaryFileStream...
Generating docs for compound luisa::BinaryIO...
Generating docs for compound luisa::BinaryStream...
Generating docs for compound luisa::Clock...
Generating docs for compound luisa::default_sentinel_t...
Generating docs for compound luisa::DynamicModule...
Generating docs for compound luisa::FirstFit...
Generating docs for nested compound luisa::FirstFit::Node...
Generating docs for compound luisa::hash< typename >...
Generating docs for compound luisa::Hash128...
Generating docs for compound luisa::hash< Char * >...
Generating docs for compound luisa::hash< Char[N]>...
Generating docs for compound luisa::hash< compute::AccelOption >...
Generating docs for compound luisa::hash< compute::ShaderOption >...
Generating docs for compound luisa::hash< compute::Variable >...
Generating docs for compound luisa::hash< ManagedPtr< T > >...
Generating docs for compound luisa::hash< Matrix< T, N > >...
Generating docs for compound luisa::hash< std::basic_string< C, CT, Alloc > >...
Generating docs for compound luisa::hash< std::basic_string_view< C, CT > >...
Generating docs for compound luisa::hash< T >...
Generating docs for compound luisa::hash< Vector< T, N > >...
Generating docs for compound luisa::hash< vstd::StringBuilder >...
Generating docs for compound luisa::is_char< Char >...
Generating docs for compound luisa::LRUCache< Key, Value >...
Generating docs for compound luisa::Managed< T, Base >...
Generating docs for compound luisa::ManagedIntrusiveForwardList< Node >...
Generating docs for compound luisa::ManagedIntrusiveForwardNode< T, Base >...
Generating docs for compound luisa::ManagedIntrusiveList< Node, SentinelNode >...
Generating docs for compound luisa::ManagedIntrusiveNode< T, Base >...
Generating docs for compound luisa::ManagedPtr< T >...
Generating docs for compound luisa::ManagedPtr< const T >...
Generating docs for compound luisa::map< Key, Value, Compare, Allocator >...
Generating docs for compound luisa::Matrix< T, N >...
Generating docs for compound luisa::Matrix< T, 2 >...
Generating docs for compound luisa::Matrix< T, 3 >...
Generating docs for compound luisa::Matrix< T, 4 >...
Generating docs for compound luisa::MemorySanitizer...
Generating docs for compound luisa::multimap< Key, Value, Compare, Allocator >...
Generating docs for compound luisa::multiset< Key, Compare, Allocator >...
Generating docs for compound luisa::overloaded< Ts >...
Generating docs for compound luisa::pointer_hash< T >...
Generating docs for compound luisa::pointer_hash< void >...
Generating docs for compound luisa::Pool< T, thread_safe, check_recycle >...
Generating docs for compound luisa::range< T >...
Generating docs for nested compound luisa::range< T >::iterator_type...
Generating docs for compound luisa::set< Key, Compare, Allocator >...
Generating docs for compound luisa::SharedFunction< Func >...
Generating docs for compound luisa::SharedFunction< Ret(Args...)>...
Generating docs for compound luisa::spin_mutex...
Generating docs for compound luisa::StringScratch...
Generating docs for compound luisa::thread_safety< Mutex >...
Generating docs for compound luisa::thread_safety< void >...
Generating docs for compound luisa::Vector< T, N >...
Generating docs for compound luisa.accel.Accel...
Generating docs for compound luisa.array.Array...
Generating docs for compound luisa.array.ArrayType...
Generating docs for compound luisa.array.SharedArrayType...
Generating docs for compound luisa.astbuilder.VariableInfo...
Generating docs for compound luisa.astbuilder.ASTVisitor...
Generating docs for compound luisa.bindless.BindlessArray...
Generating docs for compound luisa.buffer.Buffer...
Generating docs for compound luisa.buffer.BufferType...
Generating docs for compound luisa.buffer.ByteBufferType...
Generating docs for compound luisa.buffer.ByteBuffer...
Generating docs for compound luisa.buffer.IndirectDispatchBuffer...
Generating docs for compound luisa.callable_lib.CallableLibrary...
Generating docs for compound luisa::clangcxx::AST...
Generating docs for compound luisa::clangcxx::ASTCallableConsumer...
Generating docs for compound luisa::clangcxx::ASTConsumer...
Generating docs for compound luisa::clangcxx::ASTConsumerBase...
Generating docs for compound luisa::clangcxx::BuildArgument...
Generating docs for compound luisa::clangcxx::CallLibFrontendAction...
Generating docs for compound luisa::clangcxx::Compiler...
Generating docs for compound luisa::clangcxx::ExprTranslator...
Generating docs for compound luisa::clangcxx::ExternVarHandler...
Generating docs for compound luisa::clangcxx::FrontendAction...
Generating docs for compound luisa::clangcxx::FunctionBuilderBuilder...
Generating docs for nested compound luisa::clangcxx::FunctionBuilderBuilder::BuildResult...
Generating docs for compound luisa::clangcxx::FunctionDeclStmtHandler...
Generating docs for compound luisa::clangcxx::Global...
Generating docs for compound luisa::clangcxx::GlobalVarHandler...
Generating docs for compound luisa::clangcxx::OptionsParser...
Generating docs for compound luisa::clangcxx::RecordDeclStmtHandler...
Generating docs for compound luisa::clangcxx::ShaderReflection...
Generating docs for compound luisa::clangcxx::Stack...
Generating docs for compound luisa::clangcxx::TypeDatabase...
Generating docs for nested compound luisa::clangcxx::TypeDatabase::Commenter...
Generating docs for compound luisa::compute::AABB...
Generating docs for compound luisa::compute::AABBHit...
Generating docs for compound luisa::compute::Accel...
Generating docs for compound luisa::compute::AccelBuildCommand...
Generating docs for nested compound luisa::compute::AccelBuildCommand::Modification...
Generating docs for compound luisa::compute::AccelOption...
Generating docs for nested compound luisa::compute::AccelOption::Motion...
Generating docs for compound luisa::compute::AccelTraceOptions...
Generating docs for compound luisa::compute::AccessExpr...
Generating docs for compound luisa::compute::AOTShader< dim, Args >...
Generating docs for compound luisa::compute::AppData...
Generating docs for compound luisa::compute::Argument...
Generating docs for nested compound luisa::compute::Argument::Buffer...
Generating docs for nested compound luisa::compute::Argument::Texture...
Generating docs for nested compound luisa::compute::Argument::Uniform...
Generating docs for nested compound luisa::compute::Argument::BindlessArray...
Generating docs for nested compound luisa::compute::Argument::Accel...
Generating docs for nested compound luisa::compute::Argument::[union].__unnamed0__...
Generating docs for compound luisa::compute::array_dimension< T >...
Generating docs for compound luisa::compute::array_dimension< std::array< T, N > >...
Generating docs for compound luisa::compute::array_dimension< T[N]>...
Generating docs for compound luisa::compute::array_element< T >...
Generating docs for compound luisa::compute::array_element< std::array< T, N > >...
Generating docs for compound luisa::compute::array_element< T[N]>...
Generating docs for compound luisa::compute::AssignStmt...
Generating docs for compound luisa::compute::AST2JSON...
Generating docs for compound luisa::compute::ASTJsonBindingResolver...
Generating docs for compound luisa::compute::ASTJsonDecodeResult...
Generating docs for compound luisa::compute::ASTJsonEncodeResult...
Generating docs for compound luisa::compute::ASTJsonLimits...
Generating docs for compound luisa::compute::Attribute...
Generating docs for compound luisa::compute::AutoDiffStmt...
Generating docs for compound luisa::compute::BackendModule...
Generating docs for compound luisa::compute::BezierCurve...
Generating docs for compound luisa::compute::BinaryExpr...
Generating docs for compound luisa::compute::BindlessArray...
Generating docs for nested compound luisa::compute::BindlessArray::ModSlotHash...
Generating docs for nested compound luisa::compute::BindlessArray::ModSlotEqual...
Generating docs for compound luisa::compute::BindlessArrayUpdateCommand...
Generating docs for nested compound luisa::compute::BindlessArrayUpdateCommand::ModifiedBuffer...
Generating docs for nested compound luisa::compute::BindlessArrayUpdateCommand::ModifiedTexture...
Generating docs for nested compound luisa::compute::BindlessArrayUpdateCommand::Modification...
Generating docs for nested compound luisa::compute::BindlessArrayUpdateCommand::BufferModification...
Generating docs for nested compound luisa::compute::BindlessArrayUpdateCommand::Texture2DModification...
Generating docs for nested compound luisa::compute::BindlessArrayUpdateCommand::Texture3DModification...
Generating docs for compound luisa::compute::BindlessBuffer< T >...
Generating docs for compound luisa::compute::BlendState...
Generating docs for compound luisa::compute::BreakStmt...
Generating docs for compound luisa::compute::Buffer< T >...
Generating docs for compound luisa::compute::BufferArena...
Generating docs for compound luisa::compute::BufferCopyCommand...
Generating docs for compound luisa::compute::BufferCreationInfo...
Generating docs for compound luisa::compute::BufferDownloadCommand...
Generating docs for compound luisa::compute::BufferToTextureCopyCommand...
Generating docs for compound luisa::compute::BufferUploadCommand...
Generating docs for compound luisa::compute::BufferView< T >...
Generating docs for compound luisa::compute::BuiltinKernel...
Generating docs for compound luisa::compute::ByteBuffer...
Generating docs for compound luisa::compute::ByteBufferView...
Generating docs for compound luisa::compute::Callable< T >...
Generating docs for compound luisa::compute::Callable< Ret(Args...)>...
Generating docs for compound luisa::compute::CallableLibrary...
Generating docs for compound luisa::compute::CallExpr...
Generating docs for compound luisa::compute::CallOpSet...
Generating docs for nested compound luisa::compute::CallOpSet::Iterator...
Generating docs for compound luisa::compute::canonical_layout< T >...
Generating docs for compound luisa::compute::canonical_layout< bool >...
Generating docs for compound luisa::compute::canonical_layout< double >...
Generating docs for compound luisa::compute::canonical_layout< float >...
Generating docs for compound luisa::compute::canonical_layout< half >...
Generating docs for compound luisa::compute::canonical_layout< int >...
Generating docs for compound luisa::compute::canonical_layout< int8_t >...
Generating docs for compound luisa::compute::canonical_layout< long >...
Generating docs for compound luisa::compute::canonical_layout< short >...
Generating docs for compound luisa::compute::canonical_layout< slong >...
Generating docs for compound luisa::compute::canonical_layout< std::tuple< T > >...
Generating docs for compound luisa::compute::canonical_layout< std::tuple< T... > >...
Generating docs for compound luisa::compute::canonical_layout< uint >...
Generating docs for compound luisa::compute::canonical_layout< uint8_t >...
Generating docs for compound luisa::compute::canonical_layout< ulong >...
Generating docs for compound luisa::compute::canonical_layout< unsigned long >...
Generating docs for compound luisa::compute::canonical_layout< ushort >...
Generating docs for compound luisa::compute::CastExpr...
Generating docs for compound luisa::compute::CatmullRomCurve...
Generating docs for compound luisa::compute::ClearDepthCommand...
Generating docs for compound luisa::compute::ClearRenderTargetCommand...
Generating docs for compound luisa::compute::Command...
Generating docs for compound luisa::compute::CommandList...
Generating docs for nested compound luisa::compute::CommandList::Commit...
Generating docs for compound luisa::compute::CommandVisitor...
Generating docs for compound luisa::compute::CommentStmt...
Generating docs for compound luisa::compute::CommittedHit...
Generating docs for compound luisa::compute::ComputeDispatchCmdEncoder...
Generating docs for compound luisa::compute::Constant< T >...
Generating docs for compound luisa::compute::ConstantData...
Generating docs for compound luisa::compute::ConstantDecoder...
Generating docs for compound luisa::compute::ConstantExpr...
Generating docs for compound luisa::compute::ConstantSerializer...
Generating docs for compound luisa::compute::Context...
Generating docs for compound luisa::compute::ContinueStmt...
Generating docs for compound luisa::compute::CoopMatrixRef...
Generating docs for compound luisa::compute::CoopVector< T >...
Generating docs for compound luisa::compute::CoopVectorRef...
Generating docs for compound luisa::compute::CoroFrame...
Generating docs for compound luisa::compute::CoroFrameDesc...
Generating docs for nested compound luisa::compute::CoroFrameDesc::FieldDescriptor...
Generating docs for compound luisa::compute::CoroFrameExport...
Generating docs for compound luisa::compute::CoroFrameIdProxy...
Generating docs for compound luisa::compute::CoroSuspendAnnotation...
Generating docs for compound luisa::compute::CoroSuspendAttribute...
Generating docs for compound luisa::compute::CoroSuspendBinding...
Generating docs for compound luisa::compute::CoroSuspendExtension...
Generating docs for compound luisa::compute::CoroSuspendExtensionRecorder...
Generating docs for compound luisa::compute::Coroutine< T >...
Generating docs for compound luisa::compute::Coroutine< Ret(Args...)>...
Generating docs for nested compound luisa::compute::Coroutine< Ret(Args...)>::Subroutine...
Generating docs for compound luisa::compute::CpuCallable< T >...
Generating docs for compound luisa::compute::CpuCustomOpExpr...
Generating docs for compound luisa::compute::CubicBSplineCurve...
Generating docs for compound luisa::compute::CubicCurve...
Generating docs for compound luisa::compute::CUDADeviceConfigExt...
Generating docs for nested compound luisa::compute::CUDADeviceConfigExt::ExternalVkDevice...
Generating docs for compound luisa::compute::CUDADeviceConfigExtImpl...
Generating docs for compound luisa::compute::CUDAExternalExt...
Generating docs for compound luisa::compute::CudaGraphExecInstance...
Generating docs for compound luisa::compute::CudaGraphExt...
Generating docs for compound luisa::compute::CudaGraphInstance...
Generating docs for compound luisa::compute::CudaGraphLaunch...
Generating docs for compound luisa::compute::CudaGraphUpload...
Generating docs for compound luisa::compute::Curve...
Generating docs for compound luisa::compute::CurveBasisSet...
Generating docs for compound luisa::compute::CurveBuildCommand...
Generating docs for compound luisa::compute::CurveEvaluation...
Generating docs for compound luisa::compute::CurveEvaluator...
Generating docs for compound luisa::compute::CustomCommand...
Generating docs for compound luisa::compute::CustomDispatchCommand...
Generating docs for nested compound luisa::compute::CustomDispatchCommand::ArgumentVisitor...
Generating docs for nested compound luisa::compute::CustomDispatchCommand::MutableArgumentVisitor...
Generating docs for compound luisa::compute::DebugBreakStmt...
Generating docs for compound luisa::compute::DebugCaptureExt...
Generating docs for compound luisa::compute::DebugCaptureOption...
Generating docs for compound luisa::compute::DebugCaptureScope...
Generating docs for compound luisa::compute::DenoiserExt...
Generating docs for nested compound luisa::compute::DenoiserExt::Image...
Generating docs for nested compound luisa::compute::DenoiserExt::Feature...
Generating docs for nested compound luisa::compute::DenoiserExt::DenoiserInput...
Generating docs for nested compound luisa::compute::DenoiserExt::Denoiser...
Generating docs for compound luisa::compute::DepthBuffer...
Generating docs for compound luisa::compute::DepthState...
Generating docs for compound luisa::compute::Device...
Generating docs for compound luisa::compute::DeviceConfig...
Generating docs for compound luisa::compute::DeviceConfigExt...
Generating docs for compound luisa::compute::DeviceExtension...
Generating docs for compound luisa::compute::DeviceInterface...
Generating docs for compound luisa::compute::DirectMLExt...
Generating docs for compound luisa::compute::DirectXDeviceConfigExt...
Generating docs for nested compound luisa::compute::DirectXDeviceConfigExt::ExternalDevice...
Generating docs for nested compound luisa::compute::DirectXDeviceConfigExt::GPUAllocatorSettings...
Generating docs for compound luisa::compute::DirectXFuncTable...
Generating docs for compound luisa::compute::DirectXHeap...
Generating docs for compound luisa::compute::DMLGraph...
Generating docs for compound luisa::compute::DrawRasterSceneCommand...
Generating docs for compound luisa::compute::DStorageExt...
Generating docs for nested compound luisa::compute::DStorageExt::FileCreationInfo...
Generating docs for nested compound luisa::compute::DStorageExt::PinnedMemoryInfo...
Generating docs for compound luisa::compute::DStorageFile...
Generating docs for compound luisa::compute::DStorageFileView...
Generating docs for compound luisa::compute::DStorageReadCommand...
Generating docs for nested compound luisa::compute::DStorageReadCommand::FileSource...
Generating docs for nested compound luisa::compute::DStorageReadCommand::MemorySource...
Generating docs for nested compound luisa::compute::DStorageReadCommand::BufferRequest...
Generating docs for nested compound luisa::compute::DStorageReadCommand::TextureRequest...
Generating docs for nested compound luisa::compute::DStorageReadCommand::MemoryRequest...
Generating docs for compound luisa::compute::DStorageStreamOption...
Generating docs for compound luisa::compute::DxCudaInterop...
Generating docs for compound luisa::compute::DxCudaTimelineEvent...
Generating docs for compound luisa::compute::DXCustomCmd...
Generating docs for nested compound luisa::compute::DXCustomCmd::ResourceUsage...
Generating docs for nested compound luisa::compute::DXCustomCmd::EnhancedResourceUsage...
Generating docs for compound luisa::compute::DXHDRExt...
Generating docs for nested compound luisa::compute::DXHDRExt::DisplayChromaticities...
Generating docs for nested compound luisa::compute::DXHDRExt::DXSwapchainOption...
Generating docs for nested compound luisa::compute::DXHDRExt::Meta...
Generating docs for nested compound luisa::compute::DXHDRExt::DisplayData...
Generating docs for compound luisa::compute::Event...
Generating docs for nested compound luisa::compute::Event::Signal...
Generating docs for nested compound luisa::compute::Event::Wait...
Generating docs for compound luisa::compute::EventStats...
Generating docs for nested compound luisa::compute::EventStats::WaitCmd...
Generating docs for compound luisa::compute::Expr< T >...
Generating docs for compound luisa::compute::Expr< Accel >...
Generating docs for compound luisa::compute::Expr< BindlessArray >...
Generating docs for compound luisa::compute::Expr< Buffer< T > >...
Generating docs for compound luisa::compute::Expr< BufferView< T > >...
Generating docs for compound luisa::compute::Expr< ByteBuffer >...
Generating docs for compound luisa::compute::Expr< CoopVector< T > >...
Generating docs for compound luisa::compute::Expr< Image< T > >...
Generating docs for compound luisa::compute::Expr< ImageView< T > >...
Generating docs for compound luisa::compute::Expr< IndirectDispatchBuffer >...
Generating docs for compound luisa::compute::Expr< Matrix< float, N > >...
Generating docs for compound luisa::compute::Expr< SOA< Matrix< float, N > > >...
Generating docs for compound luisa::compute::Expr< SOA< std::array< T, N > > >...
Generating docs for compound luisa::compute::Expr< SOA< T > >...
Generating docs for compound luisa::compute::Expr< SOA< T[N]> >...
Generating docs for compound luisa::compute::Expr< SOA< Vector< T, 2 > > >...
Generating docs for compound luisa::compute::Expr< SOA< Vector< T, 3 > > >...
Generating docs for compound luisa::compute::Expr< SOA< Vector< T, 4 > > >...
Generating docs for compound luisa::compute::Expr< SOAView< T > >...
Generating docs for compound luisa::compute::Expr< std::array< T, N > >...
Generating docs for compound luisa::compute::Expr< std::tuple< T... > >...
Generating docs for compound luisa::compute::Expr< T[N]>...
Generating docs for compound luisa::compute::Expr< Vector< T, 2 > >...
Generating docs for compound luisa::compute::Expr< Vector< T, 3 > >...
Generating docs for compound luisa::compute::Expr< Vector< T, 4 > >...
Generating docs for compound luisa::compute::Expr< Volume< T > >...
Generating docs for compound luisa::compute::Expr< VolumeView< T > >...
Generating docs for compound luisa::compute::Expression...
Generating docs for compound luisa::compute::ExprStmt...
Generating docs for compound luisa::compute::ExprVisitor...
Generating docs for compound luisa::compute::ExternalCallable< T >...
Generating docs for compound luisa::compute::ExternalCallable< Ret(Args...)>...
Generating docs for compound luisa::compute::ExternalFunction...
Generating docs for compound luisa::compute::ForStmt...
Generating docs for compound luisa::compute::Framerate...
Generating docs for compound luisa::compute::FuncRefExpr...
Generating docs for compound luisa::compute::Function...
Generating docs for nested compound luisa::compute::Function::BufferBinding...
Generating docs for nested compound luisa::compute::Function::TextureBinding...
Generating docs for nested compound luisa::compute::Function::BindlessArrayBinding...
Generating docs for nested compound luisa::compute::Function::AccelBinding...
Generating docs for compound luisa::compute::FusedActivation...
Generating docs for compound luisa::compute::Generator< R, Args >...
Generating docs for compound luisa::compute::GpuCustomOpExpr...
Generating docs for compound luisa::compute::IfStmt...
Generating docs for compound luisa::compute::Image< T >...
Generating docs for compound luisa::compute::ImageView< T >...
Generating docs for compound luisa::compute::ImGuiWindow...
Generating docs for nested compound luisa::compute::ImGuiWindow::Config...
Generating docs for nested compound luisa::compute::ImGuiWindow::Impl...
Generating docs for compound luisa::compute::IndexBufferView...
Generating docs for compound luisa::compute::IndirectDispatchArg...
Generating docs for compound luisa::compute::IndirectKernelDispatch...
Generating docs for compound luisa::compute::is_array< T >...
Generating docs for compound luisa::compute::is_array< std::array< T, N > >...
Generating docs for compound luisa::compute::is_array< T[N]>...
Generating docs for compound luisa::compute::is_byte_buffer< T >...
Generating docs for compound luisa::compute::is_byte_buffer_or_view< T >...
Generating docs for compound luisa::compute::is_byte_buffer_view< T >...
Generating docs for compound luisa::compute::is_callable< T >...
Generating docs for compound luisa::compute::is_callable< Callable< T > >...
Generating docs for compound luisa::compute::is_callable< RasterStageKernel< T > >...
Generating docs for compound luisa::compute::is_custom_struct< T >...
Generating docs for compound luisa::compute::is_kernel< T >...
Generating docs for compound luisa::compute::is_kernel< Kernel1D< Args... > >...
Generating docs for compound luisa::compute::is_kernel< Kernel2D< Args... > >...
Generating docs for compound luisa::compute::is_kernel< Kernel3D< Args... > >...
Generating docs for compound luisa::compute::is_kernel< Kernel< N, Args... > >...
Generating docs for compound luisa::compute::is_tuple< T >...
Generating docs for compound luisa::compute::is_tuple< std::tuple< T... > >...
Generating docs for compound luisa::compute::is_var< T >...
Generating docs for compound luisa::compute::JSON...
Generating docs for compound luisa::compute::Kernel< N, Args >...
Generating docs for compound luisa::compute::Kernel1D<... >...
Generating docs for compound luisa::compute::Kernel2D<... >...
Generating docs for compound luisa::compute::Kernel3D<... >...
Generating docs for compound luisa::compute::Lambda< F >...
Generating docs for compound luisa::compute::LiteralExpr...
Generating docs for compound luisa::compute::Local< T >...
Generating docs for compound luisa::compute::LoopStmt...
Generating docs for compound luisa::compute::ManagedAccel...
Generating docs for nested compound luisa::compute::ManagedAccel::Data::MeshRef...
Generating docs for nested compound luisa::compute::ManagedAccel::Data::MD5Hash...
Generating docs for compound luisa::compute::ManagedBindless...
Generating docs for compound luisa::compute::ManagedCollector...
Generating docs for compound luisa::compute::MemberExpr...
Generating docs for compound luisa::compute::Mesh...
Generating docs for compound luisa::compute::MeshBuildCommand...
Generating docs for compound luisa::compute::MeshFormat...
Generating docs for compound luisa::compute::MeshUpdateCmd...
Generating docs for compound luisa::compute::MotionInstance...
Generating docs for compound luisa::compute::MotionInstanceBuildCommand...
Generating docs for compound luisa::compute::MotionInstanceTransform...
Generating docs for compound luisa::compute::MotionInstanceTransformSRT...
Generating docs for compound luisa::compute::MutableCommandVisitor...
Generating docs for compound luisa::compute::NanovdbAccessor...
Generating docs for compound luisa::compute::NativeResourceExt...
Generating docs for compound luisa::compute::PiecewiseLinearCurve...
Generating docs for compound luisa::compute::PinnedMemoryExt...
Generating docs for compound luisa::compute::PinnedMemoryOption...
Generating docs for compound luisa::compute::PixelStorageSizeResult...
Generating docs for compound luisa::compute::Polymorphic< T >...
Generating docs for compound luisa::compute::PrintStmt...
Generating docs for compound luisa::compute::ProceduralCandidate...
Generating docs for compound luisa::compute::ProceduralPrimitive...
Generating docs for compound luisa::compute::ProceduralPrimitiveBuildCommand...
Generating docs for compound luisa::compute::ProceduralUpdateCmd...
Generating docs for compound luisa::compute::Profiler...
Generating docs for compound luisa::compute::PyInterop...
Generating docs for compound luisa::compute::PyStream...
Generating docs for nested compound luisa::compute::PyStream::Data...
Generating docs for compound luisa::compute::RasterDispatchCmdEncoder...
Generating docs for compound luisa::compute::RasterExt...
Generating docs for compound luisa::compute::RasterKernel< VertCallable, PixelCallable >...
Generating docs for compound luisa::compute::RasterKernel< RasterStageKernel< VertRet(MeshInput, VertArgs...)>, RasterStageKernel< PixelRet(VertRet, PixelArgs...)> >...
Generating docs for compound luisa::compute::RasterMesh...
Generating docs for compound luisa::compute::RasterShader< Args >...
Generating docs for compound luisa::compute::RasterStageKernel< T >...
Generating docs for compound luisa::compute::RasterStageKernel< Ret(Args...)>...
Generating docs for compound luisa::compute::RasterState...
Generating docs for compound luisa::compute::Ray...
Generating docs for compound luisa::compute::RayQueryStmt...
Generating docs for compound luisa::compute::RefCounter...
Generating docs for compound luisa::compute::RefExpr...
Generating docs for compound luisa::compute::RemoteDeviceConfigExt...
Generating docs for compound luisa::compute::Resource...
Generating docs for compound luisa::compute::ResourceCreationInfo...
Generating docs for compound luisa::compute::ResourceGenerator...
Generating docs for compound luisa::compute::ReturnStmt...
Generating docs for compound luisa::compute::Sampler...
Generating docs for compound luisa::compute::ScopeStmt...
Generating docs for compound luisa::compute::Shader< dimension, Args >...
Generating docs for compound luisa::compute::ShaderBase...
Generating docs for compound luisa::compute::ShaderCreationInfo...
Generating docs for compound luisa::compute::ShaderDispatchCmdEncoder...
Generating docs for compound luisa::compute::ShaderDispatchCommand...
Generating docs for compound luisa::compute::ShaderDispatchCommandBase...
Generating docs for compound luisa::compute::ShaderOption...
Generating docs for compound luisa::compute::Shared< T >...
Generating docs for compound luisa::compute::SIMDDeviceConfigExt...
Generating docs for compound luisa::compute::SOA< T >...
Generating docs for compound luisa::compute::SOAView< T >...
Generating docs for compound luisa::compute::SOAView< Matrix< float, N > >...
Generating docs for compound luisa::compute::SOAView< std::array< T, N > >...
Generating docs for compound luisa::compute::SOAView< T[N]>...
Generating docs for compound luisa::compute::SOAView< Vector< T, 2 > >...
Generating docs for compound luisa::compute::SOAView< Vector< T, 3 > >...
Generating docs for compound luisa::compute::SOAView< Vector< T, 4 > >...
Generating docs for compound luisa::compute::SparseBuffer< T >...
Generating docs for compound luisa::compute::SparseBufferCreationInfo...
Generating docs for compound luisa::compute::SparseBufferHeap...
Generating docs for compound luisa::compute::SparseBufferMapOperation...
Generating docs for compound luisa::compute::SparseBufferUnMapOperation...
Generating docs for compound luisa::compute::SparseCommandList...
Generating docs for compound luisa::compute::SparseCommandListCommit...
Generating docs for compound luisa::compute::SparseImage< T >...
Generating docs for compound luisa::compute::SparseTexture...
Generating docs for compound luisa::compute::SparseTextureCreationInfo...
Generating docs for compound luisa::compute::SparseTextureHeap...
Generating docs for compound luisa::compute::SparseTextureMapOperation...
Generating docs for compound luisa::compute::SparseTextureUnMapOperation...
Generating docs for compound luisa::compute::SparseUpdateTile...
Generating docs for compound luisa::compute::SparseVolume< T >...
Generating docs for compound luisa::compute::Statement...
Generating docs for compound luisa::compute::StatsExt...
Generating docs for compound luisa::compute::std_make_literal_value< T >...
Generating docs for compound luisa::compute::std_make_literal_value< std::tuple< T... > >...
Generating docs for compound luisa::compute::StencilFaceOp...
Generating docs for compound luisa::compute::StencilState...
Generating docs for compound luisa::compute::StmtVisitor...
Generating docs for compound luisa::compute::Stream...
Generating docs for nested compound luisa::compute::Stream::Commit...
Generating docs for nested compound luisa::compute::Stream::Synchronize...
Generating docs for nested compound luisa::compute::Stream::Delegate...
Generating docs for compound luisa::compute::StreamStats...
Generating docs for compound luisa::compute::StreamStatsScope...
Generating docs for compound luisa::compute::StringIDExpr...
Generating docs for compound luisa::compute::struct_member_tuple< T >...
Generating docs for compound luisa::compute::struct_member_tuple< Matrix< T, N > >...
Generating docs for compound luisa::compute::struct_member_tuple< std::array< T, N > >...
Generating docs for compound luisa::compute::struct_member_tuple< std::tuple< T... > >...
Generating docs for compound luisa::compute::struct_member_tuple< T[N]>...
Generating docs for compound luisa::compute::struct_member_tuple< Vector< T, N > >...
Generating docs for compound luisa::compute::SurfaceCandidate...
Generating docs for compound luisa::compute::SurfaceHit...
Generating docs for compound luisa::compute::SuspendStmt...
Generating docs for compound luisa::compute::Swapchain...
Generating docs for compound luisa::compute::SwapchainCreationInfo...
Generating docs for compound luisa::compute::SwapchainOption...
Generating docs for compound luisa::compute::SwapchainPresent...
Generating docs for compound luisa::compute::SwitchCaseStmt...
Generating docs for compound luisa::compute::SwitchDefaultStmt...
Generating docs for compound luisa::compute::SwitchStmt...
Generating docs for compound luisa::compute::TexCompressExt...
Generating docs for compound luisa::compute::TextureCopyCommand...
Generating docs for compound luisa::compute::TextureDownloadCommand...
Generating docs for compound luisa::compute::TextureToBufferCopyCommand...
Generating docs for compound luisa::compute::TextureUploadCommand...
Generating docs for compound luisa::compute::TimelineEvent...
Generating docs for compound luisa::compute::Triangle...
Generating docs for compound luisa::compute::tuple_join< T >...
Generating docs for compound luisa::compute::tuple_join< std::tuple< A... > >...
Generating docs for compound luisa::compute::tuple_join< std::tuple< A... >, std::tuple< B... >, C... >...
Generating docs for compound luisa::compute::Type...
Generating docs for compound luisa::compute::TypeIDExpr...
Generating docs for compound luisa::compute::TypePromotion...
Generating docs for compound luisa::compute::TypeVisitor...
Generating docs for compound luisa::compute::TypeVisitorAdapter...
Generating docs for compound luisa::compute::UnaryExpr...
Generating docs for compound luisa::compute::ValidationLayer...
Generating docs for compound luisa::compute::Var< T >...
Generating docs for compound luisa::compute::Var< Accel >...
Generating docs for compound luisa::compute::Var< BindlessArray >...
Generating docs for compound luisa::compute::Var< Buffer< T > >...
Generating docs for compound luisa::compute::Var< BufferView< T > >...
Generating docs for compound luisa::compute::Var< ByteBuffer >...
Generating docs for compound luisa::compute::Var< Image< T > >...
Generating docs for compound luisa::compute::Var< ImageView< T > >...
Generating docs for compound luisa::compute::Var< IndirectDispatchBuffer >...
Generating docs for compound luisa::compute::Var< SOA< T > >...
Generating docs for compound luisa::compute::Var< SOAView< T > >...
Generating docs for compound luisa::compute::Var< Volume< T > >...
Generating docs for compound luisa::compute::Var< VolumeView< T > >...
Generating docs for compound luisa::compute::Variable...
Generating docs for compound luisa::compute::VertexAttribute...
Generating docs for compound luisa::compute::VertexBufferView...
Generating docs for compound luisa::compute::Viewport...
Generating docs for compound luisa::compute::VkCudaInterop...
Generating docs for compound luisa::compute::VKCustomCmd...
Generating docs for nested compound luisa::compute::VKCustomCmd::ResourceUsage...
Generating docs for compound luisa::compute::VolkInitializer...
Generating docs for compound luisa::compute::Volume< T >...
Generating docs for compound luisa::compute::VolumeView< T >...
Generating docs for compound luisa::compute::VulkanDeviceConfigExt...
Generating docs for nested compound luisa::compute::VulkanDeviceConfigExt::ExternalDevice...
Generating docs for nested compound luisa::compute::VulkanDeviceConfigExt::ExternalDevice::RequiredFeatures...
Generating docs for nested compound luisa::compute::VulkanDeviceConfigExt::VulkanLibPath...
Generating docs for compound luisa::compute::VulkanSwapchain...
Generating docs for compound luisa::compute::Window...
Generating docs for nested compound luisa::compute::Window::NativeHandle...
Generating docs for nested compound luisa::compute::Window::IWindowImpl...
Generating docs for concept luisa::compute::device_extension...
Generating docs for namespace luisa::compute::coro
Generating docs for compound luisa::compute::coro::CompactionResult...
Generating docs for compound luisa::compute::coro::CoroFrameIOPlan...
Generating docs for compound luisa::compute::coro::CoroFrameIOPlanConfig...
Generating docs for compound luisa::compute::coro::CoroFrameRelocationFieldPartition...
Generating docs for compound luisa::compute::coro::CoroFrameSharedStorage...
Generating docs for compound luisa::compute::coro::CoroFrameStorageLayout...
Generating docs for compound luisa::compute::coro::CoroGraph...
Generating docs for nested compound luisa::compute::coro::CoroGraph::Node...
Generating docs for nested compound luisa::compute::coro::CoroGraph::Edge...
Generating docs for nested compound luisa::compute::coro::CoroGraph::SlotSet...
Generating docs for nested compound luisa::compute::coro::CoroGraph::Stage...
Generating docs for nested compound luisa::compute::coro::CoroGraph::Boundary...
Generating docs for compound luisa::compute::coro::CoroScheduler< Args >...
Generating docs for compound luisa::compute::coro::CoroSlotAccess...
Generating docs for nested compound luisa::compute::coro::CoroSlotAccess::Piece...
Generating docs for compound luisa::compute::coro::GraphWavefrontAction...
Generating docs for compound luisa::compute::coro::GraphWavefrontCoroDispatchStats...
Generating docs for compound luisa::compute::coro::GraphWavefrontCoroScheduler< Args >...
Generating docs for compound luisa::compute::coro::GraphWavefrontCoroSchedulerConfig...
Generating docs for compound luisa::compute::coro::GraphWavefrontMarkovModel...
Generating docs for compound luisa::compute::coro::GraphWavefrontPopulation...
Generating docs for compound luisa::compute::coro::MultiSplitResult...
Generating docs for compound luisa::compute::coro::PersistentThreadsCoroScheduler< Args >...
Generating docs for compound luisa::compute::coro::PersistentThreadsCoroSchedulerConfig...
Generating docs for compound luisa::compute::coro::StateMachineCoroScheduler< Args >...
Generating docs for compound luisa::compute::coro::StateMachineCoroSchedulerConfig...
Generating docs for compound luisa::compute::coro::WavefrontCoroAuxiliaryProducer...
Generating docs for compound luisa::compute::coro::WavefrontCoroAuxiliaryStats...
Generating docs for compound luisa::compute::coro::WavefrontCoroAuxiliaryWork< Args >...
Generating docs for compound luisa::compute::coro::WavefrontCoroContinuationBlockSize...
Generating docs for compound luisa::compute::coro::WavefrontCoroContinuationStats...
Generating docs for compound luisa::compute::coro::WavefrontCoroDispatchStats...
Generating docs for compound luisa::compute::coro::WavefrontCoroExtensionDispatchContext...
Generating docs for compound luisa::compute::coro::WavefrontCoroExtensionPrepareContext...
Generating docs for compound luisa::compute::coro::WavefrontCoroExtensionStage...
Generating docs for compound luisa::compute::coro::WavefrontCoroExtensionStats...
Generating docs for compound luisa::compute::coro::WavefrontCoroScheduler< Args >...
Generating docs for compound luisa::compute::coro::WavefrontCoroSchedulerConfig...
Generating docs for compound luisa::compute::coro::WavefrontCoroSchedulerExtensionHandler...
Generating docs for compound luisa::compute::coro::WavefrontCoroShaderInfo...
Generating docs for compound luisa::compute::coro::detail::CoroSchedulerInvoke< Args >...
Generating docs for compound luisa::compute::coro::detail::CoroSchedulerDispatch...
Generating docs for compound luisa::compute::coro::radix_sort::temp_storage...
Generating docs for compound luisa::compute::coro::radix_sort::temp_storage_view...
Generating docs for compound luisa::compute::coro::radix_sort::instance< Args >...
Generating docs for compound luisa::compute::dsl::coro_suspend_detail::RecordedCoroSuspendExtension< IsAnnotation >...
Generating docs for compound luisa::compute::cuda::CudaLCubCommand...
Generating docs for compound luisa::compute::cuda::dcub::KeyValuePair< _Key, _Value >...
Generating docs for compound luisa::compute::cuda::dcub::Equality...
Generating docs for compound luisa::compute::cuda::dcub::Max...
Generating docs for compound luisa::compute::cuda::dcub::Min...
Generating docs for compound luisa::compute::cuda::lcub::DeviceMergeSort...
Generating docs for compound luisa::compute::cuda::lcub::DevicePartition...
Generating docs for compound luisa::compute::cuda::lcub::DeviceRadixSort...
Generating docs for compound luisa::compute::cuda::lcub::DeviceReduce...
Generating docs for compound luisa::compute::cuda::lcub::DeviceRunLengthEncode...
Generating docs for compound luisa::compute::cuda::lcub::DeviceScan...
Generating docs for compound luisa::compute::cuda::lcub::DeviceSelect...
Generating docs for compound luisa::compute::cuda::lcub::DeviceSpmv...
Generating docs for namespace luisa::compute::detail
Generating docs for compound luisa::compute::detail::AccelExprProxy...
Generating docs for compound luisa::compute::detail::ArgumentCreation...
Generating docs for compound luisa::compute::detail::AtomicRef< T >...
Generating docs for compound luisa::compute::detail::AtomicRef< Matrix< float, N > >...
Generating docs for compound luisa::compute::detail::AtomicRef< std::array< T, N > & >...
Generating docs for compound luisa::compute::detail::AtomicRef< std::array< T, N > >...
Generating docs for compound luisa::compute::detail::AtomicRef< std::tuple< Ts... > >...
Generating docs for compound luisa::compute::detail::AtomicRef< T >...
Generating docs for compound luisa::compute::detail::AtomicRef< Vector< T, 2 > >...
Generating docs for compound luisa::compute::detail::AtomicRef< Vector< T, 3 > >...
Generating docs for compound luisa::compute::detail::AtomicRef< Vector< T, 4 > >...
Generating docs for compound luisa::compute::detail::AtomicRefBase...
Generating docs for compound luisa::compute::detail::AtomicRefNode...
Generating docs for compound luisa::compute::detail::AutoDiffStmtBuilder...
Generating docs for compound luisa::compute::detail::BindlessArrayExprProxy...
Generating docs for compound luisa::compute::detail::BindlessBuffer< T >...
Generating docs for compound luisa::compute::detail::BindlessByteBuffer...
Generating docs for compound luisa::compute::detail::BindlessTexture2D...
Generating docs for compound luisa::compute::detail::BindlessTexture3D...
Generating docs for compound luisa::compute::detail::buffer_element_impl< T >...
Generating docs for compound luisa::compute::detail::buffer_element_impl< Buffer< T > >...
Generating docs for compound luisa::compute::detail::buffer_element_impl< BufferView< T > >...
Generating docs for compound luisa::compute::detail::buffer_element_impl< SparseBuffer< T > >...
Generating docs for compound luisa::compute::detail::BufferExprAsAtomic< T >...
Generating docs for compound luisa::compute::detail::BufferExprAsAtomic< T >...
Generating docs for compound luisa::compute::detail::BufferExprProxy< T >...
Generating docs for compound luisa::compute::detail::ByteBufferExprProxy...
Generating docs for compound luisa::compute::detail::c_array_to_std_array< T >...
Generating docs for compound luisa::compute::detail::c_array_to_std_array< T[N]>...
Generating docs for compound luisa::compute::detail::CallableInvoke< Args >...
Generating docs for compound luisa::compute::detail::CallableOutliner...
Generating docs for compound luisa::compute::detail::CallableTypeChecker< T >...
Generating docs for compound luisa::compute::detail::CallableTypeChecker< Ret(Args...)>...
Generating docs for compound luisa::compute::detail::canonical_signature< F >...
Generating docs for compound luisa::compute::detail::canonical_signature< Ret(*)(Args...)>...
Generating docs for compound luisa::compute::detail::canonical_signature< Ret(Args...)>...
Generating docs for compound luisa::compute::detail::ConstantContainer...
Generating docs for compound luisa::compute::detail::ContextImpl...
Generating docs for compound luisa::compute::detail::CoroAwaiter...
Generating docs for compound luisa::compute::detail::CoroutineCompileResult...
Generating docs for compound luisa::compute::detail::definition_to_prototype< T >...
Generating docs for compound luisa::compute::detail::definition_to_prototype< const Var< T > & >...
Generating docs for compound luisa::compute::detail::definition_to_prototype< Var< T > & >...
Generating docs for compound luisa::compute::detail::definition_to_prototype< Var< T > >...
Generating docs for compound luisa::compute::detail::dimension_impl< T >...
Generating docs for compound luisa::compute::detail::dimension_impl< Matrix< T, N > >...
Generating docs for compound luisa::compute::detail::dimension_impl< std::array< T, N > >...
Generating docs for compound luisa::compute::detail::dimension_impl< std::tuple< T... > >...
Generating docs for compound luisa::compute::detail::dimension_impl< T[N]>...
Generating docs for compound luisa::compute::detail::dimension_impl< Vector< T, N > >...
Generating docs for compound luisa::compute::detail::dsl_function< T >...
Generating docs for compound luisa::compute::detail::dsl_function< Callable< T > >...
Generating docs for compound luisa::compute::detail::dsl_function< function_signature< Ret, Args... > >...
Generating docs for compound luisa::compute::detail::dsl_function< function_signature< std::pair< RA, RB >, Args... > >...
Generating docs for compound luisa::compute::detail::dsl_function< function_signature< std::tuple< Ret... >, Args... > >...
Generating docs for compound luisa::compute::detail::dsl_function< function_signature< void, Args... > >...
Generating docs for compound luisa::compute::detail::dsl_function< Kernel1D< T > >...
Generating docs for compound luisa::compute::detail::dsl_function< Kernel2D< T > >...
Generating docs for compound luisa::compute::detail::dsl_function< Kernel3D< T > >...
Generating docs for compound luisa::compute::detail::dsl_function< RasterStageKernel< T > >...
Generating docs for compound luisa::compute::detail::expr_value_impl< T >...
Generating docs for compound luisa::compute::detail::expr_value_impl< CoroFrameIdProxy >...
Generating docs for compound luisa::compute::detail::expr_value_impl< Expr< T > >...
Generating docs for compound luisa::compute::detail::expr_value_impl< Ref< T > >...
Generating docs for compound luisa::compute::detail::expr_value_impl< Var< T > >...
Generating docs for compound luisa::compute::detail::ExprEnableBitwiseCast< T >...
Generating docs for compound luisa::compute::detail::ExprEnableGetMemberByIndex< T >...
Generating docs for compound luisa::compute::detail::ExprEnableStaticCast< T >...
Generating docs for compound luisa::compute::detail::ExprEnableSubscriptAccess< T >...
Generating docs for compound luisa::compute::detail::ForRange< T, has_step >...
Generating docs for nested compound luisa::compute::detail::ForRange< T, has_step >::ForRangeEnd...
Generating docs for nested compound luisa::compute::detail::ForRange< T, has_step >::ForRangeIter...
Generating docs for compound luisa::compute::detail::FuncBuilderEqual...
Generating docs for compound luisa::compute::detail::FuncBuilderHash...
Generating docs for compound luisa::compute::detail::FunctionBuilder...
Generating docs for nested compound luisa::compute::detail::FunctionBuilder::ScopeGuard...
Generating docs for nested compound luisa::compute::detail::FunctionBuilder::FunctionStackGuard...
Generating docs for nested compound luisa::compute::detail::FunctionBuilder::SuspendExtensionRecorder...
Generating docs for compound luisa::compute::detail::FunctionDuplicator...
Generating docs for compound luisa::compute::detail::GUIVertex...
Generating docs for compound luisa::compute::detail::IfStmtBuilder...
Generating docs for compound luisa::compute::detail::image_element_impl< ImageOrView >...
Generating docs for compound luisa::compute::detail::image_element_impl< Image< T > >...
Generating docs for compound luisa::compute::detail::image_element_impl< ImageView< T > >...
Generating docs for compound luisa::compute::detail::ImageExprProxy< T >...
Generating docs for compound luisa::compute::detail::IndirectDispatchBufferExprProxy...
Generating docs for compound luisa::compute::detail::InlineRayQuery< terminate_on_first >...
Generating docs for compound luisa::compute::detail::is_buffer_impl< T >...
Generating docs for compound luisa::compute::detail::is_buffer_impl< Buffer< T > >...
Generating docs for compound luisa::compute::detail::is_buffer_impl< ByteBuffer >...
Generating docs for compound luisa::compute::detail::is_buffer_impl< SparseBuffer< T > >...
Generating docs for compound luisa::compute::detail::is_buffer_view_impl< T >...
Generating docs for compound luisa::compute::detail::is_buffer_view_impl< BufferView< T > >...
Generating docs for compound luisa::compute::detail::is_buffer_view_impl< ByteBufferView >...
Generating docs for compound luisa::compute::detail::is_dsl_impl< T >...
Generating docs for compound luisa::compute::detail::is_dsl_impl< CoroFrameIdProxy >...
Generating docs for compound luisa::compute::detail::is_dsl_impl< Expr< T > >...
Generating docs for compound luisa::compute::detail::is_dsl_impl< Ref< T > >...
Generating docs for compound luisa::compute::detail::is_dsl_impl< Var< T > >...
Generating docs for compound luisa::compute::detail::is_dsl_kernel< T >...
Generating docs for compound luisa::compute::detail::is_dsl_kernel< Kernel1D< Args... > >...
Generating docs for compound luisa::compute::detail::is_dsl_kernel< Kernel2D< Args... > >...
Generating docs for compound luisa::compute::detail::is_dsl_kernel< Kernel3D< Args... > >...
Generating docs for compound luisa::compute::detail::is_dsl_kernel< Kernel< N, Args... > >...
Generating docs for compound luisa::compute::detail::is_dsl_local_array_impl< T >...
Generating docs for compound luisa::compute::detail::is_dsl_local_array_impl< Local< T > >...
Generating docs for compound luisa::compute::detail::is_image_impl< T >...
Generating docs for compound luisa::compute::detail::is_image_impl< Image< T > >...
Generating docs for compound luisa::compute::detail::is_image_impl< SparseImage< T > >...
Generating docs for compound luisa::compute::detail::is_image_view_impl< T >...
Generating docs for compound luisa::compute::detail::is_image_view_impl< ImageView< T > >...
Generating docs for compound luisa::compute::detail::is_soa_expr_impl< T >...
Generating docs for compound luisa::compute::detail::is_soa_expr_impl< SOA< T > >...
Generating docs for compound luisa::compute::detail::is_soa_expr_impl< SOAView< T > >...
Generating docs for compound luisa::compute::detail::is_sparse_image_impl< T >...
Generating docs for compound luisa::compute::detail::is_sparse_image_impl< SparseImage< T > >...
Generating docs for compound luisa::compute::detail::is_sparse_volume_impl< T >...
Generating docs for compound luisa::compute::detail::is_sparse_volume_impl< SparseVolume< T > >...
Generating docs for compound luisa::compute::detail::is_stream_event_impl< T >...
Generating docs for compound luisa::compute::detail::is_valid_reflection< S, Members, offsets >...
Generating docs for compound luisa::compute::detail::is_valid_reflection< S, std::tuple< M... >, std::integer_sequence< O, os... > >...
Generating docs for compound luisa::compute::detail::is_var_impl< typename >...
Generating docs for compound luisa::compute::detail::is_var_impl< Var< T > >...
Generating docs for compound luisa::compute::detail::is_volume_impl< T >...
Generating docs for compound luisa::compute::detail::is_volume_impl< SparseVolume< T > >...
Generating docs for compound luisa::compute::detail::is_volume_impl< Volume< T > >...
Generating docs for compound luisa::compute::detail::is_volume_view_impl< T >...
Generating docs for compound luisa::compute::detail::is_volume_view_impl< VolumeView< T > >...
Generating docs for compound luisa::compute::detail::linear_layout_impl< L, T >...
Generating docs for compound luisa::compute::detail::linear_layout_impl< std::tuple< L... >, std::tuple< T... > >...
Generating docs for compound luisa::compute::detail::LiteralValue...
Generating docs for compound luisa::compute::detail::LoopStmtBuilder...
Generating docs for compound luisa::compute::detail::make_literal_value< Args >...
Generating docs for compound luisa::compute::detail::make_literal_value< std::tuple< T... >, Others... >...
Generating docs for compound luisa::compute::detail::MipmapView...
Generating docs for compound luisa::compute::detail::MulMatMatCallable< T, dim >...
Generating docs for compound luisa::compute::detail::MulMatVecCallable< T, dim >...
Generating docs for compound luisa::compute::detail::NativeInputEvent...
Generating docs for compound luisa::compute::detail::NativeInputState...
Generating docs for compound luisa::compute::detail::NativeWindowHost...
Generating docs for compound luisa::compute::detail::NativeWindowImpl...
Generating docs for compound luisa::compute::detail::PixelDst< T >...
Generating docs for compound luisa::compute::detail::PixelDst< Image< T > >...
Generating docs for compound luisa::compute::detail::PixelDst< ImageView< T > >...
Generating docs for compound luisa::compute::detail::prototype_to_callable_invocation< T >...
Generating docs for compound luisa::compute::detail::prototype_to_callable_invocation< const T & >...
Generating docs for compound luisa::compute::detail::prototype_to_callable_invocation< T & >...
Generating docs for compound luisa::compute::detail::prototype_to_creation< T >...
Generating docs for compound luisa::compute::detail::prototype_to_creation< const T & >...
Generating docs for compound luisa::compute::detail::prototype_to_creation< T & >...
Generating docs for compound luisa::compute::detail::prototype_to_creation_tag< T >...
Generating docs for compound luisa::compute::detail::prototype_to_creation_tag< const T & >...
Generating docs for compound luisa::compute::detail::prototype_to_creation_tag< T & >...
Generating docs for compound luisa::compute::detail::prototype_to_shader_invocation< T >...
Generating docs for compound luisa::compute::detail::prototype_to_shader_invocation< Buffer< T > >...
Generating docs for compound luisa::compute::detail::prototype_to_shader_invocation< ByteBuffer >...
Generating docs for compound luisa::compute::detail::prototype_to_shader_invocation< Image< T > >...
Generating docs for compound luisa::compute::detail::prototype_to_shader_invocation< SOA< T > >...
Generating docs for compound luisa::compute::detail::prototype_to_shader_invocation< Volume< T > >...
Generating docs for compound luisa::compute::detail::RasterShaderInvoke...
Generating docs for compound luisa::compute::detail::RayQueryBase< terminate_on_first >...
Generating docs for compound luisa::compute::detail::RayQueryProceduralProxy< terminate_on_first >...
Generating docs for compound luisa::compute::detail::RayQueryProxy< terminate_on_first >...
Generating docs for compound luisa::compute::detail::RayQuerySurfaceProxy< terminate_on_first >...
Generating docs for compound luisa::compute::detail::Ref< T >...
Generating docs for compound luisa::compute::detail::Ref< Matrix< float, N > >...
Generating docs for compound luisa::compute::detail::Ref< std::array< T, N > >...
Generating docs for compound luisa::compute::detail::Ref< std::tuple< T... > >...
Generating docs for compound luisa::compute::detail::Ref< T[N]>...
Generating docs for compound luisa::compute::detail::Ref< Vector< T, 2 > >...
Generating docs for compound luisa::compute::detail::Ref< Vector< T, 3 > >...
Generating docs for compound luisa::compute::detail::Ref< Vector< T, 4 > >...
Generating docs for compound luisa::compute::detail::RefEnableGetAddress< T >...
Generating docs for compound luisa::compute::detail::RefEnableGetMemberByIndex< T >...
Generating docs for compound luisa::compute::detail::RefEnableSubscriptAccess< T >...
Generating docs for compound luisa::compute::detail::ReferenceArgumentCreation...
Generating docs for compound luisa::compute::detail::shader_argument_encode_count< T >...
Generating docs for compound luisa::compute::detail::shader_argument_encode_count< SOA< T > >...
Generating docs for compound luisa::compute::detail::shader_argument_encode_count< SOAView< T > >...
Generating docs for compound luisa::compute::detail::ShaderInvoke< dim >...
Generating docs for compound luisa::compute::detail::ShaderInvoke< 1 >...
Generating docs for compound luisa::compute::detail::ShaderInvoke< 2 >...
Generating docs for compound luisa::compute::detail::ShaderInvoke< 3 >...
Generating docs for compound luisa::compute::detail::ShaderInvokeBase...
Generating docs for compound luisa::compute::detail::SharedAsAtomic< T >...
Generating docs for compound luisa::compute::detail::SharedAsAtomic< T >...
Generating docs for compound luisa::compute::detail::SOAExprBase...
Generating docs for compound luisa::compute::detail::SOAViewBase< T >...
Generating docs for compound luisa::compute::detail::SparseBufferTileRegionPlan...
Generating docs for compound luisa::compute::detail::SparseBufferTileRegionRequest...
Generating docs for compound luisa::compute::detail::SparseTextureTileAxisPlan...
Generating docs for compound luisa::compute::detail::SparseTextureTileRegion...
Generating docs for compound luisa::compute::detail::SparseTextureTileRegionPlan...
Generating docs for compound luisa::compute::detail::SparseTextureTileRegionRequest...
Generating docs for compound luisa::compute::detail::SparseTileAllocationPlan...
Generating docs for compound luisa::compute::detail::StaticBackendRegistration...
Generating docs for compound luisa::compute::detail::StaticBackendRegistry...
Generating docs for compound luisa::compute::detail::StmtBodyInvoke...
Generating docs for compound luisa::compute::detail::SwitchCaseStmtBuilder...
Generating docs for compound luisa::compute::detail::SwitchDefaultStmtBuilder...
Generating docs for compound luisa::compute::detail::SwitchStmtBuilder...
Generating docs for compound luisa::compute::detail::TypeDesc< T >...
Generating docs for compound luisa::compute::detail::TypeDesc< Accel >...
Generating docs for compound luisa::compute::detail::TypeDesc< BindlessArray >...
Generating docs for compound luisa::compute::detail::TypeDesc< Buffer< T > >...
Generating docs for compound luisa::compute::detail::TypeDesc< BufferView< T > >...
Generating docs for compound luisa::compute::detail::TypeDesc< ByteBuffer >...
Generating docs for compound luisa::compute::detail::TypeDesc< float2x2 >...
Generating docs for compound luisa::compute::detail::TypeDesc< float3x3 >...
Generating docs for compound luisa::compute::detail::TypeDesc< float4x4 >...
Generating docs for compound luisa::compute::detail::TypeDesc< Image< float > >...
Generating docs for compound luisa::compute::detail::TypeDesc< Image< int > >...
Generating docs for compound luisa::compute::detail::TypeDesc< Image< uint > >...
Generating docs for compound luisa::compute::detail::TypeDesc< ImageView< T > >...
Generating docs for compound luisa::compute::detail::TypeDesc< long >...
Generating docs for compound luisa::compute::detail::TypeDesc< std::array< T, N > >...
Generating docs for compound luisa::compute::detail::TypeDesc< std::tuple< T... > >...
Generating docs for compound luisa::compute::detail::TypeDesc< T >...
Generating docs for compound luisa::compute::detail::TypeDesc< T[N]>...
Generating docs for compound luisa::compute::detail::TypeDesc< unsigned long >...
Generating docs for compound luisa::compute::detail::TypeDesc< Volume< float > >...
Generating docs for compound luisa::compute::detail::TypeDesc< Volume< int > >...
Generating docs for compound luisa::compute::detail::TypeDesc< Volume< uint > >...
Generating docs for compound luisa::compute::detail::TypeDesc< VolumeView< T > >...
Generating docs for compound luisa::compute::detail::TypeImpl...
Generating docs for compound luisa::compute::detail::TypeRegistry...
Generating docs for nested compound luisa::compute::detail::TypeRegistry::TypeDescAndHash...
Generating docs for nested compound luisa::compute::detail::TypeRegistry::TypeHash...
Generating docs for compound luisa::compute::detail::vectorized< T, N >...
Generating docs for compound luisa::compute::detail::vectorized< T, 1u >...
Generating docs for compound luisa::compute::detail::vectorized_dimension< T >...
Generating docs for compound luisa::compute::detail::vectorized_dimension< First, Other... >...
Generating docs for compound luisa::compute::detail::vectorized_dimension< T >...
Generating docs for compound luisa::compute::detail::volume_element_impl< VolumeOrView >...
Generating docs for compound luisa::compute::detail::volume_element_impl< Volume< T > >...
Generating docs for compound luisa::compute::detail::volume_element_impl< VolumeView< T > >...
Generating docs for compound luisa::compute::detail::VolumeExprProxy< T >...
Generating docs for compound luisa::compute::detail::WhileStmtBuilder...
Generating docs for compound luisa::compute::detail::WindowImpl...
Generating docs for concept luisa::compute::detail::vector_expr_compatible...
Generating docs for compound luisa::compute::dsl::CoroSuspendExtensionBuilder< IsAnnotation >...
Generating docs for compound luisa::compute::dsl::SortCoroSuspendAnnotation...
Generating docs for compound luisa::compute::dsl::coro_suspend_detail::RecordedCoroSuspendExtension< IsAnnotation >...
Generating docs for compound luisa::compute::dx_cuda_interop::Signal...
Generating docs for compound luisa::compute::dx_cuda_interop::Wait...
Generating docs for compound luisa::compute::metal::Metal4DeviceConformanceResult...
Generating docs for compound luisa::compute::osl::ClosureType...
Generating docs for compound luisa::compute::osl::Hint...
Generating docs for compound luisa::compute::osl::Instruction...
Generating docs for compound luisa::compute::osl::Literal...
Generating docs for compound luisa::compute::osl::OSOParser...
Generating docs for nested compound luisa::compute::osl::OSOParser::ShaderDecl...
Generating docs for compound luisa::compute::osl::Shader...
Generating docs for nested compound luisa::compute::osl::Shader::CodeMarker...
Generating docs for compound luisa::compute::osl::SimpleType...
Generating docs for compound luisa::compute::osl::StructType...
Generating docs for nested compound luisa::compute::osl::StructType::Field...
Generating docs for compound luisa::compute::osl::Symbol...
Generating docs for compound luisa::compute::osl::Type...
Generating docs for compound luisa::compute::simd::reference::LaneReadResult< T, Width >...
Generating docs for compound luisa::compute::simd::reference::WarpCollectives< Width >...
Generating docs for compound luisa::compute::tile::AddReduction...
Generating docs for compound luisa::compute::tile::AnalysisManager...
Generating docs for compound luisa::compute::tile::Attribute...
Generating docs for compound luisa::compute::tile::Axis...
Generating docs for compound luisa::compute::tile::Block...
Generating docs for compound luisa::compute::tile::CompileOptions...
Generating docs for compound luisa::compute::tile::Dim...
Generating docs for compound luisa::compute::tile::DimensionContext...
Generating docs for compound luisa::compute::tile::DynamicExtent...
Generating docs for compound luisa::compute::tile::ElementRef< T >...
Generating docs for compound luisa::compute::tile::ExecutionScope...
Generating docs for compound luisa::compute::tile::Extent...
Generating docs for compound luisa::compute::tile::Function...
Generating docs for compound luisa::compute::tile::IndexAxis...
Generating docs for compound luisa::compute::tile::IndexExpr...
Generating docs for compound luisa::compute::tile::IndexMap...
Generating docs for compound luisa::compute::tile::IndexSpace...
Generating docs for compound luisa::compute::tile::IRBuilder...
Generating docs for compound luisa::compute::tile::IRRewriter...
Generating docs for compound luisa::compute::tile::Kernel...
Generating docs for compound luisa::compute::tile::KernelArgument...
Generating docs for compound luisa::compute::tile::KernelDefinition< Signature, F >...
Generating docs for compound luisa::compute::tile::KernelDefinition< void(Args...), F >...
Generating docs for compound luisa::compute::tile::KernelMetadata...
Generating docs for compound luisa::compute::tile::LayoutCorrespondence...
Generating docs for compound luisa::compute::tile::LayoutCorrespondenceProperties...
Generating docs for compound luisa::compute::tile::LayoutProof...
Generating docs for compound luisa::compute::tile::LayoutProperties...
Generating docs for compound luisa::compute::tile::MaxReduction...
Generating docs for compound luisa::compute::tile::Memory< T >...
Generating docs for compound luisa::compute::tile::MemoryRef< T, Rank >...
Generating docs for compound luisa::compute::tile::MinReduction...
Generating docs for compound luisa::compute::tile::MmaPolicy...
Generating docs for compound luisa::compute::tile::Module...
Generating docs for compound luisa::compute::tile::NamedAttribute...
Generating docs for compound luisa::compute::tile::Nest...
Generating docs for compound luisa::compute::tile::NestIterator...
Generating docs for compound luisa::compute::tile::NestRange...
Generating docs for compound luisa::compute::tile::Operation...
Generating docs for compound luisa::compute::tile::OrderedReductionAnalysis...
Generating docs for compound luisa::compute::tile::PipelinePolicy...
Generating docs for compound luisa::compute::tile::RankedTile< T >...
Generating docs for compound luisa::compute::tile::Region...
Generating docs for compound luisa::compute::tile::ResourceClass...
Generating docs for compound luisa::compute::tile::Scalar< T >...
Generating docs for compound luisa::compute::tile::scalar_type< T >...
Generating docs for compound luisa::compute::tile::SentinelBlock...
Generating docs for compound luisa::compute::tile::SentinelFunction...
Generating docs for compound luisa::compute::tile::SentinelOperation...
Generating docs for compound luisa::compute::tile::Shader...
Generating docs for nested compound luisa::compute::tile::Shader::Invocation...
Generating docs for compound luisa::compute::tile::TargetModel...
Generating docs for compound luisa::compute::tile::TensorShape< Rank >...
Generating docs for compound luisa::compute::tile::TensorView< T, Rank >...
Generating docs for compound luisa::compute::tile::Tile< T >...
Generating docs for compound luisa::compute::tile::Type...
Generating docs for compound luisa::compute::tile::Use...
Generating docs for compound luisa::compute::tile::UseList...
Generating docs for compound luisa::compute::tile::Value...
Generating docs for compound luisa::compute::tile::VerificationDiagnostic...
Generating docs for compound luisa::compute::tile::VerificationResult...
Generating docs for concept luisa::compute::tile::scalar_cpp_type...
Generating docs for concept luisa::compute::tile::arithmetic_scalar_cpp_type...
Generating docs for concept luisa::compute::tile::integral_scalar_cpp_type...
Generating docs for compound luisa::compute::tile::bridge::tirx::AnalyticExecutionCostPolicy...
Generating docs for compound luisa::compute::tile::bridge::tirx::AxisBinding...
Generating docs for compound luisa::compute::tile::bridge::tirx::CompilationResult...
Generating docs for compound luisa::compute::tile::bridge::tirx::CompileOptions...
Generating docs for compound luisa::compute::tile::bridge::tirx::DeviceArtifact...
Generating docs for compound luisa::compute::tile::bridge::tirx::DeviceCompilationResult...
Generating docs for compound luisa::compute::tile::bridge::tirx::ExecutionCostModel...
Generating docs for compound luisa::compute::tile::bridge::tirx::ExecutionCostPolicy...
Generating docs for compound luisa::compute::tile::bridge::tirx::ExecutionLimits...
Generating docs for compound luisa::compute::tile::bridge::tirx::GroupPlan...
Generating docs for compound luisa::compute::tile::bridge::tirx::GroupWorkload...
Generating docs for compound luisa::compute::tile::bridge::tirx::LayoutIter...
Generating docs for compound luisa::compute::tile::bridge::tirx::LayoutOffset...
Generating docs for compound luisa::compute::tile::bridge::tirx::LayoutSpec...
Generating docs for compound luisa::compute::tile::bridge::tirx::LowerOptions...
Generating docs for compound luisa::compute::tile::bridge::tirx::MatrixDistribution...
Generating docs for compound luisa::compute::tile::bridge::tirx::MatrixWorkload...
Generating docs for compound luisa::compute::tile::bridge::tirx::NativeFunction...
Generating docs for compound luisa::compute::tile::bridge::tirx::NativeIndices...
Generating docs for compound luisa::compute::tile::bridge::tirx::NativeLayout...
Generating docs for compound luisa::compute::tile::bridge::tirx::PlanCost...
Generating docs for compound luisa::compute::tile::bridge::tirx::PlannerOptions...
Generating docs for compound luisa::compute::tile::bridge::tirx::PlanningResult...
Generating docs for compound luisa::compute::tile::bridge::tirx::ReductionAccessDemand...
Generating docs for compound luisa::compute::tile::bridge::tirx::ReductionCandidate...
Generating docs for compound luisa::compute::tile::bridge::tirx::ReductionCost...
Generating docs for compound luisa::compute::tile::bridge::tirx::ReductionServiceModel...
Generating docs for compound luisa::compute::tile::bridge::tirx::ReplicaIter...
Generating docs for compound luisa::compute::tile::bridge::tirx::ServiceExecutionCostPolicy...
Generating docs for compound luisa::compute::tile::bridge::tirx::detail::BufferUseCollector...
Generating docs for compound luisa::compute::tile::bridge::tirx::detail::CpuCallAudit...
Generating docs for compound luisa::compute::tile::bridge::tirx::detail::EmptyAllocationPruner...
Generating docs for compound luisa::compute::tile::bridge::tirx::detail::ExecutionMapper...
Generating docs for compound luisa::compute::tile::bridge::tirx::detail::FunctionLowerer...
Generating docs for compound luisa::compute::tile::bridge::tirx::detail::MatrixCarry...
Generating docs for compound luisa::compute::tile::bridge::tirx::detail::MatrixEpilogue...
Generating docs for nested compound luisa::compute::tile::bridge::tirx::detail::MatrixEpilogue::Binding...
Generating docs for compound luisa::compute::tile::bridge::tirx::detail::MatrixLoopEmission...
Generating docs for nested compound luisa::compute::tile::bridge::tirx::detail::MatrixLoopEmission::Output...
Generating docs for compound luisa::compute::tile::bridge::tirx::detail::ReadonlyViews...
Generating docs for compound luisa::compute::tile::bridge::xir::ExecutionCost...
Generating docs for compound luisa::compute::tile::bridge::xir::ExecutionCostModel...
Generating docs for compound luisa::compute::tile::bridge::xir::ExecutionPlan...
Generating docs for compound luisa::compute::tile::bridge::xir::ExecutionTarget...
Generating docs for compound luisa::compute::tile::bridge::xir::LowerOptions...
Generating docs for compound luisa::compute::tile::bridge::xir::NativeFunction...
Generating docs for compound luisa::compute::tile::bridge::xir::PlannerOptions...
Generating docs for compound luisa::compute::tile::bridge::xir::PlanningResult...
Generating docs for compound luisa::compute::tile::bridge::xir::detail::ClosedReduction...
Generating docs for compound luisa::compute::tile::bridge::xir::detail::LoadReductionFusion...
Generating docs for compound luisa::compute::tile::detail::AffineAnalyzer...
Generating docs for compound luisa::compute::tile::detail::AffineForm...
Generating docs for compound luisa::compute::tile::detail::BitLinearAnalyzer...
Generating docs for compound luisa::compute::tile::detail::BitLinearForm...
Generating docs for compound luisa::compute::tile::detail::CaptureContext...
Generating docs for nested compound luisa::compute::tile::detail::CaptureContext::PositionalDimension...
Generating docs for compound luisa::compute::tile::detail::CaptureGuard...
Generating docs for compound luisa::compute::tile::detail::Coordinates< Rank >...
Generating docs for compound luisa::compute::tile::detail::DeclaredMemory...
Generating docs for compound luisa::compute::tile::detail::DeclaredTensorView...
Generating docs for compound luisa::compute::tile::detail::element_type< T >...
Generating docs for compound luisa::compute::tile::detail::element_type< Scalar< T > >...
Generating docs for compound luisa::compute::tile::detail::element_type< Tile< T > >...
Generating docs for compound luisa::compute::tile::detail::IndexExprNode...
Generating docs for compound luisa::compute::tile::detail::kernel_signature< T >...
Generating docs for compound luisa::compute::tile::detail::kernel_signature< R(*)(Args...) noexcept >...
Generating docs for compound luisa::compute::tile::detail::kernel_signature< R(*)(Args...)>...
Generating docs for compound luisa::compute::tile::detail::kernel_signature< R(Args...)>...
Generating docs for compound luisa::compute::tile::detail::KernelStorage...
Generating docs for compound luisa::compute::tile::detail::ScopeStorage...
Generating docs for compound luisa::compute::tile::detail::SlotSnapshot...
Generating docs for compound luisa::compute::tile::detail::TileSelection< Rank >...
Generating docs for compound luisa::compute::tile::detail::ValueHandle...
Generating docs for compound luisa::compute::tile::detail::ValueSlot...
Generating docs for compound luisa::compute::tile::detail::Verifier...
Generating docs for concept luisa::compute::tile::detail::tile_operand...
Generating docs for concept luisa::compute::tile::detail::tile_binary_operands...
Generating docs for compound luisa::compute::vk_cuda_interop::Signal...
Generating docs for compound luisa::compute::vk_cuda_interop::Wait...
Generating docs for compound luisa::compute::xir::AggregateFieldBitmask...
Generating docs for nested compound luisa::compute::xir::AggregateFieldBitmask::ConstBitSpan...
Generating docs for nested compound luisa::compute::xir::AggregateFieldBitmask::BitSpan...
Generating docs for compound luisa::compute::xir::AlgebraicSimplifyInfo...
Generating docs for compound luisa::compute::xir::AlgebraicSimplifyOptions...
Generating docs for compound luisa::compute::xir::AliasAnalysisInfo...
Generating docs for compound luisa::compute::xir::AllocaInst...
Generating docs for compound luisa::compute::xir::Argument...
Generating docs for compound luisa::compute::xir::ArithmeticInst...
Generating docs for compound luisa::compute::xir::AssertInst...
Generating docs for compound luisa::compute::xir::AssumeInst...
Generating docs for compound luisa::compute::xir::AST2XIRConfig...
Generating docs for compound luisa::compute::xir::AST2XIRContext...
Generating docs for nested compound luisa::compute::xir::AST2XIRContext::BreakContinueTarget...
Generating docs for nested compound luisa::compute::xir::AST2XIRContext::VariableBindings...
Generating docs for nested compound luisa::compute::xir::AST2XIRContext::Current...
Generating docs for nested compound luisa::compute::xir::AST2XIRContext::TypedLiteral...
Generating docs for compound luisa::compute::xir::AtomicInst...
Generating docs for compound luisa::compute::xir::AutodiffInfo...
Generating docs for compound luisa::compute::xir::AutodiffIntrinsicInst...
Generating docs for compound luisa::compute::xir::AutodiffOptions...
Generating docs for compound luisa::compute::xir::AutodiffScopeInst...
Generating docs for compound luisa::compute::xir::BasicBlock...
Generating docs for compound luisa::compute::xir::BasicBlockPointerUsage...
Generating docs for compound luisa::compute::xir::BindlessResourceAccess...
Generating docs for compound luisa::compute::xir::BranchInst...
Generating docs for compound luisa::compute::xir::BranchTerminatorInstruction...
Generating docs for compound luisa::compute::xir::BreakInst...
Generating docs for compound luisa::compute::xir::CallableFunction...
Generating docs for compound luisa::compute::xir::CallGraph...
Generating docs for compound luisa::compute::xir::CallInst...
Generating docs for compound luisa::compute::xir::CastInst...
Generating docs for compound luisa::compute::xir::ClockInst...
Generating docs for compound luisa::compute::xir::CommentMD...
Generating docs for compound luisa::compute::xir::ConditionalBranchInst...
Generating docs for compound luisa::compute::xir::ConditionalBranchTerminatorInstruction...
Generating docs for compound luisa::compute::xir::Constant...
Generating docs for nested compound luisa::compute::xir::Constant::ctor_tag_zero...
Generating docs for nested compound luisa::compute::xir::Constant::ctor_tag_one...
Generating docs for nested compound luisa::compute::xir::Constant::ctor_tag_sentinel...
Generating docs for compound luisa::compute::xir::ConstFoldInfo...
Generating docs for compound luisa::compute::xir::ConstPhiIncoming...
Generating docs for compound luisa::compute::xir::ConstPhiIncomingUse...
Generating docs for compound luisa::compute::xir::ContinueInst...
Generating docs for compound luisa::compute::xir::ControlFlowMerge...
Generating docs for compound luisa::compute::xir::ControlFlowMergeMixin< Base >...
Generating docs for compound luisa::compute::xir::ConvergenceRegion...
Generating docs for compound luisa::compute::xir::ConvergenceRegionInfo...
Generating docs for compound luisa::compute::xir::CoroAllocaScopeInfo...
Generating docs for compound luisa::compute::xir::CoroAllocaScopeOptions...
Generating docs for compound luisa::compute::xir::CoroCfgDistillOptions...
Generating docs for compound luisa::compute::xir::CoroCfgDistillResult...
Generating docs for nested compound luisa::compute::xir::CoroCfgDistillResult::FrameValue...
Generating docs for nested compound luisa::compute::xir::CoroCfgDistillResult::FrameSlot...
Generating docs for nested compound luisa::compute::xir::CoroCfgDistillResult::Scope...
Generating docs for nested compound luisa::compute::xir::CoroCfgDistillResult::Scope::SuspendPoint...
Generating docs for nested compound luisa::compute::xir::CoroCfgDistillResult::Edge...
Generating docs for nested compound luisa::compute::xir::CoroCfgDistillResult::Edge::SuspendStageDataflow...
Generating docs for compound luisa::compute::xir::CoroCfgDistillStats...
Generating docs for compound luisa::compute::xir::CoroMaterializeInfo...
Generating docs for nested compound luisa::compute::xir::CoroMaterializeInfo::FrameField...
Generating docs for nested compound luisa::compute::xir::CoroMaterializeInfo::TransitionEdge...
Generating docs for compound luisa::compute::xir::CoroReg2MemInfo...
Generating docs for compound luisa::compute::xir::CoroRematerializeInfo...
Generating docs for compound luisa::compute::xir::CoroRematerializeOptions...
Generating docs for compound luisa::compute::xir::CoroResumeInst...
Generating docs for compound luisa::compute::xir::CoroSplitInfo...
Generating docs for nested compound luisa::compute::xir::CoroSplitInfo::Subroutine...
Generating docs for compound luisa::compute::xir::CoroSuspendExtensionOwner...
Generating docs for compound luisa::compute::xir::CoroSuspendInst...
Generating docs for compound luisa::compute::xir::CoroTerminateInst...
Generating docs for compound luisa::compute::xir::CurveBasisMD...
Generating docs for compound luisa::compute::xir::CVPInfo...
Generating docs for compound luisa::compute::xir::DCEInfo...
Generating docs for compound luisa::compute::xir::DeadArgElimInfo...
Generating docs for compound luisa::compute::xir::DeadFieldEliminationInfo...
Generating docs for compound luisa::compute::xir::DeadStoreEliminationInfo...
Generating docs for compound luisa::compute::xir::DebugBreakInst...
Generating docs for compound luisa::compute::xir::DeferLocalAggregateLoadInfo...
Generating docs for compound luisa::compute::xir::DerivedArgument< Derived, Tag >...
Generating docs for compound luisa::compute::xir::DerivedBlockScopeValue< Derived, Tag, Base >...
Generating docs for compound luisa::compute::xir::DerivedBranchInstruction< Derived, Tag >...
Generating docs for compound luisa::compute::xir::DerivedConditionalBranchInstruction< Derived, Tag >...
Generating docs for compound luisa::compute::xir::DerivedFunction< Derived, Tag, Base >...
Generating docs for compound luisa::compute::xir::DerivedFunctionScopeValue< Derived, Tag, Base >...
Generating docs for compound luisa::compute::xir::DerivedGlobalValue< Derived, Tag, Base >...
Generating docs for compound luisa::compute::xir::DerivedInstruction< Derived, Tag, Base >...
Generating docs for compound luisa::compute::xir::DerivedMetadata< Derived, Tag, Base >...
Generating docs for compound luisa::compute::xir::DerivedSpecialRegister< T, Tag >...
Generating docs for compound luisa::compute::xir::DerivedTerminatorInstruction< Derived, Tag >...
Generating docs for compound luisa::compute::xir::DerivedValue< Derived, Tag, Base >...
Generating docs for compound luisa::compute::xir::DestructureCFGInfo...
Generating docs for compound luisa::compute::xir::DestructureCFGOptions...
Generating docs for compound luisa::compute::xir::DivRemPairsInfo...
Generating docs for compound luisa::compute::xir::DomTree...
Generating docs for compound luisa::compute::xir::DomTreeBuildOptions...
Generating docs for compound luisa::compute::xir::DomTreeBuildStats...
Generating docs for compound luisa::compute::xir::DomTreeNode...
Generating docs for compound luisa::compute::xir::EarlyCSEInfo...
Generating docs for compound luisa::compute::xir::EarlyReturnEliminationInfo...
Generating docs for compound luisa::compute::xir::EnclosingConstructBoundaryAnalysis...
Generating docs for nested compound luisa::compute::xir::EnclosingConstructBoundaryAnalysis::Impl...
Generating docs for compound luisa::compute::xir::ExternalFunction...
Generating docs for compound luisa::compute::xir::FastMathSimplifyInfo...
Generating docs for compound luisa::compute::xir::FastMathSimplifyOptions...
Generating docs for compound luisa::compute::xir::FixSelfReferentialInfo...
Generating docs for compound luisa::compute::xir::Function...
Generating docs for compound luisa::compute::xir::FunctionDefinition...
Generating docs for compound luisa::compute::xir::FuseConsecutiveBufferReadsInfo...
Generating docs for compound luisa::compute::xir::GEPInst...
Generating docs for compound luisa::compute::xir::GlobalValueModuleMixin...
Generating docs for compound luisa::compute::xir::GVNInfo...
Generating docs for compound luisa::compute::xir::IfConversionInfo...
Generating docs for compound luisa::compute::xir::IfConversionOptions...
Generating docs for compound luisa::compute::xir::IfInst...
Generating docs for compound luisa::compute::xir::IndexedBranchInst...
Generating docs for compound luisa::compute::xir::IndexedBranchTerminatorInstruction...
Generating docs for compound luisa::compute::xir::IndVarSimplifyInfo...
Generating docs for compound luisa::compute::xir::InlineInfo...
Generating docs for compound luisa::compute::xir::InlineOptions...
Generating docs for compound luisa::compute::xir::Instruction...
Generating docs for compound luisa::compute::xir::InstructionCloneValueResolver...
Generating docs for compound luisa::compute::xir::InstructionMemoryInfo...
Generating docs for compound luisa::compute::xir::InstructionOpMixin< OpType, Base >...
Generating docs for compound luisa::compute::xir::KernelFunction...
Generating docs for compound luisa::compute::xir::LexScopeAnalysisConfig...
Generating docs for compound luisa::compute::xir::LexScopeInfo...
Generating docs for compound luisa::compute::xir::LICMInfo...
Generating docs for compound luisa::compute::xir::LoadInst...
Generating docs for compound luisa::compute::xir::LocalLoadEliminationInfo...
Generating docs for compound luisa::compute::xir::LocalStoreForwardInfo...
Generating docs for compound luisa::compute::xir::LocalValueBlockMixin...
Generating docs for compound luisa::compute::xir::LocalValueFunctionMixin...
Generating docs for compound luisa::compute::xir::LocationMD...
Generating docs for compound luisa::compute::xir::LoopBoundaryPathDataflow...
Generating docs for nested compound luisa::compute::xir::LoopBoundaryPathDataflow::Impl...
Generating docs for compound luisa::compute::xir::LoopBoundsInfo...
Generating docs for compound luisa::compute::xir::LoopContinueBatchAnalysis...
Generating docs for nested compound luisa::compute::xir::LoopContinueBatchAnalysis::Impl...
Generating docs for compound luisa::compute::xir::LoopContinueBatchStats...
Generating docs for compound luisa::compute::xir::LoopContinueRewrite...
Generating docs for compound luisa::compute::xir::LoopFusionInfo...
Generating docs for compound luisa::compute::xir::LoopInst...
Generating docs for compound luisa::compute::xir::LoopRotationInfo...
Generating docs for compound luisa::compute::xir::LoopUnswitchInfo...
Generating docs for compound luisa::compute::xir::LoopUnswitchOptions...
Generating docs for compound luisa::compute::xir::LoopVectorizationInfo...
Generating docs for compound luisa::compute::xir::LowerBreakContinueInfo...
Generating docs for compound luisa::compute::xir::LowerIrreducibleCFGInfo...
Generating docs for compound luisa::compute::xir::LowerIrreducibleCFGOptions...
Generating docs for compound luisa::compute::xir::LowerRayQueryToLoopInfo...
Generating docs for compound luisa::compute::xir::LowerRayQueryToPipelineInfo...
Generating docs for compound luisa::compute::xir::LowerRayQueryToPipelineOptions...
Generating docs for compound luisa::compute::xir::Mem2RegInfo...
Generating docs for compound luisa::compute::xir::Metadata...
Generating docs for compound luisa::compute::xir::MetadataListMixin...
Generating docs for compound luisa::compute::xir::Module...
Generating docs for compound luisa::compute::xir::NameMD...
Generating docs for compound luisa::compute::xir::NaturalLoop...
Generating docs for compound luisa::compute::xir::OptimizationPipelineOptions...
Generating docs for compound luisa::compute::xir::OutlineInfo...
Generating docs for compound luisa::compute::xir::OutlineInst...
Generating docs for compound luisa::compute::xir::PassPipeline...
Generating docs for nested compound luisa::compute::xir::PassPipeline::Stats...
Generating docs for nested compound luisa::compute::xir::PassPipeline::Stats::Record...
Generating docs for compound luisa::compute::xir::PassReport...
Generating docs for nested compound luisa::compute::xir::PassReport::Entry...
Generating docs for compound luisa::compute::xir::PhiCleanupInfo...
Generating docs for compound luisa::compute::xir::PhiIncoming...
Generating docs for compound luisa::compute::xir::PhiIncomingUse...
Generating docs for compound luisa::compute::xir::PhiInst...
Generating docs for compound luisa::compute::xir::PointerUsage...
Generating docs for compound luisa::compute::xir::PointerUsageAnalysis...
Generating docs for nested compound luisa::compute::xir::PointerUsageAnalysis::Impl...
Generating docs for nested compound luisa::compute::xir::PointerUsageAnalysis::Impl::InstructionSnapshot...
Generating docs for nested compound luisa::compute::xir::PointerUsageAnalysis::Impl::CalleeSnapshot...
Generating docs for nested compound luisa::compute::xir::PointerUsageAnalysis::Impl::PointerPath...
Generating docs for nested compound luisa::compute::xir::PointerUsageAnalysis::Impl::AccessEvent...
Generating docs for nested compound luisa::compute::xir::PointerUsageAnalysis::Impl::MaskResult...
Generating docs for nested compound luisa::compute::xir::PointerUsageAnalysis::Impl::EmitResult...
Generating docs for nested compound luisa::compute::xir::PointerUsageAnalysis::Impl::IndexResult...
Generating docs for compound luisa::compute::xir::PointerUsageAnalysisInfo...
Generating docs for compound luisa::compute::xir::PostDomTree...
Generating docs for compound luisa::compute::xir::PostDomTreeNode...
Generating docs for compound luisa::compute::xir::PostDomTreeOptions...
Generating docs for compound luisa::compute::xir::PrintInst...
Generating docs for compound luisa::compute::xir::PrintMessageMixin< Base >...
Generating docs for compound luisa::compute::xir::PromoteRefArgInfo...
Generating docs for compound luisa::compute::xir::RasterDiscardInst...
Generating docs for compound luisa::compute::xir::RasterStageFunction...
Generating docs for compound luisa::compute::xir::RayQueryDispatchInst...
Generating docs for compound luisa::compute::xir::RayQueryLoopInst...
Generating docs for compound luisa::compute::xir::RayQueryLoopLowerInfo...
Generating docs for compound luisa::compute::xir::RayQueryObjectReadInst...
Generating docs for compound luisa::compute::xir::RayQueryObjectWriteInst...
Generating docs for compound luisa::compute::xir::RayQueryPipelineInst...
Generating docs for compound luisa::compute::xir::ReassociateInfo...
Generating docs for compound luisa::compute::xir::ReconstructRayQueryLoopInfo...
Generating docs for compound luisa::compute::xir::ReferenceArgument...
Generating docs for compound luisa::compute::xir::Reg2MemInfo...
Generating docs for compound luisa::compute::xir::Reg2MemSpillAuditInfo...
Generating docs for compound luisa::compute::xir::Reg2MemSpillMD...
Generating docs for compound luisa::compute::xir::ResourceArgument...
Generating docs for compound luisa::compute::xir::ResourceQueryInst...
Generating docs for compound luisa::compute::xir::ResourceReadInst...
Generating docs for compound luisa::compute::xir::ResourceWriteInst...
Generating docs for compound luisa::compute::xir::RestructureCFGInfo...
Generating docs for compound luisa::compute::xir::RestructureCFGOptions...
Generating docs for compound luisa::compute::xir::ReturnInst...
Generating docs for compound luisa::compute::xir::ScalarizerInfo...
Generating docs for compound luisa::compute::xir::SCCPInfo...
Generating docs for compound luisa::compute::xir::SCEV...
Generating docs for compound luisa::compute::xir::SCEVAddExpr...
Generating docs for compound luisa::compute::xir::SCEVAddRec...
Generating docs for compound luisa::compute::xir::SCEVAnalysis...
Generating docs for nested compound luisa::compute::xir::SCEVAnalysis::Impl...
Generating docs for nested compound luisa::compute::xir::SCEVAnalysis::Impl::InstructionSnapshot...
Generating docs for compound luisa::compute::xir::SCEVConstant...
Generating docs for compound luisa::compute::xir::SCEVInfo...
Generating docs for compound luisa::compute::xir::SCEVMulExpr...
Generating docs for compound luisa::compute::xir::SCEVUnknown...
Generating docs for compound luisa::compute::xir::SelectFactorInfo...
Generating docs for compound luisa::compute::xir::SentinelArgument...
Generating docs for compound luisa::compute::xir::SentinelConstant...
Generating docs for compound luisa::compute::xir::SentinelFunction...
Generating docs for compound luisa::compute::xir::SentinelInst...
Generating docs for compound luisa::compute::xir::SentinelSpecialRegister...
Generating docs for compound luisa::compute::xir::SentinelUndefined...
Generating docs for compound luisa::compute::xir::SignatureConstraintMD...
Generating docs for compound luisa::compute::xir::SimpleLoopInst...
Generating docs for compound luisa::compute::xir::SimplifyCFGInfo...
Generating docs for compound luisa::compute::xir::SimplifyLibCallsInfo...
Generating docs for compound luisa::compute::xir::SLPVectorizationInfo...
Generating docs for compound luisa::compute::xir::SpecialRegister...
Generating docs for compound luisa::compute::xir::SROAInfo...
Generating docs for compound luisa::compute::xir::SROAOptions...
Generating docs for compound luisa::compute::xir::StoreInst...
Generating docs for compound luisa::compute::xir::SwitchInst...
Generating docs for compound luisa::compute::xir::TerminatorInstruction...
Generating docs for compound luisa::compute::xir::ThreadGroupInst...
Generating docs for compound luisa::compute::xir::TraceGEPInfo...
Generating docs for compound luisa::compute::xir::TransposeGEPInfo...
Generating docs for compound luisa::compute::xir::Undefined...
Generating docs for compound luisa::compute::xir::UniformityAnalysis...
Generating docs for compound luisa::compute::xir::UnreachableInst...
Generating docs for compound luisa::compute::xir::UnusedCallableRemovalInfo...
Generating docs for compound luisa::compute::xir::Use...
Generating docs for compound luisa::compute::xir::UseList...
Generating docs for compound luisa::compute::xir::User...
Generating docs for compound luisa::compute::xir::Value...
Generating docs for compound luisa::compute::xir::ValueArgument...
Generating docs for compound luisa::compute::xir::XIR2ASTConfig...
Generating docs for compound luisa::compute::xir::XIR2ASTContext...
Generating docs for compound luisa::compute::xir::XIR2ASTTranslationStatistics...
Generating docs for compound luisa::compute::xir::XIR2TextTranslator...
Generating docs for compound luisa::compute::xir::XIRBuilder...
Generating docs for compound luisa::compute::xir::XIRDebugPrinter...
Generating docs for nested compound luisa::compute::xir::XIRDebugPrinter::Impl...
Generating docs for compound luisa::compute::xir::XIRInterchangeBitcodeWriteResult...
Generating docs for compound luisa::compute::xir::XIRInterchangeDiagnostic...
Generating docs for compound luisa::compute::xir::XIRInterchangeParseResult...
Generating docs for compound luisa::compute::xir::XIRInterchangeTextWriteResult...
Generating docs for compound luisa::compute::xir::XIRPassVerificationTransaction...
Generating docs for compound luisa::compute::xir::XIRVerificationError...
Generating docs for compound luisa::compute::xir::XIRVerificationOptions...
Generating docs for compound luisa::compute::xir::XIRVerificationResult...
Generating docs for nested compound luisa::compute::xir::XIRVerificationResult::Statistics...
Generating docs for compound luisa::compute::xir::detail::AggregateFieldBitRange...
Generating docs for compound luisa::compute::xir::detail::AggregateFieldTree...
Generating docs for compound luisa::compute::xir::detail::AllocaAnalysis...
Generating docs for compound luisa::compute::xir::detail::CFGIrreducibleRegion...
Generating docs for compound luisa::compute::xir::detail::CfgOwner...
Generating docs for compound luisa::compute::xir::detail::CFGStronglyConnectedComponent...
Generating docs for compound luisa::compute::xir::detail::CFGStronglyConnectedComponents...
Generating docs for compound luisa::compute::xir::detail::CoroBooleanPredicateLiveness...
Generating docs for compound luisa::compute::xir::detail::CoroBooleanSetManager...
Generating docs for compound luisa::compute::xir::detail::CoroCounterAvailabilityWitness...
Generating docs for compound luisa::compute::xir::detail::CoroFrameAbiField...
Generating docs for compound luisa::compute::xir::detail::CoroFrameAbiPlan...
Generating docs for compound luisa::compute::xir::detail::CoroFrameAtomDomain...
Generating docs for nested compound luisa::compute::xir::detail::CoroFrameAtomDomain::Atom...
Generating docs for nested compound luisa::compute::xir::detail::CoroFrameAtomDomain::MemoryAccess...
Generating docs for compound luisa::compute::xir::detail::CoroGuardedScalarRelationDomain...
Generating docs for compound luisa::compute::xir::detail::CoroInitializedPrefixProofResult...
Generating docs for compound luisa::compute::xir::detail::CoroMaskedScalarProjection...
Generating docs for compound luisa::compute::xir::detail::CoroMaskedScalarWitness...
Generating docs for compound luisa::compute::xir::detail::CoroPredicateAnalysis...
Generating docs for compound luisa::compute::xir::detail::CoroPredicateLiteral...
Generating docs for compound luisa::compute::xir::detail::CoroReplayableValueAnalysis...
Generating docs for compound luisa::compute::xir::detail::CoroScalarRelationLiveness...
Generating docs for compound luisa::compute::xir::detail::CoroScalarZeroProjection...
Generating docs for compound luisa::compute::xir::detail::CoroSemanticGraph...
Generating docs for compound luisa::compute::xir::detail::CoroSplitValueResolver...
Generating docs for compound luisa::compute::xir::detail::CoroTransferGraph...
Generating docs for compound luisa::compute::xir::detail::DeadCodeWorklists...
Generating docs for compound luisa::compute::xir::detail::DensePointerHash...
Generating docs for compound luisa::compute::xir::detail::DenseScopeDataflowResult...
Generating docs for compound luisa::compute::xir::detail::DenseValueDomain...
Generating docs for compound luisa::compute::xir::detail::DenseValueSet...
Generating docs for compound luisa::compute::xir::detail::DistillCertificateHasher...
Generating docs for compound luisa::compute::xir::detail::DivModKey...
Generating docs for compound luisa::compute::xir::detail::EdgeEqual...
Generating docs for compound luisa::compute::xir::detail::EdgeHash...
Generating docs for compound luisa::compute::xir::detail::FunctionReconstructionWork...
Generating docs for compound luisa::compute::xir::detail::GVNLeader...
Generating docs for compound luisa::compute::xir::detail::GVNState...
Generating docs for compound luisa::compute::xir::detail::InlineBarrierFlags...
Generating docs for compound luisa::compute::xir::detail::InlineCalleeVersion...
Generating docs for compound luisa::compute::xir::detail::InlineCallerBarrierCache...
Generating docs for compound luisa::compute::xir::detail::InlineCallGraphAnalysis...
Generating docs for compound luisa::compute::xir::detail::InlineCloneLayout...
Generating docs for compound luisa::compute::xir::detail::InlineFunctionSummary...
Generating docs for compound luisa::compute::xir::detail::InlineRayQueryASTLoop...
Generating docs for compound luisa::compute::xir::detail::InlineValueNumbering...
Generating docs for compound luisa::compute::xir::detail::InlineValueResolver...
Generating docs for compound luisa::compute::xir::detail::LatticeValue...
Generating docs for compound luisa::compute::xir::detail::LexScopeStack...
Generating docs for compound luisa::compute::xir::detail::LowerBreakContinueWorklist...
Generating docs for compound luisa::compute::xir::detail::LowerRayQueryToPipelineRunInfo...
Generating docs for compound luisa::compute::xir::detail::Mem2RegPassContext...
Generating docs for compound luisa::compute::xir::detail::PendingFix...
Generating docs for compound luisa::compute::xir::detail::PhiInsertionAndRenaming...
Generating docs for compound luisa::compute::xir::detail::PromotedArg...
Generating docs for compound luisa::compute::xir::detail::RayQueryCaptureCost...
Generating docs for compound luisa::compute::xir::detail::RayQueryHandlerGraph...
Generating docs for nested compound luisa::compute::xir::detail::RayQueryHandlerGraph::Block...
Generating docs for nested compound luisa::compute::xir::detail::RayQueryHandlerGraph::InstructionLocation...
Generating docs for compound luisa::compute::xir::detail::RayQueryHandlerLocalAllocas...
Generating docs for compound luisa::compute::xir::detail::RayQueryHandlerPointerIdentityHash...
Generating docs for compound luisa::compute::xir::detail::RayQueryHandlerPointerResolveResult...
Generating docs for compound luisa::compute::xir::detail::RayQueryHandlerPointerView...
Generating docs for compound luisa::compute::xir::detail::RayQueryHandlerRegion...
Generating docs for compound luisa::compute::xir::detail::RayQueryHandlerRootUseInfo...
Generating docs for compound luisa::compute::xir::detail::RayQueryHandlerScratchAnalyzer...
Generating docs for compound luisa::compute::xir::detail::RayQueryHandlerScratchBlockState...
Generating docs for compound luisa::compute::xir::detail::RayQueryHandlerScratchEffect...
Generating docs for compound luisa::compute::xir::detail::RayQueryLoopCaptureList...
Generating docs for compound luisa::compute::xir::detail::RayQueryLoopSubgraph...
Generating docs for compound luisa::compute::xir::detail::RayQueryLowerPassValueResolver...
Generating docs for compound luisa::compute::xir::detail::ReconstructCandidate...
Generating docs for compound luisa::compute::xir::detail::ReconstructHandlerRegion...
Generating docs for compound luisa::compute::xir::detail::RegisterInfo...
Generating docs for compound luisa::compute::xir::detail::RestructurePostDomInfo...
Generating docs for nested compound luisa::compute::xir::detail::RestructurePostDomInfo::Node...
Generating docs for nested compound luisa::compute::xir::detail::RestructurePostDomInfo::TransparentMergeUpdateStats...
Generating docs for compound luisa::compute::xir::detail::RestructurePostDomStats...
Generating docs for compound luisa::compute::xir::detail::RetargetableHandlerRegion...
Generating docs for compound luisa::compute::xir::detail::ScalarKey...
Generating docs for compound luisa::compute::xir::detail::ScalarKeyHash...
Generating docs for compound luisa::compute::xir::detail::SCCPSolver...
Generating docs for compound luisa::compute::xir::detail::SelectionMergeBatchAnalysis...
Generating docs for nested compound luisa::compute::xir::detail::SelectionMergeBatchAnalysis::Impl...
Generating docs for compound luisa::compute::xir::detail::SelectionMergeBatchStats...
Generating docs for compound luisa::compute::xir::detail::VerifierSparseDomTree...
Generating docs for compound luisa::compute::xir::detail::XIRVerifier...
Generating docs for compound luisa::concepts::Noncopyable...
Generating docs for concept luisa::concepts::iterable...
Generating docs for concept luisa::concepts::is_iterator...
Generating docs for concept luisa::concepts::string_viewable...
Generating docs for concept luisa::concepts::constructible...
Generating docs for concept luisa::concepts::trivially_default_constructible...
Generating docs for concept luisa::concepts::non_cvref...
Generating docs for concept luisa::concepts::static_convertible...
Generating docs for concept luisa::concepts::bitwise_convertible...
Generating docs for concept luisa::concepts::reinterpret_convertible...
Generating docs for concept luisa::concepts::invocable...
Generating docs for concept luisa::concepts::invocable_with_return...
Generating docs for concept luisa::concepts::pointer...
Generating docs for concept luisa::concepts::non_pointer...
Generating docs for concept luisa::concepts::container...
Generating docs for concept luisa::concepts::integral...
Generating docs for concept luisa::concepts::scalar...
Generating docs for concept luisa::concepts::vector...
Generating docs for concept luisa::concepts::vector2...
Generating docs for concept luisa::concepts::vector3...
Generating docs for concept luisa::concepts::vector4...
Generating docs for concept luisa::concepts::bool_vector...
Generating docs for concept luisa::concepts::float_vector...
Generating docs for concept luisa::concepts::int_vector...
Generating docs for concept luisa::concepts::uint_vector...
Generating docs for concept luisa::concepts::matrix...
Generating docs for concept luisa::concepts::matrix2...
Generating docs for concept luisa::concepts::matrix3...
Generating docs for concept luisa::concepts::matrix4...
Generating docs for concept luisa::concepts::basic...
Generating docs for concept luisa::concepts::operator_access...
Generating docs for concept luisa::concepts::function...
Generating docs for concept luisa::concepts::same...
Generating docs for concept luisa::concepts::different...
Generating docs for concept luisa::concepts::vector_same_dimension...
Generating docs for compound luisa::concepts::detail::all_same_impl< T >...
Generating docs for compound luisa::concepts::detail::all_same_impl< First, Other... >...
Generating docs for compound luisa::detail::btree_map_base< Key, Value, Compare, Allocator, AllowDup >...
Generating docs for compound luisa::detail::is_matrix_impl< T, N >...
Generating docs for compound luisa::detail::is_matrix_impl< Matrix< float, N >, 0u >...
Generating docs for compound luisa::detail::is_matrix_impl< Matrix< float, N >, N >...
Generating docs for compound luisa::detail::is_vector_all_same_dimension_impl< T >...
Generating docs for compound luisa::detail::is_vector_all_same_dimension_impl< First, Other... >...
Generating docs for compound luisa::detail::is_vector_impl< T, N >...
Generating docs for compound luisa::detail::is_vector_impl< Vector< T, N >, 0u >...
Generating docs for compound luisa::detail::is_vector_impl< Vector< T, N >, N >...
Generating docs for compound luisa::detail::is_vector_same_dimension_impl< U, V >...
Generating docs for compound luisa::detail::is_vector_same_dimension_impl< Vector< U, N >, Vector< V, N > >...
Generating docs for compound luisa::detail::LazyConstructor< F >...
Generating docs for compound luisa::detail::ManagedObject...
Generating docs for compound luisa::detail::ManagedPtrLowLevelOp...
Generating docs for compound luisa::detail::matrix_dimension_impl< T >...
Generating docs for compound luisa::detail::matrix_dimension_impl< Matrix< T, N > >...
Generating docs for compound luisa::detail::matrix_element_impl< T >...
Generating docs for compound luisa::detail::matrix_element_impl< Matrix< T, N > >...
Generating docs for compound luisa::detail::SinkWithCallback< Mt >...
Generating docs for compound luisa::detail::vector_alignment< T, N >...
Generating docs for compound luisa::detail::vector_dimension_impl< T >...
Generating docs for compound luisa::detail::vector_dimension_impl< Vector< T, N > >...
Generating docs for compound luisa::detail::vector_element_impl< T >...
Generating docs for compound luisa::detail::vector_element_impl< Vector< T, N > >...
Generating docs for compound luisa::detail::VectorStorage< T, N >...
Generating docs for compound luisa::detail::VectorStorage< T, 2 >...
Generating docs for compound luisa::detail::VectorStorage< T, 3 >...
Generating docs for compound luisa::detail::VectorStorage< T, 4 >...
Generating docs for compound luisa::fiber::event...
Generating docs for compound luisa::fiber::Future< T >...
Generating docs for compound luisa::fiber::scheduler...
Generating docs for compound luisa::fiber::detail::NonMovableAtomic< T >...
Generating docs for compound luisa.framerate.FrameRate...
Generating docs for compound luisa.func.FuncInstanceInfo...
Generating docs for compound luisa.func.CompileError...
Generating docs for compound luisa.func.func...
Generating docs for compound luisa.globalvars.Vars...
Generating docs for compound luisa.gui.GUI...
Generating docs for compound luisa.gui.KeyCode...
Generating docs for compound luisa.image2d.Image2D...
Generating docs for compound luisa.image2d.Texture2DType...
Generating docs for compound luisa.image3d.Image3D...
Generating docs for compound luisa.image3d.Texture3DType...
Generating docs for compound luisa.meshformat.MeshFormat...
Generating docs for compound luisa::parallel_primitive::WarpReduce< Type4Byte, WARP_SIZE >...
Generating docs for compound luisa::parallel_primitive::SwizzleScanOp< ScanOp >...
Generating docs for compound luisa::parallel_primitive::TileDescriptor< StatusWord, T >...
Generating docs for compound luisa::parallel_primitive::ScanTileStateViewer< T >...
Generating docs for compound luisa::parallel_primitive::TilePrefixTempStorage< T >...
Generating docs for compound luisa::parallel_primitive::no_delay_constructor< T >...
Generating docs for nested compound luisa::parallel_primitive::no_delay_constructor< T >::delay_t...
Generating docs for compound luisa::parallel_primitive::TilePrefixCallbackOp< T, ScanOpT, ScanTileStateT, DelayConstructorT >...
Generating docs for compound luisa::parallel_primitive::details::WarpReduceShfl< Type4Byte, LOGIC_WARP_SIZE >...
Generating docs for compound luisa.rayquery.RayQueryAllType...
Generating docs for compound luisa.rayquery.RayQueryAnyType...
Generating docs for compound luisa::shader::Accel...
Generating docs for compound luisa::shader::BindlessArray...
Generating docs for compound luisa::shader::BindlessBuffer...
Generating docs for compound luisa::shader::BindlessImage...
Generating docs for compound luisa::shader::BindlessVolume...
Generating docs for compound luisa::shader::Buffer< Type, cache_flags >...
Generating docs for compound luisa::shader::Buffer< float, cache_flags >...
Generating docs for compound luisa::shader::Buffer< int32, cache_flags >...
Generating docs for compound luisa::shader::Buffer< uint32, cache_flags >...
Generating docs for compound luisa::shader::Buffer< void, cache_flags >...
Generating docs for compound luisa::shader::CommittedHit...
Generating docs for compound luisa::shader::half...
Generating docs for compound luisa::shader::Image< T, cache_flag >...
Generating docs for compound luisa::shader::Image< float, CacheFlags::ReadOnly >...
Generating docs for compound luisa::shader::IndirectBuffer...
Generating docs for compound luisa::shader::matrix< N >...
Generating docs for compound luisa::shader::matrix< 2 >...
Generating docs for compound luisa::shader::matrix< 3 >...
Generating docs for compound luisa::shader::matrix< 4 >...
Generating docs for compound luisa::shader::NVIDIA...
Generating docs for compound luisa::shader::ProceduralHit...
Generating docs for compound luisa::shader::Ray...
Generating docs for compound luisa::shader::RayQueryAll...
Generating docs for compound luisa::shader::RayQueryAny...
Generating docs for compound luisa::shader::SharedArray< Type, size >...
Generating docs for compound luisa::shader::Structure...
Generating docs for compound luisa::shader::TriangleHit...
Generating docs for compound luisa::shader::vec< T, N >...
Generating docs for compound luisa::shader::vec< T, 2 >...
Generating docs for nested compound luisa::shader::vec< T, 2 >::[union].__unnamed0__...
Generating docs for compound luisa::shader::vec< T, 3 >...
Generating docs for nested compound luisa::shader::vec< T, 3 >::[union].__unnamed0__...
Generating docs for compound luisa::shader::vec< T, 4 >...
Generating docs for nested compound luisa::shader::vec< T, 4 >::[union].__unnamed0__...
Generating docs for compound luisa::shader::Volume< T, cache_flag >...
Generating docs for compound luisa::shader::Volume< float, CacheFlags::ReadOnly >...
Generating docs for concept luisa::shader::concepts::vec...
Generating docs for concept luisa::shader::concepts::non_vec...
Generating docs for concept luisa::shader::concepts::matrix...
Generating docs for concept luisa::shader::concepts::buffer...
Generating docs for concept luisa::shader::concepts::float_family...
Generating docs for concept luisa::shader::concepts::float_vec_family...
Generating docs for concept luisa::shader::concepts::bool_family...
Generating docs for concept luisa::shader::concepts::bool_vec_family...
Generating docs for concept luisa::shader::concepts::sint_family...
Generating docs for concept luisa::shader::concepts::sint_vec_family...
Generating docs for concept luisa::shader::concepts::uint_family...
Generating docs for concept luisa::shader::concepts::uint_vec_family...
Generating docs for concept luisa::shader::concepts::int_family...
Generating docs for concept luisa::shader::concepts::int_vec_family...
Generating docs for concept luisa::shader::concepts::arithmetic...
Generating docs for concept luisa::shader::concepts::arithmetic_vec...
Generating docs for concept luisa::shader::concepts::signed_arithmetic...
Generating docs for concept luisa::shader::concepts::arithmetic_scalar...
Generating docs for concept luisa::shader::concepts::primitive...
Generating docs for concept luisa::shader::concepts::image...
Generating docs for concept luisa::shader::concepts::volume...
Generating docs for concept luisa::shader::concepts::texture...
Generating docs for compound luisa.struct.Struct...
Generating docs for compound luisa.struct.StructType...
Generating docs for compound luisa.struct.CustomType...
Generating docs for compound luisa::test::DeviceContext...
Generating docs for compound luisa::test::ImageTestOptions...
Generating docs for compound luisa::test::MetalBenchmarkTiming...
Generating docs for compound luisa::test::PbrtCurveData...
Generating docs for compound luisa::test::PbrtCurveParseResult...
Generating docs for compound luisa::test::ReferenceCompareResult...
Generating docs for compound luisa::test::StructuralMetrics...
Generating docs for compound luisa::test::coro_test::Options...
Generating docs for compound luisa::test::detail::PbrtCurveParser...
Generating docs for compound luisa::test::tile_llm::Case...
Generating docs for compound luisa::test::tile_native::Gemm...
Generating docs for compound luisa::test::tile_reduction::Subtract...
Generating docs for compound luisa::test::tile_tirx::Executable...
Generating docs for compound luisa::test::tile_tirx::Runtime...
Generating docs for compound luisa::test::tile_xir::Gemm...
Generating docs for compound luisa.types.uint...
Generating docs for compound luisa.types.ushort...
Generating docs for compound luisa.types.half...
Generating docs for compound luisa.types.short...
Generating docs for compound luisa.types.long...
Generating docs for compound luisa.types.ulong...
Generating docs for compound luisa.types.ushort2...
Generating docs for compound luisa.types.half2...
Generating docs for compound luisa.types.short2...
Generating docs for compound luisa.types.ushort3...
Generating docs for compound luisa.types.half3...
Generating docs for compound luisa.types.short3...
Generating docs for compound luisa.types.ushort4...
Generating docs for compound luisa.types.half4...
Generating docs for compound luisa.types.short4...
Generating docs for compound luisa.types.long2...
Generating docs for compound luisa.types.ulong2...
Generating docs for compound luisa.types.long3...
Generating docs for compound luisa.types.ulong3...
Generating docs for compound luisa.types.long4...
Generating docs for compound luisa.types.ulong4...
Generating docs for compound luisa.types.CallableType...
Generating docs for compound luisa.types.BuiltinFuncType...
Generating docs for compound luisa.types.BuiltinFuncBuilder...
Generating docs for compound luisa::utils::ManagedFirstFit...
Generating docs for nested compound luisa::utils::ManagedFirstFit::Node...
Generating docs for compound luisa::utils::TransientResourceDevice...
Generating docs for compound luisa::utils::TransientResourceDeviceScope...
Generating docs for compound luisa::utils::TransientTexDesc...
Generating docs for compound move_only_function_detail::nontype_t< V >...
Generating docs for compound move_only_function_detail::_adapt_signature< T >...
Generating docs for compound move_only_function_detail::_adapt_signature< F * >...
Generating docs for compound move_only_function_detail::_not_qualifying_this< S >...
Generating docs for compound move_only_function_detail::_not_qualifying_this< R(Args...)>...
Generating docs for compound move_only_function_detail::_not_qualifying_this< R(Args...) noexcept >...
Generating docs for compound move_only_function_detail::_not_qualifying_this< R(Args...) const >...
Generating docs for compound move_only_function_detail::_not_qualifying_this< R(Args...) volatile >...
Generating docs for compound move_only_function_detail::_not_qualifying_this< R(Args...) const volatile >...
Generating docs for compound move_only_function_detail::_not_qualifying_this< R(Args...) & >...
Generating docs for compound move_only_function_detail::_not_qualifying_this< R(Args...) const & >...
Generating docs for compound move_only_function_detail::_not_qualifying_this< R(Args...) volatile & >...
Generating docs for compound move_only_function_detail::_not_qualifying_this< R(Args...) const volatile & >...
Generating docs for compound move_only_function_detail::_not_qualifying_this< R(Args...) && >...
Generating docs for compound move_only_function_detail::_not_qualifying_this< R(Args...) const && >...
Generating docs for compound move_only_function_detail::_not_qualifying_this< R(Args...) volatile && >...
Generating docs for compound move_only_function_detail::_not_qualifying_this< R(Args...) const volatile && >...
Generating docs for compound move_only_function_detail::_not_qualifying_this< R(Args...) const noexcept >...
Generating docs for compound move_only_function_detail::_not_qualifying_this< R(Args...) volatile noexcept >...
Generating docs for compound move_only_function_detail::_not_qualifying_this< R(Args...) const volatile noexcept >...
Generating docs for compound move_only_function_detail::_not_qualifying_this< R(Args...) &noexcept >...
Generating docs for compound move_only_function_detail::_not_qualifying_this< R(Args...) const &noexcept >...
Generating docs for compound move_only_function_detail::_not_qualifying_this< R(Args...) volatile &noexcept >...
Generating docs for compound move_only_function_detail::_not_qualifying_this< R(Args...) const volatile &noexcept >...
Generating docs for compound move_only_function_detail::_not_qualifying_this< R(Args...) &&noexcept >...
Generating docs for compound move_only_function_detail::_not_qualifying_this< R(Args...) const &&noexcept >...
Generating docs for compound move_only_function_detail::_not_qualifying_this< R(Args...) volatile &&noexcept >...
Generating docs for compound move_only_function_detail::_not_qualifying_this< R(Args...) const volatile &&noexcept >...
Generating docs for compound move_only_function_detail::_drop_first_arg_to_invoke< F, T >...
Generating docs for compound move_only_function_detail::_drop_first_arg_to_invoke< R(*)(G, Args...), T >...
Generating docs for compound move_only_function_detail::_drop_first_arg_to_invoke< R(*)(G, Args...) noexcept, T >...
Generating docs for compound move_only_function_detail::_drop_first_arg_to_invoke< M G::*, T >...
Generating docs for compound move_only_function_detail::_cv_fn_sig< Sig >...
Generating docs for compound move_only_function_detail::_cv_fn_sig< R(Args...)>...
Generating docs for compound move_only_function_detail::_cv_fn_sig< R(Args...) const >...
Generating docs for compound move_only_function_detail::_ref_quals_fn_sig< Sig >...
Generating docs for compound move_only_function_detail::_ref_quals_fn_sig< R(Args...) & >...
Generating docs for compound move_only_function_detail::_ref_quals_fn_sig< R(Args...) const & >...
Generating docs for compound move_only_function_detail::_ref_quals_fn_sig< R(Args...) && >...
Generating docs for compound move_only_function_detail::_ref_quals_fn_sig< R(Args...) const && >...
Generating docs for compound move_only_function_detail::_noex_traits< V >...
Generating docs for compound move_only_function_detail::_full_fn_sig< Sig >...
Generating docs for compound move_only_function_detail::_full_fn_sig< R(Args...) noexcept >...
Generating docs for compound move_only_function_detail::_full_fn_sig< R(Args...) &noexcept >...
Generating docs for compound move_only_function_detail::_full_fn_sig< R(Args...) &&noexcept >...
Generating docs for compound move_only_function_detail::_full_fn_sig< R(Args...) const noexcept >...
Generating docs for compound move_only_function_detail::_full_fn_sig< R(Args...) const &noexcept >...
Generating docs for compound move_only_function_detail::_full_fn_sig< R(Args...) const &&noexcept >...
Generating docs for compound move_only_function_detail::_move_only_pointer...
Generating docs for nested compound move_only_function_detail::_move_only_pointer::value_type...
Generating docs for compound move_only_function_detail::_callable_trait< noex, R, Args >...
Generating docs for nested compound move_only_function_detail::_callable_trait< noex, R, Args >::vtable...
Generating docs for compound move_only_function_detail::move_only_function< S, class >...
Generating docs for compound move_only_function_detail::move_only_function< S, R(Args...)>...
Generating docs for compound move_only_function_detail::[struct]._take_reference...
Generating docs for compound skr::detail::defer_raii< F >...
Generating docs for compound std::array< T, N >...
Generating docs for compound std::tuple_element< I, E >...
Generating docs for compound std::tuple_size< E >...
Generating docs for namespace test
Generating docs for compound test-game-of-life.ImagePair...
Generating docs for compound tinyobj::texture_option_t...
Generating docs for compound tinyobj::material_t...
Generating docs for compound tinyobj::tag_t...
Generating docs for compound tinyobj::joint_and_weight_t...
Generating docs for compound tinyobj::skin_weight_t...
Generating docs for compound tinyobj::index_t...
Generating docs for compound tinyobj::mesh_t...
Generating docs for compound tinyobj::lines_t...
Generating docs for compound tinyobj::points_t...
Generating docs for compound tinyobj::shape_t...
Generating docs for compound tinyobj::attrib_t...
Generating docs for compound tinyobj::callback_t...
Generating docs for compound tinyobj::MaterialReader...
Generating docs for compound tinyobj::MaterialFileReader...
Generating docs for compound tinyobj::MaterialStreamReader...
Generating docs for compound tinyobj::ObjReaderConfig...
Generating docs for compound tinyobj::ObjReader...
Generating docs for compound vstd::ArenaHashMap< Arena, K, V, Hash, Compare >...
Generating docs for nested compound vstd::ArenaHashMap< Arena, K, V, Hash, Compare >::Iterator...
Generating docs for nested compound vstd::ArenaHashMap< Arena, K, V, Hash, Compare >::MoveIterator...
Generating docs for nested compound vstd::ArenaHashMap< Arena, K, V, Hash, Compare >::IndexBase...
Generating docs for compound vstd::array_meta< T >...
Generating docs for compound vstd::array_meta< T[N]>...
Generating docs for compound vstd::CharSplitIterator...
Generating docs for compound vstd::compare< T >...
Generating docs for compound vstd::compare< Guid >...
Generating docs for compound vstd::compare< std::nullptr_t >...
Generating docs for compound vstd::compare< std::pair< A, B > >...
Generating docs for compound vstd::compare< std::string_view >...
Generating docs for compound vstd::compare< std::tuple< T... > >...
Generating docs for compound vstd::compare< string >...
Generating docs for compound vstd::compare< StringBuilder >...
Generating docs for compound vstd::compare< variant< T... > >...
Generating docs for compound vstd::compare< vstd::wstring >...
Generating docs for compound vstd::ConstTreeElement< K, V >...
Generating docs for compound vstd::DefaultMallocVisitor...
Generating docs for compound vstd::disposer< T >...
Generating docs for compound vstd::DynamicObject< T >...
Generating docs for compound vstd::Evaluable...
Generating docs for compound vstd::filter_range< T >...
Generating docs for compound vstd::func_ptr< T >...
Generating docs for compound vstd::func_ptr< Ret(Args...)>...
Generating docs for compound vstd::FuncRef< T >...
Generating docs for compound vstd::FuncRef< Ret(Args...)>...
Generating docs for compound vstd::get_type< N, T, Ts >...
Generating docs for compound vstd::get_type< 0, T, Ts... >...
Generating docs for compound vstd::Guid...
Generating docs for nested compound vstd::Guid::GuidData...
Generating docs for compound vstd::Hash...
Generating docs for compound vstd::hash< K >...
Generating docs for compound vstd::hash< char * >...
Generating docs for compound vstd::hash< char const * >...
Generating docs for compound vstd::hash< char[i]>...
Generating docs for compound vstd::hash< Guid >...
Generating docs for compound vstd::hash< int16_t >...
Generating docs for compound vstd::hash< int32_t >...
Generating docs for compound vstd::hash< int64_t >...
Generating docs for compound vstd::hash< int8_t >...
Generating docs for compound vstd::hash< MD5 >...
Generating docs for compound vstd::hash< MD5::MD5Data >...
Generating docs for compound vstd::hash< std::pair< A, B > >...
Generating docs for compound vstd::hash< std::string_view >...
Generating docs for compound vstd::hash< std::tuple< T... > >...
Generating docs for compound vstd::hash< string >...
Generating docs for compound vstd::hash< StringBuilder >...
Generating docs for compound vstd::hash< uint16_t >...
Generating docs for compound vstd::hash< uint32_t >...
Generating docs for compound vstd::hash< uint64_t >...
Generating docs for compound vstd::hash< uint8_t >...
Generating docs for compound vstd::hash< variant< T... > >...
Generating docs for compound vstd::hash< vstd::wstring >...
Generating docs for compound vstd::hash< wchar_t * >...
Generating docs for compound vstd::hash< wchar_t const * >...
Generating docs for compound vstd::hash< wchar_t[i]>...
Generating docs for compound vstd::HashEqual...
Generating docs for compound vstd::HashMap< K, V, Hash, Compare, allocType >...
Generating docs for nested compound vstd::HashMap< K, V, Hash, Compare, allocType >::Iterator...
Generating docs for nested compound vstd::HashMap< K, V, Hash, Compare, allocType >::MoveIterator...
Generating docs for nested compound vstd::HashMap< K, V, Hash, Compare, allocType >::IndexBase...
Generating docs for compound vstd::HashValue...
Generating docs for compound vstd::IDisposable...
Generating docs for compound vstd::IfType< A, B, value >...
Generating docs for compound vstd::IfType< A, B, false >...
Generating docs for compound vstd::IfType< A, B, true >...
Generating docs for compound vstd::index_of< T, Ts >...
Generating docs for compound vstd::index_of< T, T, Ts... >...
Generating docs for compound vstd::index_of< T, U, Ts... >...
Generating docs for compound vstd::IOperatorNewBase...
Generating docs for compound vstd::IRange< T >...
Generating docs for compound vstd::ite_range< Container >...
Generating docs for compound vstd::IteEndTag...
Generating docs for compound vstd::IteRef< T >...
Generating docs for compound vstd::LMDB...
Generating docs for compound vstd::LMDBIterator...
Generating docs for nested compound vstd::LMDBIterator::Value...
Generating docs for compound vstd::LMDBIteratorEndTag...
Generating docs for compound vstd::LMDBWriteCommand...
Generating docs for compound vstd::LockFreeArrayQueue< T, allocType >...
Generating docs for compound vstd::MD5...
Generating docs for nested compound vstd::MD5::MD5Data...
Generating docs for compound vstd::Pool< T, noCheckBeforeDispose >...
Generating docs for compound vstd::Pool< T, false >...
Generating docs for nested compound vstd::Pool< T, false >::PoolIterator...
Generating docs for nested compound vstd::Pool< T, false >::PoolIteratorMother...
Generating docs for compound vstd::Pool< T, true >...
Generating docs for compound vstd::ptr_range< T >...
Generating docs for compound vstd::range...
Generating docs for compound vstd::range_linker< Args >...
Generating docs for compound vstd::SelectType< A, B, v >...
Generating docs for compound vstd::SelectType< A, B, false >...
Generating docs for compound vstd::SelectType< A, B, true >...
Generating docs for compound vstd::SingleThreadArrayQueue< T, allocType >...
Generating docs for compound vstd::SmallTreeMap< K, V, Compare >...
Generating docs for nested compound vstd::SmallTreeMap< K, V, Compare >::Node...
Generating docs for compound vstd::StackAllocator...
Generating docs for nested compound vstd::StackAllocator::Buffer...
Generating docs for nested compound vstd::StackAllocator::Chunk...
Generating docs for compound vstd::StackAllocatorVisitor...
Generating docs for compound vstd::StackObject< T, autoDispose >...
Generating docs for compound vstd::StackObject< T, false >...
Generating docs for compound vstd::StackObject< T, true >...
Generating docs for compound vstd::Storage< T, size >...
Generating docs for compound vstd::Storage< T, 0 >...
Generating docs for compound vstd::StringBuilder...
Generating docs for compound vstd::StringUtil...
Generating docs for compound vstd::StrvIEnumerator< SignT, IteratorType >...
Generating docs for compound vstd::StrVSplitIterator...
Generating docs for compound vstd::to_value...
Generating docs for compound vstd::transform_range< T >...
Generating docs for compound vstd::TreeElement< K, V >...
Generating docs for compound vstd::tuple_range< Ts >...
Generating docs for compound vstd::tuple_range< A, B >...
Generating docs for compound vstd::TypeOf< T >...
Generating docs for compound vstd::UndefEval< T >...
Generating docs for compound vstd::unique_ptr_deleter...
Generating docs for compound vstd::v_lazy_eval< Func >...
Generating docs for compound vstd::variant< AA >...
Generating docs for compound vstd::VEngineMallocVisitor...
Generating docs for compound vstd::visit_strategy< N, Strategy >...
Generating docs for compound vstd::visit_strategy< N, 0 >...
Generating docs for compound vstd::visit_strategy< N, 1 >...
Generating docs for compound vstd::visit_strategy< N, 2 >...
Generating docs for compound vstd::visit_strategy< N, 3 >...
Generating docs for compound vstd::visit_strategy< N, 4 >...
Generating docs for compound vstd::detail::AnyMap< map, reverse, Tar >...
Generating docs for compound vstd::detail::IRangeImpl< ValueType, Range >...
Generating docs for compound vstd::detail::make_integer< size, is_signed >...
Generating docs for compound vstd::detail::make_integer< 1u, is_signed >...
Generating docs for compound vstd::detail::make_integer< 2u, is_signed >...
Generating docs for compound vstd::detail::make_integer< 4u, is_signed >...
Generating docs for compound vstd::detail::make_integer< 8u, is_signed >...
Generating docs for compound vstd::detail::MapConstructible< T, Args >...
Generating docs for compound vstd::detail::MapConstructible< void, Args... >...
Generating docs for compound vstd::detail::MD5_Impl...
Generating docs for compound vstd::detail::member_func_meta< T >...
Generating docs for compound vstd::detail::member_func_meta< Ret(Class::*)(Args...) const >...
Generating docs for compound vstd::detail::member_func_meta< Ret(Class::*)(Args...) const noexcept >...
Generating docs for compound vstd::detail::member_func_meta< Ret(Class::*)(Args...) noexcept >...
Generating docs for compound vstd::detail::member_func_meta< Ret(Class::*)(Args...)>...
Generating docs for compound vstd::detail::MultiCompare< Args >...
Generating docs for compound vstd::detail::MultiCompare< T, Args... >...
Generating docs for compound vstd::detail::ObjType< Ret, Args >...
Generating docs for compound vstd::detail::SampleTupleFuncTable< Tuple, Func, Sequencer >...
Generating docs for compound vstd::detail::SampleTupleFuncTable< Tuple, Func, std::integer_sequence< size_t, i... > >...
Generating docs for compound vstd::detail::TreeMapUtility< Node >...
Generating docs for compound vstd::detail::TupleCompare< index, Tuple >...
Generating docs for compound vstd::detail::TupleCompare< index, std::tuple< T... > >...
Generating docs for compound vstd::detail::VariantConstructible< Args >...
Generating docs for compound vstd::hashmap_detail::HashMapIndex< HashMap >...
Generating docs for compound vstd::hashmap_detail::HashSetIndex< HashMap >...
Generating docs for compound vstd::hashmap_detail::HashSetIndexType< V, HashMap >...
Generating docs for compound vstd::hashmap_detail::HashSetIndexType< void, HashMap >...
Generating graph info page...
Generating directory documentation...
Generating index page...
Generating main page...
Generating page index...
Generating topic index...
Generating module index...
Generating module member index...
Generating namespace index...
Generating namespace member index...
Generating concept index...
Generating annotated compound index...
Generating alphabetical compound index...
Generating hierarchical class index...
Generating member index...
Generating file index...
Generating file member index...
Generating example index...
finalizing index lists...
writing tag file...
Generating XML output...
Generating XML output for class move_only_function_detail::[struct]._take_reference
Generating XML output for class luisa::compute::Argument::[union].__unnamed0__
Generating XML output for class luisa::shader::vec< T, 2 >::[union].__unnamed0__
Generating XML output for class luisa::shader::vec< T, 3 >::[union].__unnamed0__
Generating XML output for class luisa::shader::vec< T, 4 >::[union].__unnamed0__
Generating XML output for class move_only_function_detail::_adapt_signature
Generating XML output for class move_only_function_detail::_adapt_signature< F * >
Generating XML output for class move_only_function_detail::_callable_trait
Generating XML output for class move_only_function_detail::_cv_fn_sig
Generating XML output for class move_only_function_detail::_cv_fn_sig< R(Args...) const >
Generating XML output for class move_only_function_detail::_cv_fn_sig< R(Args...)>
Generating XML output for class _DeepImage
Generating XML output for class move_only_function_detail::_drop_first_arg_to_invoke
Generating XML output for class move_only_function_detail::_drop_first_arg_to_invoke< M G::*, T >
Generating XML output for class move_only_function_detail::_drop_first_arg_to_invoke< R(*)(G, Args...) noexcept, T >
Generating XML output for class move_only_function_detail::_drop_first_arg_to_invoke< R(*)(G, Args...), T >
Generating XML output for class _EXRAttribute
Generating XML output for class _EXRChannelInfo
Generating XML output for class _EXRHeader
Generating XML output for class _EXRImage
Generating XML output for class _EXRMultiPartHeader
Generating XML output for class _EXRMultiPartImage
Generating XML output for class _EXRTile
Generating XML output for class _EXRVersion
Generating XML output for class move_only_function_detail::_full_fn_sig
Generating XML output for class move_only_function_detail::_full_fn_sig< R(Args...) &&noexcept >
Generating XML output for class move_only_function_detail::_full_fn_sig< R(Args...) &noexcept >
Generating XML output for class move_only_function_detail::_full_fn_sig< R(Args...) const &&noexcept >
Generating XML output for class move_only_function_detail::_full_fn_sig< R(Args...) const &noexcept >
Generating XML output for class move_only_function_detail::_full_fn_sig< R(Args...) const noexcept >
Generating XML output for class move_only_function_detail::_full_fn_sig< R(Args...) noexcept >
Generating XML output for class move_only_function_detail::_move_only_pointer
Generating XML output for class move_only_function_detail::_noex_traits
Generating XML output for class move_only_function_detail::_not_qualifying_this
Generating XML output for class move_only_function_detail::_not_qualifying_this< R(Args...) & >
Generating XML output for class move_only_function_detail::_not_qualifying_this< R(Args...) && >
Generating XML output for class move_only_function_detail::_not_qualifying_this< R(Args...) &&noexcept >
Generating XML output for class move_only_function_detail::_not_qualifying_this< R(Args...) &noexcept >
Generating XML output for class move_only_function_detail::_not_qualifying_this< R(Args...) const & >
Generating XML output for class move_only_function_detail::_not_qualifying_this< R(Args...) const && >
Generating XML output for class move_only_function_detail::_not_qualifying_this< R(Args...) const &&noexcept >
Generating XML output for class move_only_function_detail::_not_qualifying_this< R(Args...) const &noexcept >
Generating XML output for class move_only_function_detail::_not_qualifying_this< R(Args...) const >
Generating XML output for class move_only_function_detail::_not_qualifying_this< R(Args...) const noexcept >
Generating XML output for class move_only_function_detail::_not_qualifying_this< R(Args...) const volatile & >
Generating XML output for class move_only_function_detail::_not_qualifying_this< R(Args...) const volatile && >
Generating XML output for class move_only_function_detail::_not_qualifying_this< R(Args...) const volatile &&noexcept >
Generating XML output for class move_only_function_detail::_not_qualifying_this< R(Args...) const volatile &noexcept >
Generating XML output for class move_only_function_detail::_not_qualifying_this< R(Args...) const volatile >
Generating XML output for class move_only_function_detail::_not_qualifying_this< R(Args...) const volatile noexcept >
Generating XML output for class move_only_function_detail::_not_qualifying_this< R(Args...) noexcept >
Generating XML output for class move_only_function_detail::_not_qualifying_this< R(Args...) volatile & >
Generating XML output for class move_only_function_detail::_not_qualifying_this< R(Args...) volatile && >
Generating XML output for class move_only_function_detail::_not_qualifying_this< R(Args...) volatile &&noexcept >
Generating XML output for class move_only_function_detail::_not_qualifying_this< R(Args...) volatile &noexcept >
Generating XML output for class move_only_function_detail::_not_qualifying_this< R(Args...) volatile >
Generating XML output for class move_only_function_detail::_not_qualifying_this< R(Args...) volatile noexcept >
Generating XML output for class move_only_function_detail::_not_qualifying_this< R(Args...)>
Generating XML output for class move_only_function_detail::_ref_quals_fn_sig
Generating XML output for class move_only_function_detail::_ref_quals_fn_sig< R(Args...) & >
Generating XML output for class move_only_function_detail::_ref_quals_fn_sig< R(Args...) && >
Generating XML output for class move_only_function_detail::_ref_quals_fn_sig< R(Args...) const & >
Generating XML output for class move_only_function_detail::_ref_quals_fn_sig< R(Args...) const && >
Generating XML output for class A
Generating XML output for class AA
Generating XML output for class luisa::compute::AABB
Generating XML output for class luisa::compute::AABBHit
Generating XML output for class luisa::accel::Accel
Generating XML output for class luisa::compute::Accel
Generating XML output for class luisa::compute::Argument::Accel
Generating XML output for class luisa::shader::Accel
Generating XML output for class luisa::compute::Function::AccelBinding
Generating XML output for class luisa::compute::AccelBuildCommand
Generating XML output for class luisa::compute::detail::AccelExprProxy
Generating XML output for class luisa::compute::AccelOption
Generating XML output for class luisa::compute::AccelTraceOptions
Generating XML output for class luisa::compute::xir::PointerUsageAnalysis::Impl::AccessEvent
Generating XML output for class luisa::compute::AccessExpr
Generating XML output for class luisa::compute::tile::AddReduction
Generating XML output for class luisa::compute::tile::detail::AffineAnalyzer
Generating XML output for class luisa::compute::tile::detail::AffineForm
Generating XML output for class luisa::compute::xir::AggregateFieldBitmask
Generating XML output for class luisa::compute::xir::detail::AggregateFieldBitRange
Generating XML output for class luisa::compute::xir::detail::AggregateFieldTree
Generating XML output for class luisa::compute::xir::AlgebraicSimplifyInfo
Generating XML output for class luisa::compute::xir::AlgebraicSimplifyOptions
Generating XML output for class luisa::compute::xir::AliasAnalysisInfo
Generating XML output for class luisa::concepts::detail::all_same_impl
Generating XML output for class luisa::concepts::detail::all_same_impl< First, Other... >
Generating XML output for class luisa::compute::xir::detail::AllocaAnalysis
Generating XML output for class luisa::compute::xir::AllocaInst
Generating XML output for class luisa::allocator
Generating XML output for class luisa::always_false
Generating XML output for class luisa::always_true
Generating XML output for class luisa::compute::tile::AnalysisManager
Generating XML output for class luisa::compute::tile::bridge::tirx::AnalyticExecutionCostPolicy
Generating XML output for class vstd::detail::AnyMap
Generating XML output for class AoSArray
Generating XML output for class AoSItem
Generating XML output for class luisa::compute::AOTShader
Generating XML output for class AppData
Generating XML output for class luisa::compute::AppData
Generating XML output for class Appdata
Generating XML output for class Apple
Generating XML output for class vstd::ArenaHashMap
Generating XML output for class luisa::compute::Argument
Generating XML output for class luisa::compute::xir::Argument
Generating XML output for class luisa::compute::detail::ArgumentCreation
Generating XML output for class Arguments
Generating XML output for class ArgumentsView
Generating XML output for class luisa::compute::CustomDispatchCommand::ArgumentVisitor
Generating XML output for class luisa::compute::xir::ArithmeticInst
Generating XML output for class luisa::array::Array
Generating XML output for class std::array
Generating XML output for class luisa::compute::array_dimension
Generating XML output for class luisa::compute::array_dimension< std::array< T, N > >
Generating XML output for class luisa::compute::array_dimension< T[N]>
Generating XML output for class luisa::compute::array_element
Generating XML output for class luisa::compute::array_element< std::array< T, N > >
Generating XML output for class luisa::compute::array_element< T[N]>
Generating XML output for class vstd::array_meta
Generating XML output for class vstd::array_meta< T[N]>
Generating XML output for class luisa::array::ArrayType
Generating XML output for class luisa::compute::xir::AssertInst
Generating XML output for class luisa::compute::AssignStmt
Generating XML output for class luisa::compute::xir::AssumeInst
Generating XML output for class luisa::clangcxx::AST
Generating XML output for class luisa::compute::AST2JSON
Generating XML output for class luisa::compute::xir::AST2XIRConfig
Generating XML output for class luisa::compute::xir::AST2XIRContext
Generating XML output for class luisa::clangcxx::ASTCallableConsumer
Generating XML output for class luisa::clangcxx::ASTConsumer
Generating XML output for class luisa::clangcxx::ASTConsumerBase
Generating XML output for class luisa::compute::ASTJsonBindingResolver
Generating XML output for class luisa::compute::ASTJsonDecodeResult
Generating XML output for class luisa::compute::ASTJsonEncodeResult
Generating XML output for class luisa::compute::ASTJsonLimits
Generating XML output for class luisa::astbuilder::ASTVisitor
Generating XML output for class luisa::compute::xir::detail::CoroFrameAtomDomain::Atom
Generating XML output for class AtomicAccessChain
Generating XML output for class luisa::compute::xir::AtomicInst
Generating XML output for class AtomicQueue
Generating XML output for class luisa::compute::detail::AtomicRef
Generating XML output for class luisa::compute::detail::AtomicRef< Matrix< float, N > >
Generating XML output for class luisa::compute::detail::AtomicRef< std::array< T, N > & >
Generating XML output for class luisa::compute::detail::AtomicRef< std::array< T, N > >
Generating XML output for class luisa::compute::detail::AtomicRef< std::tuple< Ts... > >
Generating XML output for class luisa::compute::detail::AtomicRef< T >
Generating XML output for class luisa::compute::detail::AtomicRef< Vector< T, 2 > >
Generating XML output for class luisa::compute::detail::AtomicRef< Vector< T, 3 > >
Generating XML output for class luisa::compute::detail::AtomicRef< Vector< T, 4 > >
Generating XML output for class luisa::compute::detail::AtomicRefBase
Generating XML output for class luisa::compute::detail::AtomicRefNode
Generating XML output for class tinyobj::attrib_t
Generating XML output for class luisa::compute::Attribute
Generating XML output for class luisa::compute::tile::Attribute
Generating XML output for class luisa::compute::xir::AutodiffInfo
Generating XML output for class luisa::compute::xir::AutodiffIntrinsicInst
Generating XML output for class luisa::compute::xir::AutodiffOptions
Generating XML output for class luisa::compute::xir::AutodiffScopeInst
Generating XML output for class luisa::compute::AutoDiffStmt
Generating XML output for class luisa::compute::detail::AutoDiffStmtBuilder
Generating XML output for class luisa::compute::tile::Axis
Generating XML output for class luisa::compute::tile::bridge::tirx::AxisBinding
Generating XML output for class luisa::compute::BackendModule
Generating XML output for class luisa::ManagedIntrusiveList::BackwardAdvance
Generating XML output for class luisa::basic_string_hash
Generating XML output for class luisa::compute::xir::BasicBlock
Generating XML output for class luisa::compute::xir::BasicBlockPointerUsage
Generating XML output for class BB
Generating XML output for class Bbox
Generating XML output for class luisa::compute::BezierCurve
Generating XML output for class luisa::BinaryBlob
Generating XML output for class luisa::compute::BinaryExpr
Generating XML output for class luisa::BinaryFileStream
Generating XML output for class luisa::BinaryIO
Generating XML output for class luisa::BinaryStream
Generating XML output for class luisa::compute::tile::bridge::tirx::detail::MatrixEpilogue::Binding
Generating XML output for class luisa::bindless::BindlessArray
Generating XML output for class luisa::compute::Argument::BindlessArray
Generating XML output for class luisa::compute::BindlessArray
Generating XML output for class luisa::shader::BindlessArray
Generating XML output for class luisa::compute::Function::BindlessArrayBinding
Generating XML output for class luisa::compute::detail::BindlessArrayExprProxy
Generating XML output for class luisa::compute::BindlessArrayUpdateCommand
Generating XML output for class luisa::compute::BindlessBuffer
Generating XML output for class luisa::compute::detail::BindlessBuffer
Generating XML output for class luisa::shader::BindlessBuffer
Generating XML output for class luisa::compute::detail::BindlessByteBuffer
Generating XML output for class luisa::shader::BindlessImage
Generating XML output for class BindlessRecord
Generating XML output for class luisa::compute::xir::BindlessResourceAccess
Generating XML output for class luisa::compute::detail::BindlessTexture2D
Generating XML output for class luisa::compute::detail::BindlessTexture3D
Generating XML output for class luisa::shader::BindlessVolume
Generating XML output for class luisa::compute::tile::detail::BitLinearAnalyzer
Generating XML output for class luisa::compute::tile::detail::BitLinearForm
Generating XML output for class luisa::compute::xir::AggregateFieldBitmask::BitSpan
Generating XML output for class luisa::compute::BlendState
Generating XML output for class luisa::compute::tile::Block
Generating XML output for class luisa::compute::xir::detail::RayQueryHandlerGraph::Block
Generating XML output for class BoolVecTest
Generating XML output for class luisa::compute::coro::CoroGraph::Boundary
Generating XML output for class luisa::compute::xir::BranchInst
Generating XML output for class luisa::compute::xir::BranchTerminatorInstruction
Generating XML output for class luisa::compute::xir::AST2XIRContext::BreakContinueTarget
Generating XML output for class luisa::compute::xir::BreakInst
Generating XML output for class luisa::compute::BreakStmt
Generating XML output for class luisa::detail::btree_map_base
Generating XML output for class luisa::buffer::Buffer
Generating XML output for class luisa::compute::Argument::Buffer
Generating XML output for class luisa::compute::Buffer
Generating XML output for class luisa::shader::Buffer
Generating XML output for class vstd::StackAllocator::Buffer
Generating XML output for class luisa::shader::Buffer< float, cache_flags >
Generating XML output for class luisa::shader::Buffer< int32, cache_flags >
Generating XML output for class luisa::shader::Buffer< uint32, cache_flags >
Generating XML output for class luisa::shader::Buffer< void, cache_flags >
Generating XML output for class luisa::compute::detail::buffer_element_impl
Generating XML output for class luisa::compute::detail::buffer_element_impl< Buffer< T > >
Generating XML output for class luisa::compute::detail::buffer_element_impl< BufferView< T > >
Generating XML output for class luisa::compute::detail::buffer_element_impl< SparseBuffer< T > >
Generating XML output for class luisa::compute::BufferArena
Generating XML output for class luisa::compute::Function::BufferBinding
Generating XML output for class luisa::compute::BufferCopyCommand
Generating XML output for class luisa::compute::BufferCreationInfo
Generating XML output for class luisa::compute::BufferDownloadCommand
Generating XML output for class luisa::compute::detail::BufferExprAsAtomic
Generating XML output for class luisa::compute::detail::BufferExprAsAtomic< T >
Generating XML output for class luisa::compute::detail::BufferExprProxy
Generating XML output for class luisa::compute::BindlessArrayUpdateCommand::BufferModification
Generating XML output for class luisa::compute::DStorageReadCommand::BufferRequest
Generating XML output for class luisa::utils::TransientResourceDevice::BufferTimelineDesc
Generating XML output for class luisa::compute::BufferToTextureCopyCommand
Generating XML output for class luisa::buffer::BufferType
Generating XML output for class luisa::compute::BufferUploadCommand
Generating XML output for class luisa::compute::tile::bridge::tirx::detail::BufferUseCollector
Generating XML output for class luisa::compute::BufferView
Generating XML output for class luisa::clangcxx::BuildArgument
Generating XML output for class luisa::clangcxx::FunctionBuilderBuilder::BuildResult
Generating XML output for class luisa::types::BuiltinFuncBuilder
Generating XML output for class luisa::types::BuiltinFuncType
Generating XML output for class luisa::compute::BuiltinKernel
Generating XML output for class luisa::buffer::ByteBuffer
Generating XML output for class luisa::compute::ByteBuffer
Generating XML output for class luisa::compute::detail::ByteBufferExprProxy
Generating XML output for class luisa::buffer::ByteBufferType
Generating XML output for class luisa::compute::ByteBufferView
Generating XML output for class luisa::compute::detail::c_array_to_std_array
Generating XML output for class luisa::compute::detail::c_array_to_std_array< T[N]>
Generating XML output for class luisa::compute::Callable
Generating XML output for class luisa::compute::Callable< Ret(Args...)>
Generating XML output for class luisa::compute::xir::CallableFunction
Generating XML output for class luisa::compute::detail::CallableInvoke
Generating XML output for class luisa::callable_lib::CallableLibrary
Generating XML output for class luisa::compute::CallableLibrary
Generating XML output for class luisa::compute::detail::CallableOutliner
Generating XML output for class luisa::types::CallableType
Generating XML output for class luisa::compute::detail::CallableTypeChecker
Generating XML output for class luisa::compute::detail::CallableTypeChecker< Ret(Args...)>
Generating XML output for class tinyobj::callback_t
Generating XML output for class luisa::compute::xir::PointerUsageAnalysis::Impl::CalleeSnapshot
Generating XML output for class luisa::compute::CallExpr
Generating XML output for class luisa::compute::xir::CallGraph
Generating XML output for class luisa::compute::xir::CallInst
Generating XML output for class luisa::clangcxx::CallLibFrontendAction
Generating XML output for class luisa::compute::CallOpSet
Generating XML output for class luisa::compute::canonical_layout
Generating XML output for class luisa::compute::canonical_layout< bool >
Generating XML output for class luisa::compute::canonical_layout< double >
Generating XML output for class luisa::compute::canonical_layout< float >
Generating XML output for class luisa::compute::canonical_layout< half >
Generating XML output for class luisa::compute::canonical_layout< int >
Generating XML output for class luisa::compute::canonical_layout< int8_t >
Generating XML output for class luisa::compute::canonical_layout< long >
Generating XML output for class luisa::compute::canonical_layout< short >
Generating XML output for class luisa::compute::canonical_layout< slong >
Generating XML output for class luisa::compute::canonical_layout< std::tuple< T > >
Generating XML output for class luisa::compute::canonical_layout< std::tuple< T... > >
Generating XML output for class luisa::compute::canonical_layout< uint >
Generating XML output for class luisa::compute::canonical_layout< uint8_t >
Generating XML output for class luisa::compute::canonical_layout< ulong >
Generating XML output for class luisa::compute::canonical_layout< unsigned long >
Generating XML output for class luisa::compute::canonical_layout< ushort >
Generating XML output for class luisa::compute::detail::canonical_signature
Generating XML output for class luisa::compute::detail::canonical_signature< Ret(*)(Args...)>
Generating XML output for class luisa::compute::detail::canonical_signature< Ret(Args...)>
Generating XML output for class luisa::compute::tile::detail::CaptureContext
Generating XML output for class CapturedMessage
Generating XML output for class luisa::compute::tile::detail::CaptureGuard
Generating XML output for class luisa::test::tile_llm::Case
Generating XML output for class luisa::compute::CastExpr
Generating XML output for class luisa::compute::xir::CastInst
Generating XML output for class luisa::compute::CatmullRomCurve
Generating XML output for class luisa::compute::xir::detail::CFGIrreducibleRegion
Generating XML output for class luisa::compute::xir::detail::CfgOwner
Generating XML output for class luisa::compute::xir::detail::CFGStronglyConnectedComponent
Generating XML output for class luisa::compute::xir::detail::CFGStronglyConnectedComponents
Generating XML output for class vstd::CharSplitIterator
Generating XML output for class vstd::StackAllocator::Chunk
Generating XML output for class luisa::compute::ClearDepthCommand
Generating XML output for class luisa::compute::ClearRenderTargetCommand
Generating XML output for class luisa::Clock
Generating XML output for class luisa::compute::xir::ClockInst
Generating XML output for class luisa::compute::tile::bridge::xir::detail::ClosedReduction
Generating XML output for class luisa::compute::osl::ClosureType
Generating XML output for class luisa::compute::osl::Shader::CodeMarker
Generating XML output for class luisa::compute::Command
Generating XML output for class luisa::utils::TransientResourceDevice::CommandCache
Generating XML output for class luisa::compute::CommandList
Generating XML output for class luisa::compute::CommandVisitor
Generating XML output for class luisa::clangcxx::TypeDatabase::Commenter
Generating XML output for class luisa::compute::xir::CommentMD
Generating XML output for class luisa::compute::CommentStmt
Generating XML output for class luisa::compute::CommandList::Commit
Generating XML output for class luisa::compute::Stream::Commit
Generating XML output for class luisa::compute::CommittedHit
Generating XML output for class luisa::shader::CommittedHit
Generating XML output for class luisa::compute::coro::CompactionResult
Generating XML output for class vstd::compare
Generating XML output for class vstd::compare< Guid >
Generating XML output for class vstd::compare< std::nullptr_t >
Generating XML output for class vstd::compare< std::pair< A, B > >
Generating XML output for class vstd::compare< std::string_view >
Generating XML output for class vstd::compare< std::tuple< T... > >
Generating XML output for class vstd::compare< string >
Generating XML output for class vstd::compare< StringBuilder >
Generating XML output for class vstd::compare< variant< T... > >
Generating XML output for class vstd::compare< vstd::wstring >
Generating XML output for class luisa::compute::tile::bridge::tirx::CompilationResult
Generating XML output for class luisa::func::CompileError
Generating XML output for class luisa::compute::tile::bridge::tirx::CompileOptions
Generating XML output for class luisa::compute::tile::CompileOptions
Generating XML output for class luisa::clangcxx::Compiler
Generating XML output for class Complex
Generating XML output for class ComplexComplex
Generating XML output for class ComplexStruct
Generating XML output for class luisa::compute::ComputeDispatchCmdEncoder
Generating XML output for class luisa::compute::xir::ConditionalBranchInst
Generating XML output for class luisa::compute::xir::ConditionalBranchTerminatorInstruction
Generating XML output for class luisa::compute::ImGuiWindow::Config
Generating XML output for class luisa::compute::Constant
Generating XML output for class luisa::compute::xir::Constant
Generating XML output for class luisa::compute::detail::ConstantContainer
Generating XML output for class luisa::compute::ConstantData
Generating XML output for class luisa::compute::ConstantDecoder
Generating XML output for class luisa::compute::ConstantExpr
Generating XML output for class ConstantMaterial
Generating XML output for class luisa::compute::ConstantSerializer
Generating XML output for class luisa::compute::xir::AggregateFieldBitmask::ConstBitSpan
Generating XML output for class luisa::compute::xir::ConstFoldInfo
Generating XML output for class luisa::compute::xir::ConstPhiIncoming
Generating XML output for class luisa::compute::xir::ConstPhiIncomingUse
Generating XML output for class vstd::ConstTreeElement
Generating XML output for class vstd::LockFreeArrayQueue::ConsumerData
Generating XML output for class ConsumerRecord
Generating XML output for class luisa::compute::Context
Generating XML output for class luisa::compute::ImGuiWindow::ContextGuard
Generating XML output for class luisa::compute::detail::ContextImpl
Generating XML output for class luisa::compute::xir::ContinueInst
Generating XML output for class luisa::compute::ContinueStmt
Generating XML output for class luisa::compute::xir::ControlFlowMerge
Generating XML output for class luisa::compute::xir::ControlFlowMergeMixin
Generating XML output for class luisa::compute::xir::ConvergenceRegion
Generating XML output for class luisa::compute::xir::ConvergenceRegionInfo
Generating XML output for class luisa::compute::CoopMatrixRef
Generating XML output for class luisa::compute::CoopVector
Generating XML output for class luisa::compute::CoopVectorRef
Generating XML output for class luisa::compute::tile::detail::Coordinates
Generating XML output for class CoroAggregateArgument
Generating XML output for class luisa::compute::xir::CoroAllocaScopeInfo
Generating XML output for class luisa::compute::xir::CoroAllocaScopeOptions
Generating XML output for class luisa::compute::detail::CoroAwaiter
Generating XML output for class luisa::compute::xir::detail::CoroBooleanPredicateLiveness
Generating XML output for class luisa::compute::xir::detail::CoroBooleanSetManager
Generating XML output for class luisa::compute::xir::CoroCfgDistillOptions
Generating XML output for class luisa::compute::xir::CoroCfgDistillResult
Generating XML output for class luisa::compute::xir::CoroCfgDistillStats
Generating XML output for class luisa::compute::xir::detail::CoroCounterAvailabilityWitness
Generating XML output for class luisa::compute::CoroFrame
Generating XML output for class luisa::compute::xir::detail::CoroFrameAbiField
Generating XML output for class luisa::compute::xir::detail::CoroFrameAbiPlan
Generating XML output for class luisa::compute::xir::detail::CoroFrameAtomDomain
Generating XML output for class luisa::compute::CoroFrameDesc
Generating XML output for class luisa::compute::CoroFrameExport
Generating XML output for class luisa::compute::CoroFrameIdProxy
Generating XML output for class luisa::compute::coro::CoroFrameIOPlan
Generating XML output for class luisa::compute::coro::CoroFrameIOPlanConfig
Generating XML output for class luisa::compute::coro::CoroFrameRelocationFieldPartition
Generating XML output for class luisa::compute::coro::CoroFrameSharedStorage
Generating XML output for class luisa::compute::coro::CoroFrameStorageLayout
Generating XML output for class luisa::compute::coro::CoroGraph
Generating XML output for class luisa::compute::xir::detail::CoroGuardedScalarRelationDomain
Generating XML output for class luisa::compute::xir::detail::CoroInitializedPrefixProofResult
Generating XML output for class luisa::compute::xir::detail::CoroMaskedScalarProjection
Generating XML output for class luisa::compute::xir::detail::CoroMaskedScalarWitness
Generating XML output for class luisa::compute::xir::CoroMaterializeInfo
Generating XML output for class luisa::compute::xir::detail::CoroPredicateAnalysis
Generating XML output for class luisa::compute::xir::detail::CoroPredicateLiteral
Generating XML output for class luisa::compute::xir::CoroReg2MemInfo
Generating XML output for class luisa::compute::xir::CoroRematerializeInfo
Generating XML output for class luisa::compute::xir::CoroRematerializeOptions
Generating XML output for class luisa::compute::xir::detail::CoroReplayableValueAnalysis
Generating XML output for class luisa::compute::xir::CoroResumeInst
Generating XML output for class luisa::compute::xir::detail::CoroScalarRelationLiveness
Generating XML output for class luisa::compute::xir::detail::CoroScalarZeroProjection
Generating XML output for class luisa::compute::coro::CoroScheduler
Generating XML output for class luisa::compute::coro::detail::CoroSchedulerDispatch
Generating XML output for class luisa::compute::coro::detail::CoroSchedulerInvoke
Generating XML output for class luisa::compute::xir::detail::CoroSemanticGraph
Generating XML output for class luisa::compute::coro::CoroSlotAccess
Generating XML output for class CoroSoASevenWords
Generating XML output for class luisa::compute::xir::CoroSplitInfo
Generating XML output for class luisa::compute::xir::detail::CoroSplitValueResolver
Generating XML output for class luisa::compute::CoroSuspendAnnotation
Generating XML output for class luisa::compute::CoroSuspendAttribute
Generating XML output for class luisa::compute::CoroSuspendBinding
Generating XML output for class luisa::compute::CoroSuspendExtension
Generating XML output for class luisa::compute::CoroSuspendExtensionBuilder
Generating XML output for class luisa::compute::dsl::CoroSuspendExtensionBuilder
Generating XML output for class luisa::compute::xir::CoroSuspendExtensionOwner
Generating XML output for class luisa::compute::CoroSuspendExtensionRecorder
Generating XML output for class luisa::compute::xir::CoroSuspendInst
Generating XML output for class luisa::compute::xir::CoroTerminateInst
Generating XML output for class luisa::compute::xir::detail::CoroTransferGraph
Generating XML output for class luisa::compute::Coroutine
Generating XML output for class luisa::compute::Coroutine< Ret(Args...)>
Generating XML output for class luisa::compute::detail::CoroutineCompileResult
Generating XML output for class luisa::compute::CpuCallable
Generating XML output for class luisa::compute::tile::bridge::tirx::detail::CpuCallAudit
Generating XML output for class luisa::compute::CpuCustomOpExpr
Generating XML output for class luisa::compute::xir::Constant::ctor_tag_one
Generating XML output for class luisa::compute::xir::Constant::ctor_tag_sentinel
Generating XML output for class luisa::compute::xir::Constant::ctor_tag_zero
Generating XML output for class luisa::compute::ImGuiWindow::Impl::CtxGuard
Generating XML output for class luisa::compute::CubicBSplineCurve
Generating XML output for class luisa::compute::CubicCurve
Generating XML output for class luisa::compute::CUDADeviceConfigExt
Generating XML output for class luisa::compute::CUDADeviceConfigExtImpl
Generating XML output for class luisa::compute::CUDAExternalExt
Generating XML output for class luisa::compute::CudaGraphExecInstance
Generating XML output for class luisa::compute::CudaGraphExt
Generating XML output for class luisa::compute::CudaGraphInstance
Generating XML output for class luisa::compute::CudaGraphLaunch
Generating XML output for class luisa::compute::CudaGraphUpload
Generating XML output for class luisa::compute::cuda::CudaLCubCommand
Generating XML output for class luisa::compute::xir::AST2XIRContext::Current
Generating XML output for class luisa::compute::Curve
Generating XML output for class luisa::compute::xir::CurveBasisMD
Generating XML output for class luisa::compute::CurveBasisSet
Generating XML output for class luisa::compute::CurveBuildCommand
Generating XML output for class luisa::compute::CurveEvaluation
Generating XML output for class luisa::compute::CurveEvaluator
Generating XML output for class luisa::compute::CustomCommand
Generating XML output for class luisa::compute::CustomDispatchCommand
Generating XML output for class luisa::struct::CustomType
Generating XML output for class luisa::compute::xir::CVPInfo
Generating XML output for class D
Generating XML output for class luisa::compute::ManagedAccel::Data
Generating XML output for class luisa::compute::PyStream::Data
Generating XML output for class luisa::compute::xir::DCEInfo
Generating XML output for class luisa::compute::xir::DeadArgElimInfo
Generating XML output for class luisa::compute::xir::detail::DeadCodeWorklists
Generating XML output for class luisa::compute::xir::DeadFieldEliminationInfo
Generating XML output for class luisa::compute::xir::DeadStoreEliminationInfo
Generating XML output for class luisa::compute::xir::DebugBreakInst
Generating XML output for class luisa::compute::DebugBreakStmt
Generating XML output for class luisa::compute::DebugCaptureExt
Generating XML output for class luisa::compute::DebugCaptureOption
Generating XML output for class luisa::compute::DebugCaptureScope
Generating XML output for class luisa::compute::tile::detail::DeclaredMemory
Generating XML output for class luisa::compute::tile::detail::DeclaredTensorView
Generating XML output for class luisa::default_sentinel_t
Generating XML output for class vstd::DefaultMallocVisitor
Generating XML output for class skr::detail::defer_raii
Generating XML output for class luisa::compute::xir::DeferLocalAggregateLoadInfo
Generating XML output for class luisa::compute::detail::definition_to_prototype
Generating XML output for class luisa::compute::detail::definition_to_prototype< const Var< T > & >
Generating XML output for class luisa::compute::detail::definition_to_prototype< Var< T > & >
Generating XML output for class luisa::compute::detail::definition_to_prototype< Var< T > >
Generating XML output for class luisa::parallel_primitive::no_delay_constructor::delay_t
Generating XML output for class luisa::compute::Stream::Delegate
Generating XML output for class luisa::compute::DenoiserExt::Denoiser
Generating XML output for class luisa::compute::DenoiserExt
Generating XML output for class luisa::compute::DenoiserExt::DenoiserInput
Generating XML output for class luisa::compute::xir::detail::DensePointerHash
Generating XML output for class luisa::compute::xir::detail::DenseScopeDataflowResult
Generating XML output for class luisa::compute::xir::detail::DenseValueDomain
Generating XML output for class luisa::compute::xir::detail::DenseValueSet
Generating XML output for class luisa::compute::DepthBuffer
Generating XML output for class luisa::compute::DepthState
Generating XML output for class luisa::compute::xir::DerivedArgument
Generating XML output for class luisa::compute::xir::DerivedBlockScopeValue
Generating XML output for class luisa::compute::xir::DerivedBranchInstruction
Generating XML output for class luisa::compute::xir::DerivedConditionalBranchInstruction
Generating XML output for class luisa::compute::xir::DerivedFunction
Generating XML output for class luisa::compute::xir::DerivedFunctionScopeValue
Generating XML output for class luisa::compute::xir::DerivedGlobalValue
Generating XML output for class luisa::compute::xir::DerivedInstruction
Generating XML output for class luisa::compute::xir::DerivedMetadata
Generating XML output for class luisa::compute::xir::DerivedSpecialRegister
Generating XML output for class luisa::compute::xir::DerivedTerminatorInstruction
Generating XML output for class luisa::compute::xir::DerivedValue
Generating XML output for class luisa::compute::CallableLibrary::DeserPackage
Generating XML output for class luisa::compute::xir::DestructureCFGInfo
Generating XML output for class luisa::compute::xir::DestructureCFGOptions
Generating XML output for class luisa::compute::Device
Generating XML output for class luisa::compute::tile::bridge::tirx::DeviceArtifact
Generating XML output for class luisa::compute::tile::bridge::tirx::DeviceCompilationResult
Generating XML output for class luisa::compute::DeviceConfig
Generating XML output for class luisa::compute::DeviceConfigExt
Generating XML output for class luisa::test::DeviceContext
Generating XML output for class luisa::compute::DeviceExtension
Generating XML output for class luisa::compute::DeviceInterface
Generating XML output for class luisa::compute::cuda::lcub::DeviceMergeSort
Generating XML output for class luisa::compute::cuda::lcub::DevicePartition
Generating XML output for class luisa::compute::cuda::lcub::DeviceRadixSort
Generating XML output for class luisa::compute::cuda::lcub::DeviceReduce
Generating XML output for class luisa::compute::cuda::lcub::DeviceRunLengthEncode
Generating XML output for class luisa::compute::cuda::lcub::DeviceScan
Generating XML output for class luisa::compute::cuda::lcub::DeviceSelect
Generating XML output for class luisa::compute::cuda::lcub::DeviceSpmv
Generating XML output for class luisa::compute::tile::Dim
Generating XML output for class luisa::compute::detail::dimension_impl
Generating XML output for class luisa::compute::detail::dimension_impl< Matrix< T, N > >
Generating XML output for class luisa::compute::detail::dimension_impl< std::array< T, N > >
Generating XML output for class luisa::compute::detail::dimension_impl< std::tuple< T... > >
Generating XML output for class luisa::compute::detail::dimension_impl< T[N]>
Generating XML output for class luisa::compute::detail::dimension_impl< Vector< T, N > >
Generating XML output for class luisa::compute::tile::DimensionContext
Generating XML output for class luisa::compute::DirectMLExt
Generating XML output for class luisa::compute::DirectXDeviceConfigExt
Generating XML output for class luisa::compute::DirectXFuncTable
Generating XML output for class luisa::compute::DirectXHeap
Generating XML output for class DispatchPack
Generating XML output for class luisa::compute::DXHDRExt::DisplayChromaticities
Generating XML output for class luisa::compute::DXHDRExt::DisplayData
Generating XML output for class luisa::compute::PyStream::Disposer
Generating XML output for class vstd::disposer
Generating XML output for class luisa::compute::xir::detail::DistillCertificateHasher
Generating XML output for class luisa::compute::xir::detail::DivModKey
Generating XML output for class luisa::compute::xir::DivRemPairsInfo
Generating XML output for class DLDataType
Generating XML output for class DLDevice
Generating XML output for class DLManagedTensor
Generating XML output for class DLManagedTensorVersioned
Generating XML output for class DLPackVersion
Generating XML output for class DLTensor
Generating XML output for class luisa::compute::DMLGraph
Generating XML output for class luisa::compute::xir::DomTree
Generating XML output for class luisa::compute::xir::DomTreeBuildOptions
Generating XML output for class luisa::compute::xir::DomTreeBuildStats
Generating XML output for class luisa::compute::xir::DomTreeNode
Generating XML output for class luisa::compute::DrawRasterSceneCommand
Generating XML output for class luisa::compute::detail::dsl_function
Generating XML output for class luisa::compute::detail::dsl_function< Callable< T > >
Generating XML output for class luisa::compute::detail::dsl_function< function_signature< Ret, Args... > >
Generating XML output for class luisa::compute::detail::dsl_function< function_signature< std::pair< RA, RB >, Args... > >
Generating XML output for class luisa::compute::detail::dsl_function< function_signature< std::tuple< Ret... >, Args... > >
Generating XML output for class luisa::compute::detail::dsl_function< function_signature< void, Args... > >
Generating XML output for class luisa::compute::detail::dsl_function< Kernel1D< T > >
Generating XML output for class luisa::compute::detail::dsl_function< Kernel2D< T > >
Generating XML output for class luisa::compute::detail::dsl_function< Kernel3D< T > >
Generating XML output for class luisa::compute::detail::dsl_function< RasterStageKernel< T > >
Generating XML output for class luisa::compute::DStorageExt
Generating XML output for class luisa::compute::DStorageFile
Generating XML output for class luisa::compute::DStorageFileView
Generating XML output for class luisa::compute::DStorageReadCommand
Generating XML output for class luisa::compute::DStorageStreamOption
Generating XML output for class luisa::compute::detail::FunctionDuplicator::DupCtx
Generating XML output for class DXConfigExtImpl
Generating XML output for class luisa::compute::DxCudaInterop
Generating XML output for class luisa::compute::DxCudaTimelineEvent
Generating XML output for class luisa::compute::DXCustomCmd
Generating XML output for class luisa::compute::DXHDRExt
Generating XML output for class luisa::compute::DXHDRExt::DXSwapchainOption
Generating XML output for class luisa::compute::tile::DynamicExtent
Generating XML output for class luisa::DynamicModule
Generating XML output for class vstd::DynamicObject
Generating XML output for class luisa::compute::xir::EarlyCSEInfo
Generating XML output for class luisa::compute::xir::EarlyReturnEliminationInfo
Generating XML output for class luisa::compute::coro::CoroGraph::Edge
Generating XML output for class luisa::compute::xir::CoroCfgDistillResult::Edge
Generating XML output for class luisa::compute::xir::detail::EdgeEqual
Generating XML output for class luisa::compute::xir::detail::EdgeHash
Generating XML output for class luisa::compute::tile::detail::element_type
Generating XML output for class luisa::compute::tile::detail::element_type< Scalar< T > >
Generating XML output for class luisa::compute::tile::detail::element_type< Tile< T > >
Generating XML output for class luisa::compute::tile::ElementRef
Generating XML output for class luisa::compute::xir::PointerUsageAnalysis::Impl::EmitResult
Generating XML output for class luisa::compute::tile::bridge::tirx::detail::EmptyAllocationPruner
Generating XML output for class luisa::compute::xir::EnclosingConstructBoundaryAnalysis
Generating XML output for class luisa::compute::DXCustomCmd::EnhancedResourceUsage
Generating XML output for class luisa::compute::xir::detail::CoroReplayableValueAnalysis::Entry
Generating XML output for class luisa::compute::xir::PassPipeline::Entry
Generating XML output for class luisa::compute::xir::PassReport::Entry
Generating XML output for class luisa::compute::cuda::dcub::Equality
Generating XML output for class vstd::Evaluable
Generating XML output for class luisa::compute::Event
Generating XML output for class luisa::fiber::event
Generating XML output for class luisa::compute::EventStats
Generating XML output for class luisa::test::tile_tirx::Executable
Generating XML output for class luisa::compute::tile::bridge::xir::ExecutionCost
Generating XML output for class luisa::compute::tile::bridge::tirx::ExecutionCostModel
Generating XML output for class luisa::compute::tile::bridge::xir::ExecutionCostModel
Generating XML output for class luisa::compute::tile::bridge::tirx::ExecutionCostPolicy
Generating XML output for class luisa::compute::tile::bridge::tirx::ExecutionLimits
Generating XML output for class luisa::compute::tile::bridge::tirx::detail::ExecutionMapper
Generating XML output for class luisa::compute::tile::bridge::xir::ExecutionPlan
Generating XML output for class luisa::compute::tile::ExecutionScope
Generating XML output for class luisa::compute::tile::bridge::xir::ExecutionTarget
Generating XML output for class luisa::compute::Expr
Generating XML output for class luisa::compute::Expr< Accel >
Generating XML output for class luisa::compute::Expr< BindlessArray >
Generating XML output for class luisa::compute::Expr< Buffer< T > >
Generating XML output for class luisa::compute::Expr< BufferView< T > >
Generating XML output for class luisa::compute::Expr< ByteBuffer >
Generating XML output for class luisa::compute::Expr< CoopVector< T > >
Generating XML output for class luisa::compute::Expr< Image< T > >
Generating XML output for class luisa::compute::Expr< ImageView< T > >
Generating XML output for class luisa::compute::Expr< IndirectDispatchBuffer >
Generating XML output for class luisa::compute::Expr< Matrix< float, N > >
Generating XML output for class luisa::compute::Expr< SOA< Matrix< float, N > > >
Generating XML output for class luisa::compute::Expr< SOA< std::array< T, N > > >
Generating XML output for class luisa::compute::Expr< SOA< T > >
Generating XML output for class luisa::compute::Expr< SOA< T[N]> >
Generating XML output for class luisa::compute::Expr< SOA< Vector< T, 2 > > >
Generating XML output for class luisa::compute::Expr< SOA< Vector< T, 3 > > >
Generating XML output for class luisa::compute::Expr< SOA< Vector< T, 4 > > >
Generating XML output for class luisa::compute::Expr< SOAView< T > >
Generating XML output for class luisa::compute::Expr< std::array< T, N > >
Generating XML output for class luisa::compute::Expr< std::tuple< T... > >
Generating XML output for class luisa::compute::Expr< T[N]>
Generating XML output for class luisa::compute::Expr< Vector< T, 2 > >
Generating XML output for class luisa::compute::Expr< Vector< T, 3 > >
Generating XML output for class luisa::compute::Expr< Vector< T, 4 > >
Generating XML output for class luisa::compute::Expr< Volume< T > >
Generating XML output for class luisa::compute::Expr< VolumeView< T > >
Generating XML output for class luisa::compute::detail::expr_value_impl
Generating XML output for class luisa::compute::detail::expr_value_impl< CoroFrameIdProxy >
Generating XML output for class luisa::compute::detail::expr_value_impl< Expr< T > >
Generating XML output for class luisa::compute::detail::expr_value_impl< Ref< T > >
Generating XML output for class luisa::compute::detail::expr_value_impl< Var< T > >
Generating XML output for class luisa::compute::detail::ExprEnableBitwiseCast
Generating XML output for class luisa::compute::detail::ExprEnableGetMemberByIndex
Generating XML output for class luisa::compute::detail::ExprEnableStaticCast
Generating XML output for class luisa::compute::detail::ExprEnableSubscriptAccess
Generating XML output for class luisa::compute::Expression
Generating XML output for class luisa::compute::ExprStmt
Generating XML output for class luisa::clangcxx::ExprTranslator
Generating XML output for class luisa::compute::ExprVisitor
Generating XML output for class luisa::compute::coro::WavefrontCoroScheduler::ExtensionRoute
Generating XML output for class luisa::compute::tile::Extent
Generating XML output for class luisa::compute::ExternalCallable
Generating XML output for class luisa::compute::ExternalCallable< Ret(Args...)>
Generating XML output for class luisa::compute::DirectXDeviceConfigExt::ExternalDevice
Generating XML output for class luisa::compute::VulkanDeviceConfigExt::ExternalDevice
Generating XML output for class luisa::compute::ExternalFunction
Generating XML output for class luisa::compute::xir::ExternalFunction
Generating XML output for class luisa::compute::CUDADeviceConfigExt::ExternalVkDevice
Generating XML output for class luisa::clangcxx::ExternVarHandler
Generating XML output for class luisa::compute::xir::FastMathSimplifyInfo
Generating XML output for class luisa::compute::xir::FastMathSimplifyOptions
Generating XML output for class luisa::compute::DenoiserExt::Feature
Generating XML output for class luisa::compute::osl::StructType::Field
Generating XML output for class luisa::compute::CoroFrameDesc::FieldDescriptor
Generating XML output for class luisa::compute::DStorageExt::FileCreationInfo
Generating XML output for class luisa::compute::DStorageReadCommand::FileSource
Generating XML output for class vstd::filter_range
Generating XML output for class luisa::FirstFit
Generating XML output for class FixedVector
Generating XML output for class luisa::compute::xir::FixSelfReferentialInfo
Generating XML output for class Foo
Generating XML output for class luisa::compute::xir::XIR2ASTContext::ForLoopPattern
Generating XML output for class fmt::formatter< luisa::half >
Generating XML output for class fmt::formatter< luisa::Matrix< T, N > >
Generating XML output for class fmt::formatter< luisa::TraceItem >
Generating XML output for class fmt::formatter< luisa::Vector< T, N > >
Generating XML output for class luisa::compute::detail::ForRange
Generating XML output for class luisa::compute::detail::ForRange::ForRangeEnd
Generating XML output for class luisa::compute::detail::ForRange::ForRangeIter
Generating XML output for class luisa::compute::ForStmt
Generating XML output for class luisa::ManagedIntrusiveList::ForwardAdvance
Generating XML output for class FourBools
Generating XML output for class FP4E2M1
Generating XML output for class FP8E4M3
Generating XML output for class FP8E5M2
Generating XML output for class luisa::compute::xir::CoroMaterializeInfo::FrameField
Generating XML output for class luisa::framerate::FrameRate
Generating XML output for class luisa::compute::Framerate
Generating XML output for class luisa::compute::xir::CoroCfgDistillResult::FrameSlot
Generating XML output for class luisa::compute::xir::CoroCfgDistillResult::FrameValue
Generating XML output for class luisa::clangcxx::FrontendAction
Generating XML output for class FullyConnectData
Generating XML output for class luisa::func::func
Generating XML output for class vstd::func_ptr
Generating XML output for class vstd::func_ptr< Ret(Args...)>
Generating XML output for class luisa::compute::detail::FuncBuilderEqual
Generating XML output for class luisa::compute::detail::FuncBuilderHash
Generating XML output for class luisa::func::FuncInstanceInfo
Generating XML output for class vstd::FuncRef
Generating XML output for class vstd::FuncRef< Ret(Args...)>
Generating XML output for class luisa::compute::FuncRefExpr
Generating XML output for class luisa::compute::Function
Generating XML output for class luisa::compute::tile::Function
Generating XML output for class luisa::compute::xir::Function
Generating XML output for class luisa::compute::detail::FunctionBuilder
Generating XML output for class luisa::clangcxx::FunctionBuilderBuilder
Generating XML output for class luisa::compute::AST2JSON::FunctionContext
Generating XML output for class luisa::clangcxx::FunctionDeclStmtHandler
Generating XML output for class luisa::compute::xir::FunctionDefinition
Generating XML output for class luisa::compute::detail::FunctionDuplicator
Generating XML output for class luisa::compute::tile::bridge::tirx::detail::FunctionLowerer
Generating XML output for class luisa::compute::xir::detail::FunctionReconstructionWork
Generating XML output for class luisa::compute::detail::FunctionBuilder::FunctionStackGuard
Generating XML output for class luisa::compute::xir::FuseConsecutiveBufferReadsInfo
Generating XML output for class luisa::compute::FusedActivation
Generating XML output for class luisa::fiber::Future
Generating XML output for class luisa::test::tile_native::Gemm
Generating XML output for class luisa::test::tile_xir::Gemm
Generating XML output for class luisa::compute::Generator
Generating XML output for class luisa::compute::xir::GEPInst
Generating XML output for class vstd::get_type
Generating XML output for class vstd::get_type< 0, T, Ts... >
Generating XML output for class luisa::clangcxx::Global
Generating XML output for class luisa::compute::xir::GlobalValueModuleMixin
Generating XML output for class luisa::clangcxx::GlobalVarHandler
Generating XML output for class luisa::compute::DirectXDeviceConfigExt::GPUAllocatorSettings
Generating XML output for class luisa::compute::GpuCustomOpExpr
Generating XML output for class luisa::compute::coro::GraphWavefrontAction
Generating XML output for class luisa::compute::coro::GraphWavefrontCoroDispatchStats
Generating XML output for class luisa::compute::coro::GraphWavefrontCoroScheduler
Generating XML output for class luisa::compute::coro::GraphWavefrontCoroSchedulerConfig
Generating XML output for class luisa::compute::coro::GraphWavefrontMarkovModel
Generating XML output for class luisa::compute::coro::GraphWavefrontPopulation
Generating XML output for class luisa::compute::tile::bridge::tirx::GroupPlan
Generating XML output for class luisa::compute::tile::bridge::tirx::GroupWorkload
Generating XML output for class luisa::gui::GUI
Generating XML output for class vstd::Guid
Generating XML output for class vstd::Guid::GuidData
Generating XML output for class luisa::compute::detail::GUIVertex
Generating XML output for class luisa::compute::xir::GVNInfo
Generating XML output for class luisa::compute::xir::detail::GVNLeader
Generating XML output for class luisa::compute::xir::detail::GVNState
Generating XML output for class HairBsdf
Generating XML output for class luisa::shader::half
Generating XML output for class luisa::types::half
Generating XML output for class luisa::types::half2
Generating XML output for class luisa::types::half3
Generating XML output for class luisa::types::half4
Generating XML output for class halfN
Generating XML output for class halfN< luisa::Vector< half, n > >
Generating XML output for class vstd::Hash
Generating XML output for class luisa::hash
Generating XML output for class vstd::hash
Generating XML output for class luisa::Hash128
Generating XML output for class luisa::hash< Char * >
Generating XML output for class vstd::hash< char * >
Generating XML output for class vstd::hash< char const * >
Generating XML output for class vstd::hash< char[i]>
Generating XML output for class luisa::hash< Char[N]>
Generating XML output for class luisa::hash< compute::AccelOption >
Generating XML output for class luisa::hash< compute::ShaderOption >
Generating XML output for class luisa::hash< compute::Variable >
Generating XML output for class vstd::hash< Guid >
Generating XML output for class vstd::hash< int16_t >
Generating XML output for class vstd::hash< int32_t >
Generating XML output for class vstd::hash< int64_t >
Generating XML output for class vstd::hash< int8_t >
Generating XML output for class luisa::hash< ManagedPtr< T > >
Generating XML output for class luisa::hash< Matrix< T, N > >
Generating XML output for class vstd::hash< MD5 >
Generating XML output for class vstd::hash< MD5::MD5Data >
Generating XML output for class luisa::hash< std::basic_string< C, CT, Alloc > >
Generating XML output for class luisa::hash< std::basic_string_view< C, CT > >
Generating XML output for class vstd::hash< std::pair< A, B > >
Generating XML output for class vstd::hash< std::string_view >
Generating XML output for class vstd::hash< std::tuple< T... > >
Generating XML output for class vstd::hash< string >
Generating XML output for class vstd::hash< StringBuilder >
Generating XML output for class luisa::hash< T >
Generating XML output for class vstd::hash< uint16_t >
Generating XML output for class vstd::hash< uint32_t >
Generating XML output for class vstd::hash< uint64_t >
Generating XML output for class vstd::hash< uint8_t >
Generating XML output for class vstd::hash< variant< T... > >
Generating XML output for class luisa::hash< Vector< T, N > >
Generating XML output for class luisa::hash< vstd::StringBuilder >
Generating XML output for class vstd::hash< vstd::wstring >
Generating XML output for class vstd::hash< wchar_t * >
Generating XML output for class vstd::hash< wchar_t const * >
Generating XML output for class vstd::hash< wchar_t[i]>
Generating XML output for class vstd::HashEqual
Generating XML output for class vstd::HashMap
Generating XML output for class vstd::hashmap_detail::HashMapIndex
Generating XML output for class vstd::hashmap_detail::HashSetIndex
Generating XML output for class vstd::hashmap_detail::HashSetIndexType
Generating XML output for class vstd::hashmap_detail::HashSetIndexType< void, HashMap >
Generating XML output for class vstd::HashValue
Generating XML output for class luisa::compute::osl::Hint
Generating XML output for class vstd::IDisposable
Generating XML output for class luisa::compute::xir::IfConversionInfo
Generating XML output for class luisa::compute::xir::IfConversionOptions
Generating XML output for class luisa::compute::xir::IfInst
Generating XML output for class luisa::compute::IfStmt
Generating XML output for class luisa::compute::detail::IfStmtBuilder
Generating XML output for class vstd::IfType
Generating XML output for class vstd::IfType< A, B, false >
Generating XML output for class vstd::IfType< A, B, true >
Generating XML output for class luisa::compute::DenoiserExt::Image
Generating XML output for class luisa::compute::Image
Generating XML output for class luisa::shader::Image
Generating XML output for class luisa::image2d::Image2D
Generating XML output for class luisa::image3d::Image3D
Generating XML output for class luisa::shader::Image< float, CacheFlags::ReadOnly >
Generating XML output for class luisa::compute::detail::image_element_impl
Generating XML output for class luisa::compute::detail::image_element_impl< Image< T > >
Generating XML output for class luisa::compute::detail::image_element_impl< ImageView< T > >
Generating XML output for class luisa::compute::detail::ImageExprProxy
Generating XML output for class test-game-of-life::ImagePair
Generating XML output for class luisa::test::ImageTestOptions
Generating XML output for class luisa::compute::ImageView
Generating XML output for class luisa::compute::ImGuiWindow
Generating XML output for class Impl
Generating XML output for class luisa::compute::ImGuiWindow::Impl
Generating XML output for class luisa::compute::xir::detail::SelectionMergeBatchAnalysis::Impl
Generating XML output for class luisa::compute::xir::EnclosingConstructBoundaryAnalysis::Impl
Generating XML output for class luisa::compute::xir::LoopBoundaryPathDataflow::Impl
Generating XML output for class luisa::compute::xir::LoopContinueBatchAnalysis::Impl
Generating XML output for class luisa::compute::xir::PointerUsageAnalysis::Impl
Generating XML output for class luisa::compute::xir::SCEVAnalysis::Impl
Generating XML output for class luisa::compute::xir::XIRDebugPrinter::Impl
Generating XML output for class vstd::index_of
Generating XML output for class vstd::index_of< T, T, Ts... >
Generating XML output for class vstd::index_of< T, U, Ts... >
Generating XML output for class tinyobj::index_t
Generating XML output for class luisa::compute::tile::IndexAxis
Generating XML output for class vstd::ArenaHashMap::IndexBase
Generating XML output for class vstd::HashMap::IndexBase
Generating XML output for class luisa::compute::IndexBufferView
Generating XML output for class luisa::compute::xir::IndexedBranchInst
Generating XML output for class luisa::compute::xir::IndexedBranchTerminatorInstruction
Generating XML output for class luisa::compute::tile::IndexExpr
Generating XML output for class luisa::compute::tile::detail::IndexExprNode
Generating XML output for class luisa::compute::tile::IndexMap
Generating XML output for class luisa::compute::xir::PointerUsageAnalysis::Impl::IndexResult
Generating XML output for class luisa::compute::tile::IndexSpace
Generating XML output for class luisa::shader::IndirectBuffer
Generating XML output for class luisa::compute::IndirectDispatchArg
Generating XML output for class luisa::buffer::IndirectDispatchBuffer
Generating XML output for class luisa::compute::detail::IndirectDispatchBufferExprProxy
Generating XML output for class luisa::compute::IndirectKernelDispatch
Generating XML output for class luisa::compute::xir::IndVarSimplifyInfo
Generating XML output for class luisa::compute::xir::detail::InlineBarrierFlags
Generating XML output for class luisa::compute::xir::detail::InlineCalleeVersion
Generating XML output for class luisa::compute::xir::detail::InlineCallerBarrierCache
Generating XML output for class luisa::compute::xir::detail::InlineCallGraphAnalysis
Generating XML output for class luisa::compute::xir::detail::InlineCloneLayout
Generating XML output for class luisa::compute::xir::detail::InlineFunctionSummary
Generating XML output for class luisa::compute::xir::InlineInfo
Generating XML output for class luisa::compute::xir::InlineOptions
Generating XML output for class luisa::compute::detail::InlineRayQuery
Generating XML output for class luisa::compute::xir::detail::InlineRayQueryASTLoop
Generating XML output for class luisa::compute::xir::detail::InlineValueNumbering
Generating XML output for class luisa::compute::xir::detail::InlineValueResolver
Generating XML output for class InnerStruct
Generating XML output for class luisa::compute::coro::radix_sort::instance
Generating XML output for class luisa::compute::osl::Instruction
Generating XML output for class luisa::compute::xir::Instruction
Generating XML output for class luisa::compute::xir::InstructionCloneValueResolver
Generating XML output for class luisa::compute::xir::detail::RayQueryHandlerGraph::InstructionLocation
Generating XML output for class luisa::compute::xir::InstructionMemoryInfo
Generating XML output for class luisa::compute::xir::InstructionOpMixin
Generating XML output for class luisa::compute::xir::PointerUsageAnalysis::Impl::InstructionSnapshot
Generating XML output for class luisa::compute::xir::SCEVAnalysis::Impl::InstructionSnapshot
Generating XML output for class Interface
Generating XML output for class IntEval
Generating XML output for class move_only_function_detail::move_only_function< S, R(Args...)>::inv_quals_f
Generating XML output for class luisa::compute::tile::Shader::Invocation
Generating XML output for class vstd::IOperatorNewBase
Generating XML output for class IOSMetal4Bool4
Generating XML output for class IOSMetal4RasterVarying
Generating XML output for class IOSMetal4RasterVertex
Generating XML output for class vstd::IRange
Generating XML output for class vstd::detail::IRangeImpl
Generating XML output for class luisa::compute::tile::IRBuilder
Generating XML output for class luisa::compute::tile::IRRewriter
Generating XML output for class luisa::compute::is_array
Generating XML output for class luisa::compute::is_array< std::array< T, N > >
Generating XML output for class luisa::compute::is_array< T[N]>
Generating XML output for class luisa::compute::detail::is_buffer_impl
Generating XML output for class luisa::compute::detail::is_buffer_impl< Buffer< T > >
Generating XML output for class luisa::compute::detail::is_buffer_impl< ByteBuffer >
Generating XML output for class luisa::compute::detail::is_buffer_impl< SparseBuffer< T > >
Generating XML output for class luisa::compute::detail::is_buffer_view_impl
Generating XML output for class luisa::compute::detail::is_buffer_view_impl< BufferView< T > >
Generating XML output for class luisa::compute::detail::is_buffer_view_impl< ByteBufferView >
Generating XML output for class luisa::compute::is_byte_buffer
Generating XML output for class luisa::compute::is_byte_buffer_or_view
Generating XML output for class luisa::compute::is_byte_buffer_view
Generating XML output for class luisa::compute::is_callable
Generating XML output for class luisa::compute::is_callable< Callable< T > >
Generating XML output for class luisa::compute::is_callable< RasterStageKernel< T > >
Generating XML output for class luisa::is_char
Generating XML output for class luisa::compute::is_custom_struct
Generating XML output for class luisa::compute::detail::is_dsl_impl
Generating XML output for class luisa::compute::detail::is_dsl_impl< CoroFrameIdProxy >
Generating XML output for class luisa::compute::detail::is_dsl_impl< Expr< T > >
Generating XML output for class luisa::compute::detail::is_dsl_impl< Ref< T > >
Generating XML output for class luisa::compute::detail::is_dsl_impl< Var< T > >
Generating XML output for class luisa::compute::detail::is_dsl_kernel
Generating XML output for class luisa::compute::detail::is_dsl_kernel< Kernel1D< Args... > >
Generating XML output for class luisa::compute::detail::is_dsl_kernel< Kernel2D< Args... > >
Generating XML output for class luisa::compute::detail::is_dsl_kernel< Kernel3D< Args... > >
Generating XML output for class luisa::compute::detail::is_dsl_kernel< Kernel< N, Args... > >
Generating XML output for class luisa::compute::detail::is_dsl_local_array_impl
Generating XML output for class luisa::compute::detail::is_dsl_local_array_impl< Local< T > >
Generating XML output for class luisa::compute::detail::is_image_impl
Generating XML output for class luisa::compute::detail::is_image_impl< Image< T > >
Generating XML output for class luisa::compute::detail::is_image_impl< SparseImage< T > >
Generating XML output for class luisa::compute::detail::is_image_view_impl
Generating XML output for class luisa::compute::detail::is_image_view_impl< ImageView< T > >
Generating XML output for class luisa::compute::is_kernel
Generating XML output for class luisa::compute::is_kernel< Kernel1D< Args... > >
Generating XML output for class luisa::compute::is_kernel< Kernel2D< Args... > >
Generating XML output for class luisa::compute::is_kernel< Kernel3D< Args... > >
Generating XML output for class luisa::compute::is_kernel< Kernel< N, Args... > >
Generating XML output for class luisa::detail::is_matrix_impl
Generating XML output for class luisa::detail::is_matrix_impl< Matrix< float, N >, 0u >
Generating XML output for class luisa::detail::is_matrix_impl< Matrix< float, N >, N >
Generating XML output for class luisa::compute::detail::is_soa_expr_impl
Generating XML output for class luisa::compute::detail::is_soa_expr_impl< SOA< T > >
Generating XML output for class luisa::compute::detail::is_soa_expr_impl< SOAView< T > >
Generating XML output for class luisa::compute::detail::is_sparse_image_impl
Generating XML output for class luisa::compute::detail::is_sparse_image_impl< SparseImage< T > >
Generating XML output for class luisa::compute::detail::is_sparse_volume_impl
Generating XML output for class luisa::compute::detail::is_sparse_volume_impl< SparseVolume< T > >
Generating XML output for class luisa::compute::detail::is_stream_event_impl
Generating XML output for class luisa::compute::is_tuple
Generating XML output for class luisa::compute::is_tuple< std::tuple< T... > >
Generating XML output for class luisa::compute::detail::is_valid_reflection
Generating XML output for class luisa::compute::detail::is_valid_reflection< S, std::tuple< M... >, std::integer_sequence< O, os... > >
Generating XML output for class luisa::compute::is_var
Generating XML output for class luisa::compute::detail::is_var_impl
Generating XML output for class luisa::compute::detail::is_var_impl< Var< T > >
Generating XML output for class luisa::detail::is_vector_all_same_dimension_impl
Generating XML output for class luisa::detail::is_vector_all_same_dimension_impl< First, Other... >
Generating XML output for class luisa::detail::is_vector_impl
Generating XML output for class luisa::detail::is_vector_impl< Vector< T, N >, 0u >
Generating XML output for class luisa::detail::is_vector_impl< Vector< T, N >, N >
Generating XML output for class luisa::detail::is_vector_same_dimension_impl
Generating XML output for class luisa::detail::is_vector_same_dimension_impl< Vector< U, N >, Vector< V, N > >
Generating XML output for class luisa::compute::detail::is_volume_impl
Generating XML output for class luisa::compute::detail::is_volume_impl< SparseVolume< T > >
Generating XML output for class luisa::compute::detail::is_volume_impl< Volume< T > >
Generating XML output for class luisa::compute::detail::is_volume_view_impl
Generating XML output for class luisa::compute::detail::is_volume_view_impl< VolumeView< T > >
Generating XML output for class vstd::ite_range
Generating XML output for class vstd::IteEndTag
Generating XML output for class luisa::compute::CallOpSet::Iterator
Generating XML output for class vstd::ArenaHashMap::Iterator
Generating XML output for class vstd::HashMap::Iterator
Generating XML output for class luisa::range::iterator_type
Generating XML output for class luisa::ManagedIntrusiveForwardList::IteratorBase
Generating XML output for class luisa::ManagedIntrusiveList::IteratorBase
Generating XML output for class vstd::IteRef
Generating XML output for class luisa::compute::Window::IWindowImpl
Generating XML output for class tinyobj::joint_and_weight_t
Generating XML output for class luisa::compute::JSON
Generating XML output for class Juice
Generating XML output for class luisa::compute::Kernel
Generating XML output for class luisa::compute::tile::Kernel
Generating XML output for class luisa::compute::Kernel1D
Generating XML output for class luisa::compute::Kernel2D
Generating XML output for class luisa::compute::Kernel3D
Generating XML output for class luisa::compute::tile::detail::kernel_signature
Generating XML output for class luisa::compute::tile::detail::kernel_signature< R(*)(Args...) noexcept >
Generating XML output for class luisa::compute::tile::detail::kernel_signature< R(*)(Args...)>
Generating XML output for class luisa::compute::tile::detail::kernel_signature< R(Args...)>
Generating XML output for class luisa::compute::tile::KernelArgument
Generating XML output for class luisa::compute::tile::KernelDefinition
Generating XML output for class luisa::compute::tile::KernelDefinition< void(Args...), F >
Generating XML output for class luisa::compute::xir::KernelFunction
Generating XML output for class luisa::compute::tile::KernelMetadata
Generating XML output for class luisa::compute::tile::detail::KernelStorage
Generating XML output for class luisa::gui::KeyCode
Generating XML output for class KeyValuePair
Generating XML output for class luisa::compute::cuda::dcub::KeyValuePair
Generating XML output for class luisa::compute::Lambda
Generating XML output for class luisa::compute::simd::reference::LaneReadResult
Generating XML output for class luisa::compute::xir::detail::LatticeValue
Generating XML output for class luisa::compute::tile::LayoutCorrespondence
Generating XML output for class luisa::compute::tile::LayoutCorrespondenceProperties
Generating XML output for class luisa::compute::tile::bridge::tirx::LayoutIter
Generating XML output for class luisa::compute::tile::bridge::tirx::LayoutOffset
Generating XML output for class luisa::compute::tile::LayoutProof
Generating XML output for class luisa::compute::tile::LayoutProperties
Generating XML output for class luisa::compute::tile::bridge::tirx::LayoutSpec
Generating XML output for class luisa::detail::LazyConstructor
Generating XML output for class luisa::compute::detail::FunctionDuplicator::LeakedRefInfo
Generating XML output for class luisa::compute::detail::FunctionDuplicator::LeakedRefKey
Generating XML output for class luisa::compute::detail::FunctionDuplicator::LeakedRefKeyHash
Generating XML output for class luisa::compute::xir::LexScopeAnalysisConfig
Generating XML output for class luisa::compute::xir::LexScopeInfo
Generating XML output for class luisa::compute::xir::detail::LexScopeStack
Generating XML output for class luisa::compute::xir::LICMInfo
Generating XML output for class LightDistributionCell
Generating XML output for class LightDistributionTreeNode
Generating XML output for class luisa::compute::detail::linear_layout_impl
Generating XML output for class luisa::compute::detail::linear_layout_impl< std::tuple< L... >, std::tuple< T... > >
Generating XML output for class LinearMaterial
Generating XML output for class tinyobj::lines_t
Generating XML output for class luisa::compute::osl::Literal
Generating XML output for class luisa::compute::LiteralExpr
Generating XML output for class luisa::compute::detail::LiteralValue
Generating XML output for class vstd::LMDB
Generating XML output for class vstd::LMDBIterator
Generating XML output for class vstd::LMDBIteratorEndTag
Generating XML output for class vstd::LMDBWriteCommand
Generating XML output for class luisa::compute::xir::LoadInst
Generating XML output for class luisa::compute::tile::bridge::xir::detail::LoadReductionFusion
Generating XML output for class luisa::compute::Local
Generating XML output for class luisa::compute::Var::LocalCreationTag
Generating XML output for class luisa::compute::xir::LocalLoadEliminationInfo
Generating XML output for class luisa::compute::xir::LocalStoreForwardInfo
Generating XML output for class luisa::compute::xir::LocalValueBlockMixin
Generating XML output for class luisa::compute::xir::LocalValueFunctionMixin
Generating XML output for class luisa::compute::xir::LocationMD
Generating XML output for class vstd::LockFreeArrayQueue
Generating XML output for class luisa::types::long
Generating XML output for class luisa::types::long2
Generating XML output for class luisa::types::long3
Generating XML output for class luisa::types::long4
Generating XML output for class luisa::compute::xir::LoopBoundaryPathDataflow
Generating XML output for class luisa::compute::xir::LoopBoundsInfo
Generating XML output for class luisa::compute::xir::detail::SelectionMergeBatchAnalysis::Impl::LoopContext
Generating XML output for class luisa::compute::xir::LoopContinueBatchAnalysis
Generating XML output for class luisa::compute::xir::LoopContinueBatchStats
Generating XML output for class luisa::compute::xir::LoopContinueRewrite
Generating XML output for class luisa::compute::xir::LoopFusionInfo
Generating XML output for class luisa::compute::xir::LoopInst
Generating XML output for class luisa::compute::xir::LoopRotationInfo
Generating XML output for class luisa::compute::LoopStmt
Generating XML output for class luisa::compute::detail::LoopStmtBuilder
Generating XML output for class luisa::compute::xir::LoopUnswitchInfo
Generating XML output for class luisa::compute::xir::LoopUnswitchOptions
Generating XML output for class luisa::compute::xir::XIR2ASTContext::LoopUpdateContext
Generating XML output for class luisa::compute::xir::LoopVectorizationInfo
Generating XML output for class luisa::compute::xir::LowerBreakContinueInfo
Generating XML output for class luisa::compute::xir::detail::LowerBreakContinueWorklist
Generating XML output for class luisa::compute::xir::LowerIrreducibleCFGInfo
Generating XML output for class luisa::compute::xir::LowerIrreducibleCFGOptions
Generating XML output for class luisa::compute::tile::bridge::tirx::LowerOptions
Generating XML output for class luisa::compute::tile::bridge::xir::LowerOptions
Generating XML output for class luisa::compute::xir::LowerRayQueryToLoopInfo
Generating XML output for class luisa::compute::xir::LowerRayQueryToPipelineInfo
Generating XML output for class luisa::compute::xir::LowerRayQueryToPipelineOptions
Generating XML output for class luisa::compute::xir::detail::LowerRayQueryToPipelineRunInfo
Generating XML output for class luisa::LRUCache
Generating XML output for class luisa_compute_extension
Generating XML output for class LuisaMetalTimingResult
Generating XML output for class vstd::detail::make_integer
Generating XML output for class vstd::detail::make_integer< 1u, is_signed >
Generating XML output for class vstd::detail::make_integer< 2u, is_signed >
Generating XML output for class vstd::detail::make_integer< 4u, is_signed >
Generating XML output for class vstd::detail::make_integer< 8u, is_signed >
Generating XML output for class luisa::compute::detail::make_literal_value
Generating XML output for class luisa::compute::detail::make_literal_value< std::tuple< T... >, Others... >
Generating XML output for class luisa::Managed
Generating XML output for class luisa::compute::ManagedAccel
Generating XML output for class luisa::compute::ManagedBindless
Generating XML output for class luisa::compute::ManagedCollector
Generating XML output for class ManagedDevice
Generating XML output for class luisa::utils::ManagedFirstFit
Generating XML output for class luisa::ManagedIntrusiveForwardList
Generating XML output for class luisa::ManagedIntrusiveForwardNode
Generating XML output for class luisa::ManagedIntrusiveList
Generating XML output for class luisa::ManagedIntrusiveNode
Generating XML output for class ManagedMeshFormat
Generating XML output for class luisa::detail::ManagedObject
Generating XML output for class luisa::ManagedPtr
Generating XML output for class luisa::ManagedPtr< const T >
Generating XML output for class luisa::detail::ManagedPtrLowLevelOp
Generating XML output for class luisa::map
Generating XML output for class vstd::detail::MapConstructible
Generating XML output for class vstd::detail::MapConstructible< void, Args... >
Generating XML output for class MaskedStruct
Generating XML output for class luisa::compute::xir::PointerUsageAnalysis::Impl::MaskResult
Generating XML output for class tinyobj::material_t
Generating XML output for class MaterialBase
Generating XML output for class tinyobj::MaterialFileReader
Generating XML output for class tinyobj::MaterialReader
Generating XML output for class tinyobj::MaterialStreamReader
Generating XML output for class luisa::Matrix
Generating XML output for class luisa::shader::matrix
Generating XML output for class luisa::shader::matrix< 2 >
Generating XML output for class luisa::shader::matrix< 3 >
Generating XML output for class luisa::shader::matrix< 4 >
Generating XML output for class luisa::Matrix< T, 2 >
Generating XML output for class luisa::Matrix< T, 3 >
Generating XML output for class luisa::Matrix< T, 4 >
Generating XML output for class luisa::detail::matrix_dimension_impl
Generating XML output for class luisa::detail::matrix_dimension_impl< Matrix< T, N > >
Generating XML output for class luisa::detail::matrix_element_impl
Generating XML output for class luisa::detail::matrix_element_impl< Matrix< T, N > >
Generating XML output for class luisa::compute::tile::bridge::tirx::detail::MatrixCarry
Generating XML output for class MatrixContainer
Generating XML output for class luisa::compute::tile::bridge::tirx::MatrixDistribution
Generating XML output for class luisa::compute::tile::bridge::tirx::detail::MatrixEpilogue
Generating XML output for class luisa::compute::tile::bridge::tirx::detail::MatrixLoopEmission
Generating XML output for class luisa::compute::tile::bridge::tirx::MatrixWorkload
Generating XML output for class luisa::compute::cuda::dcub::Max
Generating XML output for class luisa::compute::tile::MaxReduction
Generating XML output for class vstd::MD5
Generating XML output for class vstd::detail::MD5_Impl
Generating XML output for class vstd::MD5::MD5Data
Generating XML output for class luisa::compute::ManagedAccel::Data::MD5Hash
Generating XML output for class MDArray
Generating XML output for class luisa::compute::xir::Mem2RegInfo
Generating XML output for class luisa::compute::xir::detail::Mem2RegPassContext
Generating XML output for class vstd::detail::member_func_meta
Generating XML output for class vstd::detail::member_func_meta< Ret(Class::*)(Args...) const >
Generating XML output for class vstd::detail::member_func_meta< Ret(Class::*)(Args...) const noexcept >
Generating XML output for class vstd::detail::member_func_meta< Ret(Class::*)(Args...) noexcept >
Generating XML output for class vstd::detail::member_func_meta< Ret(Class::*)(Args...)>
Generating XML output for class luisa::compute::MemberExpr
Generating XML output for class luisa::compute::tile::Memory
Generating XML output for class luisa::compute::xir::detail::CoroFrameAtomDomain::MemoryAccess
Generating XML output for class luisa::compute::tile::MemoryRef
Generating XML output for class luisa::compute::DStorageReadCommand::MemoryRequest
Generating XML output for class luisa::MemorySanitizer
Generating XML output for class luisa::compute::DStorageReadCommand::MemorySource
Generating XML output for class luisa::compute::tile::detail::Verifier::MemoryState
Generating XML output for class luisa::compute::xir::detail::SelectionMergeBatchAnalysis::Impl::MergeScore
Generating XML output for class luisa::compute::Mesh
Generating XML output for class tinyobj::mesh_t
Generating XML output for class luisa::compute::MeshBuildCommand
Generating XML output for class MeshData
Generating XML output for class luisa::compute::MeshFormat
Generating XML output for class luisa::meshformat::MeshFormat
Generating XML output for class luisa::compute::ManagedAccel::Data::MeshRef
Generating XML output for class luisa::compute::MeshUpdateCmd
Generating XML output for class luisa::compute::ManagedAccel::MeshValue
Generating XML output for class luisa::compute::DXHDRExt::Meta
Generating XML output for class luisa::compute::xir::Metadata
Generating XML output for class luisa::compute::xir::MetadataListMixin
Generating XML output for class luisa::compute::metal::Metal4DeviceConformanceResult
Generating XML output for class Metal4StencilVarying
Generating XML output for class MetalAIRBindlessBool4
Generating XML output for class MetalAIRBool4
Generating XML output for class MetalAIRRasterVarying
Generating XML output for class MetalAIRRasterVertex
Generating XML output for class MetalAIRUniformInner
Generating XML output for class MetalAIRUniformOuter
Generating XML output for class luisa::test::MetalBenchmarkTiming
Generating XML output for class luisa::compute::cuda::dcub::Min
Generating XML output for class luisa::compute::tile::MinReduction
Generating XML output for class luisa::compute::detail::MipmapView
Generating XML output for class luisa::compute::tile::MmaPolicy
Generating XML output for class luisa::compute::AccelBuildCommand::Modification
Generating XML output for class luisa::compute::BindlessArrayUpdateCommand::Modification
Generating XML output for class luisa::compute::BindlessArrayUpdateCommand::ModifiedBuffer
Generating XML output for class luisa::compute::BindlessArrayUpdateCommand::ModifiedTexture
Generating XML output for class luisa::compute::BindlessArray::ModSlotEqual
Generating XML output for class luisa::compute::BindlessArray::ModSlotHash
Generating XML output for class luisa::compute::tile::Module
Generating XML output for class luisa::compute::xir::Module
Generating XML output for class luisa::compute::AccelOption::Motion
Generating XML output for class luisa::compute::MotionInstance
Generating XML output for class luisa::compute::MotionInstanceBuildCommand
Generating XML output for class luisa::compute::MotionInstanceTransform
Generating XML output for class luisa::compute::MotionInstanceTransformSRT
Generating XML output for class MotionQueryResult
Generating XML output for class move_only_function
Generating XML output for class move_only_function_detail::move_only_function
Generating XML output for class move_only_function_detail::move_only_function< S, R(Args...)>
Generating XML output for class vstd::ArenaHashMap::MoveIterator
Generating XML output for class vstd::HashMap::MoveIterator
Generating XML output for class luisa::compute::detail::MulMatMatCallable
Generating XML output for class luisa::compute::detail::MulMatVecCallable
Generating XML output for class vstd::detail::MultiCompare
Generating XML output for class vstd::detail::MultiCompare< T, Args... >
Generating XML output for class luisa::multimap
Generating XML output for class luisa::multiset
Generating XML output for class luisa::compute::coro::MultiSplitResult
Generating XML output for class luisa::compute::CustomDispatchCommand::MutableArgumentVisitor
Generating XML output for class luisa::compute::MutableCommandVisitor
Generating XML output for class MyHit
Generating XML output for class MyStruct
Generating XML output for class luisa::compute::tile::NamedAttribute
Generating XML output for class luisa::compute::xir::NameMD
Generating XML output for class luisa::compute::NanovdbAccessor
Generating XML output for class luisa::compute::tile::bridge::tirx::NativeFunction
Generating XML output for class luisa::compute::tile::bridge::xir::NativeFunction
Generating XML output for class luisa::compute::Window::NativeHandle
Generating XML output for class luisa::compute::tile::bridge::tirx::NativeIndices
Generating XML output for class luisa::compute::detail::NativeInputEvent
Generating XML output for class luisa::compute::detail::NativeInputState
Generating XML output for class luisa::compute::tile::bridge::tirx::NativeLayout
Generating XML output for class luisa::compute::NativeResourceExt
Generating XML output for class luisa::compute::detail::NativeWindowHost
Generating XML output for class luisa::compute::detail::NativeWindowImpl
Generating XML output for class luisa::compute::xir::NaturalLoop
Generating XML output for class luisa::compute::tile::Nest
Generating XML output for class NestedArguments
Generating XML output for class NestedArr
Generating XML output for class NestedConstantLeaf
Generating XML output for class NestedConstantRecord
Generating XML output for class NestedMatrixStorageRecord
Generating XML output for class luisa::compute::tile::NestIterator
Generating XML output for class luisa::compute::tile::NestRange
Generating XML output for class luisa::parallel_primitive::no_delay_constructor
Generating XML output for class luisa::compute::coro::CoroGraph::Node
Generating XML output for class luisa::compute::xir::detail::CoroBooleanSetManager::Node
Generating XML output for class luisa::compute::xir::detail::RestructurePostDomInfo::Node
Generating XML output for class luisa::FirstFit::Node
Generating XML output for class luisa::utils::ManagedFirstFit::Node
Generating XML output for class vstd::SmallTreeMap::Node
Generating XML output for class luisa::concepts::Noncopyable
Generating XML output for class luisa::fiber::detail::NonMovableAtomic
Generating XML output for class move_only_function_detail::nontype_t
Generating XML output for class luisa::shader::NVIDIA
Generating XML output for class tinyobj::ObjReader
Generating XML output for class tinyobj::ObjReaderConfig
Generating XML output for class vstd::detail::ObjType
Generating XML output for class Onb
Generating XML output for class luisa::compute::tile::Operation
Generating XML output for class luisa::compute::xir::OptimizationPipelineOptions
Generating XML output for class luisa::test::coro_test::Options
Generating XML output for class luisa::clangcxx::OptionsParser
Generating XML output for class luisa::compute::tile::OrderedReductionAnalysis
Generating XML output for class luisa::compute::osl::OSOParser
Generating XML output for class OuterStruct
Generating XML output for class luisa::compute::xir::OutlineInfo
Generating XML output for class luisa::compute::xir::OutlineInst
Generating XML output for class luisa::compute::tile::bridge::tirx::detail::MatrixLoopEmission::Output
Generating XML output for class luisa::overloaded
Generating XML output for class luisa::compute::xir::EnclosingConstructBoundaryAnalysis::Impl::Owner
Generating XML output for class vstd::variant::PackedFunctors
Generating XML output for class PartialA
Generating XML output for class luisa::compute::xir::PassPipeline
Generating XML output for class luisa::compute::xir::PassReport
Generating XML output for class luisa::test::PbrtCurveData
Generating XML output for class luisa::test::detail::PbrtCurveParser
Generating XML output for class luisa::test::PbrtCurveParseResult
Generating XML output for class luisa::compute::xir::detail::PendingFix
Generating XML output for class PerlinSettings
Generating XML output for class luisa::compute::coro::PersistentThreadsCoroScheduler
Generating XML output for class luisa::compute::coro::PersistentThreadsCoroSchedulerConfig
Generating XML output for class luisa::compute::xir::PhiCleanupInfo
Generating XML output for class luisa::compute::xir::PhiIncoming
Generating XML output for class luisa::compute::xir::PhiIncomingUse
Generating XML output for class luisa::compute::xir::detail::PhiInsertionAndRenaming
Generating XML output for class luisa::compute::xir::PhiInst
Generating XML output for class luisa::compute::coro::CoroSlotAccess::Piece
Generating XML output for class luisa::compute::PiecewiseLinearCurve
Generating XML output for class luisa::compute::PinnedMemoryExt
Generating XML output for class luisa::compute::DStorageExt::PinnedMemoryInfo
Generating XML output for class luisa::compute::PinnedMemoryOption
Generating XML output for class PipelinePayloadBool4
Generating XML output for class PipelinePayloadConfig
Generating XML output for class luisa::compute::tile::PipelinePolicy
Generating XML output for class Pixel
Generating XML output for class luisa::compute::detail::PixelDst
Generating XML output for class luisa::compute::detail::PixelDst< Image< T > >
Generating XML output for class luisa::compute::detail::PixelDst< ImageView< T > >
Generating XML output for class luisa::compute::PixelStorageSizeResult
Generating XML output for class luisa::compute::tile::bridge::tirx::PlanCost
Generating XML output for class luisa::compute::tile::bridge::tirx::PlannerOptions
Generating XML output for class luisa::compute::tile::bridge::xir::PlannerOptions
Generating XML output for class luisa::compute::tile::bridge::tirx::PlanningResult
Generating XML output for class luisa::compute::tile::bridge::xir::PlanningResult
Generating XML output for class Point3D
Generating XML output for class luisa::pointer_hash
Generating XML output for class luisa::pointer_hash< void >
Generating XML output for class PointerData
Generating XML output for class luisa::compute::xir::detail::RayQueryHandlerGraph::PointerIdentityHash
Generating XML output for class luisa::compute::xir::PointerUsageAnalysis::Impl::PointerPath
Generating XML output for class luisa::compute::xir::PointerUsage
Generating XML output for class luisa::compute::xir::PointerUsageAnalysis
Generating XML output for class luisa::compute::xir::PointerUsageAnalysisInfo
Generating XML output for class tinyobj::points_t
Generating XML output for class luisa::compute::Polymorphic
Generating XML output for class luisa::Pool
Generating XML output for class vstd::Pool
Generating XML output for class vstd::Pool< T, false >
Generating XML output for class vstd::Pool< T, true >
Generating XML output for class vstd::Pool< T, false >::PoolIterator
Generating XML output for class vstd::Pool< T, false >::PoolIteratorMother
Generating XML output for class luisa::compute::tile::detail::CaptureContext::PositionalDimension
Generating XML output for class luisa::compute::xir::PostDomTree
Generating XML output for class luisa::compute::xir::PostDomTreeNode
Generating XML output for class luisa::compute::xir::PostDomTreeOptions
Generating XML output for class luisa::compute::xir::PrintInst
Generating XML output for class luisa::compute::xir::PrintMessageMixin
Generating XML output for class luisa::compute::PrintStmt
Generating XML output for class luisa::compute::ProceduralCandidate
Generating XML output for class luisa::shader::ProceduralHit
Generating XML output for class luisa::compute::ProceduralPrimitive
Generating XML output for class luisa::compute::ProceduralPrimitiveBuildCommand
Generating XML output for class luisa::compute::ProceduralUpdateCmd
Generating XML output for class vstd::LockFreeArrayQueue::ProducerData
Generating XML output for class ProducerRecord
Generating XML output for class luisa::compute::Profiler
Generating XML output for class luisa::compute::xir::detail::PromotedArg
Generating XML output for class luisa::compute::xir::PromoteRefArgInfo
Generating XML output for class luisa::compute::detail::prototype_to_callable_invocation
Generating XML output for class luisa::compute::detail::prototype_to_callable_invocation< const T & >
Generating XML output for class luisa::compute::detail::prototype_to_callable_invocation< T & >
Generating XML output for class luisa::compute::detail::prototype_to_creation
Generating XML output for class luisa::compute::detail::prototype_to_creation< const T & >
Generating XML output for class luisa::compute::detail::prototype_to_creation< T & >
Generating XML output for class luisa::compute::detail::prototype_to_creation_tag
Generating XML output for class luisa::compute::detail::prototype_to_creation_tag< const T & >
Generating XML output for class luisa::compute::detail::prototype_to_creation_tag< T & >
Generating XML output for class luisa::compute::detail::prototype_to_shader_invocation
Generating XML output for class luisa::compute::detail::prototype_to_shader_invocation< Buffer< T > >
Generating XML output for class luisa::compute::detail::prototype_to_shader_invocation< ByteBuffer >
Generating XML output for class luisa::compute::detail::prototype_to_shader_invocation< Image< T > >
Generating XML output for class luisa::compute::detail::prototype_to_shader_invocation< SOA< T > >
Generating XML output for class luisa::compute::detail::prototype_to_shader_invocation< Volume< T > >
Generating XML output for class vstd::ArenaHashMap::PseudoPool
Generating XML output for class vstd::ptr_range
Generating XML output for class luisa::compute::PyInterop
Generating XML output for class luisa::compute::PyStream
Generating XML output for class PyWindow
Generating XML output for class QuadraticMaterial
Generating XML output for class luisa::range
Generating XML output for class vstd::range
Generating XML output for class vstd::range_linker
Generating XML output for class luisa::compute::tile::RankedTile
Generating XML output for class RasterAttributedVarying
Generating XML output for class RasterCodegenVarying
Generating XML output for class luisa::compute::xir::RasterDiscardInst
Generating XML output for class luisa::compute::RasterDispatchCmdEncoder
Generating XML output for class luisa::compute::RasterExt
Generating XML output for class RasterInterpolationCodegenVarying
Generating XML output for class luisa::compute::RasterKernel
Generating XML output for class luisa::compute::RasterKernel< RasterStageKernel< VertRet(MeshInput, VertArgs...)>, RasterStageKernel< PixelRet(VertRet, PixelArgs...)> >
Generating XML output for class luisa::compute::RasterMesh
Generating XML output for class luisa::compute::RasterShader
Generating XML output for class luisa::compute::detail::RasterShaderInvoke
Generating XML output for class luisa::compute::xir::RasterStageFunction
Generating XML output for class luisa::compute::RasterStageKernel
Generating XML output for class luisa::compute::RasterStageKernel< Ret(Args...)>
Generating XML output for class luisa::compute::RasterState
Generating XML output for class raw_ptr
Generating XML output for class luisa::compute::Ray
Generating XML output for class luisa::shader::Ray
Generating XML output for class luisa::shader::RayQueryAll
Generating XML output for class luisa::rayquery::RayQueryAllType
Generating XML output for class luisa::shader::RayQueryAny
Generating XML output for class luisa::rayquery::RayQueryAnyType
Generating XML output for class luisa::compute::detail::RayQueryBase
Generating XML output for class luisa::compute::xir::detail::RayQueryCaptureCost
Generating XML output for class luisa::compute::xir::RayQueryDispatchInst
Generating XML output for class luisa::compute::xir::detail::RayQueryHandlerGraph
Generating XML output for class luisa::compute::xir::detail::RayQueryHandlerLocalAllocas
Generating XML output for class luisa::compute::xir::detail::RayQueryHandlerPointerIdentityHash
Generating XML output for class luisa::compute::xir::detail::RayQueryHandlerPointerResolveResult
Generating XML output for class luisa::compute::xir::detail::RayQueryHandlerPointerView
Generating XML output for class luisa::compute::xir::detail::RayQueryHandlerRegion
Generating XML output for class luisa::compute::xir::detail::RayQueryHandlerRootUseInfo
Generating XML output for class luisa::compute::xir::detail::RayQueryHandlerScratchAnalyzer
Generating XML output for class luisa::compute::xir::detail::RayQueryHandlerScratchBlockState
Generating XML output for class luisa::compute::xir::detail::RayQueryHandlerScratchEffect
Generating XML output for class luisa::compute::xir::detail::RayQueryLoopCaptureList
Generating XML output for class luisa::compute::xir::RayQueryLoopInst
Generating XML output for class luisa::compute::xir::RayQueryLoopLowerInfo
Generating XML output for class luisa::compute::xir::detail::RayQueryLoopSubgraph
Generating XML output for class luisa::compute::xir::detail::RayQueryLowerPassValueResolver
Generating XML output for class luisa::compute::xir::RayQueryObjectReadInst
Generating XML output for class luisa::compute::xir::RayQueryObjectWriteInst
Generating XML output for class luisa::compute::xir::RayQueryPipelineInst
Generating XML output for class luisa::compute::detail::RayQueryProceduralProxy
Generating XML output for class luisa::compute::detail::RayQueryProxy
Generating XML output for class luisa::compute::RayQueryStmt
Generating XML output for class luisa::compute::detail::RayQuerySurfaceProxy
Generating XML output for class RayRecord
Generating XML output for class luisa::compute::tile::bridge::tirx::detail::ReadonlyViews
Generating XML output for class luisa::compute::xir::ReassociateInfo
Generating XML output for class luisa::compute::xir::detail::ReconstructCandidate
Generating XML output for class luisa::compute::xir::detail::ReconstructHandlerRegion
Generating XML output for class luisa::compute::xir::ReconstructRayQueryLoopInfo
Generating XML output for class luisa::compute::xir::PassPipeline::Stats::Record
Generating XML output for class luisa::clangcxx::RecordDeclStmtHandler
Generating XML output for class luisa::compute::dsl::coro_suspend_detail::RecordedCoroSuspendExtension
Generating XML output for class luisa::compute::tile::bridge::tirx::ReductionAccessDemand
Generating XML output for class luisa::compute::tile::bridge::tirx::ReductionCandidate
Generating XML output for class luisa::compute::tile::bridge::tirx::ReductionCost
Generating XML output for class luisa::compute::tile::bridge::tirx::ReductionServiceModel
Generating XML output for class luisa::compute::detail::Ref
Generating XML output for class luisa::compute::detail::Ref< Matrix< float, N > >
Generating XML output for class luisa::compute::detail::Ref< std::array< T, N > >
Generating XML output for class luisa::compute::detail::Ref< std::tuple< T... > >
Generating XML output for class luisa::compute::detail::Ref< T[N]>
Generating XML output for class luisa::compute::detail::Ref< Vector< T, 2 > >
Generating XML output for class luisa::compute::detail::Ref< Vector< T, 3 > >
Generating XML output for class luisa::compute::detail::Ref< Vector< T, 4 > >
Generating XML output for class luisa::compute::RefCounter
Generating XML output for class luisa::compute::detail::RefEnableGetAddress
Generating XML output for class luisa::compute::detail::RefEnableGetMemberByIndex
Generating XML output for class luisa::compute::detail::RefEnableSubscriptAccess
Generating XML output for class luisa::compute::xir::ReferenceArgument
Generating XML output for class luisa::compute::detail::ReferenceArgumentCreation
Generating XML output for class luisa::test::ReferenceCompareResult
Generating XML output for class luisa::compute::RefExpr
Generating XML output for class luisa::compute::xir::Reg2MemInfo
Generating XML output for class luisa::compute::xir::Reg2MemSpillAuditInfo
Generating XML output for class luisa::compute::xir::Reg2MemSpillMD
Generating XML output for class luisa::compute::tile::Region
Generating XML output for class luisa::compute::coro::WavefrontCoroScheduler::RegisteredAuxiliaryWork
Generating XML output for class luisa::compute::coro::WavefrontCoroScheduler::RegisteredExtensionStage
Generating XML output for class luisa::compute::xir::detail::RegisterInfo
Generating XML output for class luisa::compute::xir::detail::CoroSplitValueResolver::RematerializedValue
Generating XML output for class luisa::compute::RemoteDeviceConfigExt
Generating XML output for class luisa::compute::tile::bridge::tirx::ReplicaIter
Generating XML output for class luisa::compute::VulkanDeviceConfigExt::ExternalDevice::RequiredFeatures
Generating XML output for class luisa::compute::Resource
Generating XML output for class luisa::compute::xir::ResourceArgument
Generating XML output for class luisa::compute::tile::ResourceClass
Generating XML output for class luisa::compute::ResourceCreationInfo
Generating XML output for class luisa::compute::ResourceGenerator
Generating XML output for class luisa::compute::xir::ResourceQueryInst
Generating XML output for class luisa::compute::xir::ResourceReadInst
Generating XML output for class luisa::compute::DXCustomCmd::ResourceUsage
Generating XML output for class luisa::compute::VKCustomCmd::ResourceUsage
Generating XML output for class luisa::compute::xir::ResourceWriteInst
Generating XML output for class luisa::compute::xir::RestructureCFGInfo
Generating XML output for class luisa::compute::xir::RestructureCFGOptions
Generating XML output for class luisa::compute::xir::detail::RestructurePostDomInfo
Generating XML output for class luisa::compute::xir::detail::RestructurePostDomStats
Generating XML output for class luisa::compute::tile::AnalysisManager::ResultBase
Generating XML output for class luisa::compute::tile::AnalysisManager::ResultHolder
Generating XML output for class luisa::compute::xir::detail::RetargetableHandlerRegion
Generating XML output for class ReturnBox
Generating XML output for class luisa::compute::xir::ReturnInst
Generating XML output for class luisa::compute::ReturnStmt
Generating XML output for class luisa::test::tile_tirx::Runtime
Generating XML output for class S1
Generating XML output for class S2
Generating XML output for class S3
Generating XML output for class S4
Generating XML output for class luisa::compute::Sampler
Generating XML output for class vstd::detail::SampleTupleFuncTable
Generating XML output for class vstd::detail::SampleTupleFuncTable< Tuple, Func, std::integer_sequence< size_t, i... > >
Generating XML output for class luisa::compute::tile::Scalar
Generating XML output for class luisa::compute::tile::scalar_type
Generating XML output for class luisa::compute::xir::ScalarizerInfo
Generating XML output for class luisa::compute::xir::detail::ScalarKey
Generating XML output for class luisa::compute::xir::detail::ScalarKeyHash
Generating XML output for class luisa::parallel_primitive::ScanTileStateViewer
Generating XML output for class luisa::compute::xir::SCCPInfo
Generating XML output for class luisa::compute::xir::detail::SCCPSolver
Generating XML output for class luisa::compute::xir::SCEV
Generating XML output for class luisa::compute::xir::SCEVAddExpr
Generating XML output for class luisa::compute::xir::SCEVAddRec
Generating XML output for class luisa::compute::xir::SCEVAnalysis
Generating XML output for class luisa::compute::xir::SCEVConstant
Generating XML output for class luisa::compute::xir::SCEVInfo
Generating XML output for class luisa::compute::xir::SCEVMulExpr
Generating XML output for class luisa::compute::xir::SCEVUnknown
Generating XML output for class luisa::fiber::scheduler
Generating XML output for class luisa::compute::xir::CoroCfgDistillResult::Scope
Generating XML output for class luisa::compute::detail::FunctionBuilder::ScopeGuard
Generating XML output for class luisa::compute::ScopeStmt
Generating XML output for class luisa::compute::tile::detail::ScopeStorage
Generating XML output for class luisa::compute::xir::SelectFactorInfo
Generating XML output for class luisa::compute::xir::detail::SelectionMergeBatchAnalysis
Generating XML output for class luisa::compute::xir::detail::SelectionMergeBatchStats
Generating XML output for class vstd::SelectType
Generating XML output for class vstd::SelectType< A, B, false >
Generating XML output for class vstd::SelectType< A, B, true >
Generating XML output for class luisa::compute::xir::SentinelArgument
Generating XML output for class luisa::compute::tile::SentinelBlock
Generating XML output for class luisa::compute::xir::SentinelConstant
Generating XML output for class luisa::compute::tile::SentinelFunction
Generating XML output for class luisa::compute::xir::SentinelFunction
Generating XML output for class luisa::compute::xir::SentinelInst
Generating XML output for class luisa::compute::tile::SentinelOperation
Generating XML output for class luisa::compute::xir::SentinelSpecialRegister
Generating XML output for class luisa::compute::xir::SentinelUndefined
Generating XML output for class luisa::compute::tile::bridge::tirx::ServiceExecutionCostPolicy
Generating XML output for class luisa::set
Generating XML output for class luisa::compute::osl::Shader
Generating XML output for class luisa::compute::Shader
Generating XML output for class luisa::compute::tile::Shader
Generating XML output for class luisa::compute::detail::shader_argument_encode_count
Generating XML output for class luisa::compute::detail::shader_argument_encode_count< SOA< T > >
Generating XML output for class luisa::compute::detail::shader_argument_encode_count< SOAView< T > >
Generating XML output for class luisa::compute::ShaderBase
Generating XML output for class luisa::compute::ShaderCreationInfo
Generating XML output for class luisa::compute::osl::OSOParser::ShaderDecl
Generating XML output for class luisa::compute::ShaderDispatchCmdEncoder
Generating XML output for class luisa::compute::ShaderDispatchCommand
Generating XML output for class luisa::compute::ShaderDispatchCommandBase
Generating XML output for class luisa::compute::detail::ShaderInvoke
Generating XML output for class luisa::compute::detail::ShaderInvoke< 1 >
Generating XML output for class luisa::compute::detail::ShaderInvoke< 2 >
Generating XML output for class luisa::compute::detail::ShaderInvoke< 3 >
Generating XML output for class luisa::compute::detail::ShaderInvokeBase
Generating XML output for class luisa::compute::ShaderOption
Generating XML output for class luisa::clangcxx::ShaderReflection
Generating XML output for class tinyobj::shape_t
Generating XML output for class luisa::compute::Shared
Generating XML output for class luisa::fiber::Future::Shared
Generating XML output for class luisa::shader::SharedArray
Generating XML output for class luisa::array::SharedArrayType
Generating XML output for class luisa::compute::detail::SharedAsAtomic
Generating XML output for class luisa::compute::detail::SharedAsAtomic< T >
Generating XML output for class luisa::SharedFunction
Generating XML output for class luisa::SharedFunction< Ret(Args...)>
Generating XML output for class luisa::SharedFunction< Ret(Args...)>::SharedFunctionBase
Generating XML output for class luisa::types::short
Generating XML output for class luisa::types::short2
Generating XML output for class luisa::types::short3
Generating XML output for class luisa::types::short4
Generating XML output for class luisa::compute::dx_cuda_interop::Signal
Generating XML output for class luisa::compute::Event::Signal
Generating XML output for class luisa::compute::vk_cuda_interop::Signal
Generating XML output for class luisa::compute::xir::SignatureConstraintMD
Generating XML output for class SIMDAggregatePromotionProbe
Generating XML output for class luisa::compute::SIMDDeviceConfigExt
Generating XML output for class luisa::compute::xir::SimpleLoopInst
Generating XML output for class SimpleStruct
Generating XML output for class luisa::compute::osl::SimpleType
Generating XML output for class luisa::compute::xir::SimplifyCFGInfo
Generating XML output for class luisa::compute::xir::SimplifyLibCallsInfo
Generating XML output for class vstd::SingleThreadArrayQueue
Generating XML output for class luisa::detail::SinkWithCallback
Generating XML output for class tinyobj::skin_weight_t
Generating XML output for class luisa::compute::coro::CoroGraph::SlotSet
Generating XML output for class luisa::compute::tile::detail::SlotSnapshot
Generating XML output for class luisa::compute::xir::SLPVectorizationInfo
Generating XML output for class vstd::SmallTreeMap
Generating XML output for class luisa::compute::SOA
Generating XML output for class luisa::compute::detail::SOAExprBase
Generating XML output for class SoAFields
Generating XML output for class luisa::compute::SOAView
Generating XML output for class luisa::compute::SOAView< Matrix< float, N > >
Generating XML output for class luisa::compute::SOAView< std::array< T, N > >
Generating XML output for class luisa::compute::SOAView< T[N]>
Generating XML output for class luisa::compute::SOAView< Vector< T, 2 > >
Generating XML output for class luisa::compute::SOAView< Vector< T, 3 > >
Generating XML output for class luisa::compute::SOAView< Vector< T, 4 > >
Generating XML output for class luisa::compute::detail::SOAViewBase
Generating XML output for class SomeForwardNode
Generating XML output for class SomeNode
Generating XML output for class Something
Generating XML output for class SomeValue
Generating XML output for class SortArgs
Generating XML output for class luisa::compute::dsl::SortCoroSuspendAnnotation
Generating XML output for class luisa::compute::SortCoroSuspendAnnotation
Generating XML output for class luisa::compute::SparseBuffer
Generating XML output for class luisa::compute::SparseBufferCreationInfo
Generating XML output for class luisa::compute::SparseBufferHeap
Generating XML output for class luisa::compute::SparseBufferMapOperation
Generating XML output for class luisa::compute::detail::SparseBufferTileRegionPlan
Generating XML output for class luisa::compute::detail::SparseBufferTileRegionRequest
Generating XML output for class luisa::compute::SparseBufferUnMapOperation
Generating XML output for class luisa::compute::SparseCommandList
Generating XML output for class luisa::compute::SparseCommandListCommit
Generating XML output for class luisa::compute::SparseImage
Generating XML output for class luisa::compute::SparseTexture
Generating XML output for class luisa::compute::SparseTextureCreationInfo
Generating XML output for class luisa::compute::SparseTextureHeap
Generating XML output for class luisa::compute::SparseTextureMapOperation
Generating XML output for class luisa::compute::detail::SparseTextureTileAxisPlan
Generating XML output for class luisa::compute::detail::SparseTextureTileRegion
Generating XML output for class luisa::compute::detail::SparseTextureTileRegionPlan
Generating XML output for class luisa::compute::detail::SparseTextureTileRegionRequest
Generating XML output for class luisa::compute::SparseTextureUnMapOperation
Generating XML output for class luisa::compute::detail::SparseTileAllocationPlan
Generating XML output for class luisa::compute::SparseUpdateTile
Generating XML output for class luisa::compute::SparseVolume
Generating XML output for class luisa::compute::xir::SpecialRegister
Generating XML output for class luisa::spin_mutex
Generating XML output for class SpirvAggregateAtomicLeaves
Generating XML output for class SpirvAggregateIndexLeaf
Generating XML output for class SpirvAggregateIndexRoot
Generating XML output for class SpirvCallableAggregate
Generating XML output for class SpirvSignedAtomicLeaf
Generating XML output for class SpirvUnsignedAtomicLeaf
Generating XML output for class luisa::compute::xir::SROAInfo
Generating XML output for class luisa::compute::xir::SROAOptions
Generating XML output for class luisa::clangcxx::Stack
Generating XML output for class vstd::StackAllocator
Generating XML output for class vstd::StackAllocatorVisitor
Generating XML output for class vstd::StackObject
Generating XML output for class vstd::StackObject< T, false >
Generating XML output for class vstd::StackObject< T, true >
Generating XML output for class luisa::compute::coro::CoroGraph::Stage
Generating XML output for class luisa::compute::tile::bridge::tirx::detail::FunctionLowerer::StageBoundary
Generating XML output for class luisa::compute::osl::OSOParser::State
Generating XML output for class luisa::compute::coro::StateMachineCoroScheduler
Generating XML output for class luisa::compute::coro::StateMachineCoroSchedulerConfig
Generating XML output for class luisa::compute::Statement
Generating XML output for class luisa::compute::detail::StaticBackendRegistration
Generating XML output for class luisa::compute::detail::StaticBackendRegistry
Generating XML output for class StaticMotionProbeResult
Generating XML output for class luisa::compute::xir::XIRVerificationResult::Statistics
Generating XML output for class luisa::compute::xir::PassPipeline::Stats
Generating XML output for class luisa::compute::StatsExt
Generating XML output for class luisa::compute::std_make_literal_value
Generating XML output for class luisa::compute::std_make_literal_value< std::tuple< T... > >
Generating XML output for class luisa::compute::StencilFaceOp
Generating XML output for class luisa::compute::StencilState
Generating XML output for class luisa::compute::detail::StmtBodyInvoke
Generating XML output for class luisa::compute::StmtVisitor
Generating XML output for class vstd::Storage
Generating XML output for class vstd::Storage< T, 0 >
Generating XML output for class luisa::compute::xir::StoreInst
Generating XML output for class luisa::compute::Stream
Generating XML output for class luisa::compute::StreamStats
Generating XML output for class luisa::compute::StreamStatsScope
Generating XML output for class StrictFmodCase
Generating XML output for class vstd::StringBuilder
Generating XML output for class luisa::compute::StringIDExpr
Generating XML output for class luisa::StringScratch
Generating XML output for class vstd::StringUtil
Generating XML output for class luisa::struct::Struct
Generating XML output for class luisa::compute::struct_member_tuple
Generating XML output for class luisa::compute::struct_member_tuple< Matrix< T, N > >
Generating XML output for class luisa::compute::struct_member_tuple< std::array< T, N > >
Generating XML output for class luisa::compute::struct_member_tuple< std::tuple< T... > >
Generating XML output for class luisa::compute::struct_member_tuple< T[N]>
Generating XML output for class luisa::compute::struct_member_tuple< Vector< T, N > >
Generating XML output for class luisa::compute::osl::StructType
Generating XML output for class luisa::struct::StructType
Generating XML output for class luisa::test::StructuralMetrics
Generating XML output for class luisa::shader::Structure
Generating XML output for class vstd::StrvIEnumerator
Generating XML output for class vstd::StrVSplitIterator
Generating XML output for class luisa::compute::Coroutine< Ret(Args...)>::Subroutine
Generating XML output for class luisa::compute::xir::CoroSplitInfo::Subroutine
Generating XML output for class luisa::test::tile_reduction::Subtract
Generating XML output for class luisa::compute::SurfaceCandidate
Generating XML output for class luisa::compute::SurfaceHit
Generating XML output for class luisa::compute::detail::FunctionBuilder::SuspendExtensionRecorder
Generating XML output for class luisa::compute::xir::CoroCfgDistillResult::Scope::SuspendPoint
Generating XML output for class luisa::compute::xir::CoroCfgDistillResult::Edge::SuspendStageDataflow
Generating XML output for class luisa::compute::SuspendStmt
Generating XML output for class luisa::compute::Swapchain
Generating XML output for class luisa::compute::SwapchainCreationInfo
Generating XML output for class luisa::compute::SwapchainOption
Generating XML output for class luisa::compute::SwapchainPresent
Generating XML output for class luisa::compute::SwitchCaseStmt
Generating XML output for class luisa::compute::detail::SwitchCaseStmtBuilder
Generating XML output for class luisa::compute::SwitchDefaultStmt
Generating XML output for class luisa::compute::detail::SwitchDefaultStmtBuilder
Generating XML output for class luisa::compute::xir::SwitchInst
Generating XML output for class luisa::compute::SwitchStmt
Generating XML output for class luisa::compute::detail::SwitchStmtBuilder
Generating XML output for class luisa::parallel_primitive::SwizzleScanOp
Generating XML output for class luisa::compute::osl::Symbol
Generating XML output for class luisa::compute::Stream::Synchronize
Generating XML output for class tinyobj::tag_t
Generating XML output for class luisa::compute::tile::TargetModel
Generating XML output for class TArguments
Generating XML output for class TArgumentsView
Generating XML output for class luisa::compute::coro::radix_sort::temp_storage
Generating XML output for class luisa::compute::coro::radix_sort::temp_storage_view
Generating XML output for class Template
Generating XML output for class Template< NVIDIA >
Generating XML output for class luisa::compute::tile::TensorShape
Generating XML output for class luisa::compute::tile::TensorView
Generating XML output for class luisa::compute::xir::detail::CoroPredicateAnalysis::Term
Generating XML output for class luisa::compute::xir::TerminatorInstruction
Generating XML output for class Test
Generating XML output for class Test1
Generating XML output for class Test2
Generating XML output for class Test3
Generating XML output for class TestCtorStructure
Generating XML output for class luisa::compute::TexCompressExt
Generating XML output for class luisa::utils::TransientResourceDevice::TexResourceHandle
Generating XML output for class luisa::utils::TransientResourceDevice::TexTimelineDesc
Generating XML output for class luisa::compute::Argument::Texture
Generating XML output for class luisa::compute::BindlessArrayUpdateCommand::Texture2DModification
Generating XML output for class luisa::image2d::Texture2DType
Generating XML output for class luisa::compute::BindlessArrayUpdateCommand::Texture3DModification
Generating XML output for class luisa::image3d::Texture3DType
Generating XML output for class tinyobj::texture_option_t
Generating XML output for class luisa::compute::Function::TextureBinding
Generating XML output for class luisa::compute::TextureCopyCommand
Generating XML output for class luisa::compute::TextureDownloadCommand
Generating XML output for class luisa::compute::DStorageReadCommand::TextureRequest
Generating XML output for class luisa::compute::TextureToBufferCopyCommand
Generating XML output for class luisa::compute::TextureUploadCommand
Generating XML output for class luisa::thread_safety
Generating XML output for class luisa::thread_safety< void >
Generating XML output for class luisa::compute::xir::ThreadGroupInst
Generating XML output for class luisa::compute::tile::Tile
Generating XML output for class luisa::parallel_primitive::TileDescriptor
Generating XML output for class luisa::parallel_primitive::TilePrefixCallbackOp
Generating XML output for class luisa::parallel_primitive::TilePrefixTempStorage
Generating XML output for class luisa::compute::tile::detail::TileSelection
Generating XML output for class luisa::compute::TimelineEvent
Generating XML output for class TNestedArguments
Generating XML output for class vstd::to_value
Generating XML output for class luisa::compute::xir::TraceGEPInfo
Generating XML output for class vstd::transform_range
Generating XML output for class luisa::utils::TransientResourceDevice
Generating XML output for class luisa::utils::TransientResourceDeviceScope
Generating XML output for class luisa::utils::TransientTexDesc
Generating XML output for class luisa::compute::xir::CoroMaterializeInfo::TransitionEdge
Generating XML output for class luisa::compute::xir::detail::RestructurePostDomInfo::TransparentMergeUpdateStats
Generating XML output for class luisa::compute::xir::TransposeGEPInfo
Generating XML output for class TRay
Generating XML output for class vstd::TreeElement
Generating XML output for class vstd::detail::TreeMapUtility
Generating XML output for class luisa::compute::Triangle
Generating XML output for class Triangle
Generating XML output for class luisa::shader::TriangleHit
Generating XML output for class TriArray
Generating XML output for class std::tuple_element
Generating XML output for class luisa::compute::tuple_join
Generating XML output for class luisa::compute::tuple_join< std::tuple< A... > >
Generating XML output for class luisa::compute::tuple_join< std::tuple< A... >, std::tuple< B... >, C... >
Generating XML output for class vstd::tuple_range
Generating XML output for class vstd::tuple_range< A, B >
Generating XML output for class std::tuple_size
Generating XML output for class vstd::detail::TupleCompare
Generating XML output for class vstd::detail::TupleCompare< index, std::tuple< T... > >
Generating XML output for class luisa::compute::osl::Type
Generating XML output for class luisa::compute::tile::Type
Generating XML output for class luisa::compute::Type
Generating XML output for class vstd::Pool< T, false >::TypeCollector
Generating XML output for class luisa::clangcxx::TypeDatabase
Generating XML output for class luisa::compute::detail::TypeDesc
Generating XML output for class TypeDesc
Generating XML output for class luisa::compute::detail::TypeDesc< Accel >
Generating XML output for class luisa::compute::detail::TypeDesc< BindlessArray >
Generating XML output for class luisa::compute::detail::TypeDesc< Buffer< T > >
Generating XML output for class luisa::compute::detail::TypeDesc< BufferView< T > >
Generating XML output for class luisa::compute::detail::TypeDesc< ByteBuffer >
Generating XML output for class luisa::compute::detail::TypeDesc< float2x2 >
Generating XML output for class luisa::compute::detail::TypeDesc< float3x3 >
Generating XML output for class luisa::compute::detail::TypeDesc< float4x4 >
Generating XML output for class luisa::compute::detail::TypeDesc< Image< float > >
Generating XML output for class luisa::compute::detail::TypeDesc< Image< int > >
Generating XML output for class luisa::compute::detail::TypeDesc< Image< uint > >
Generating XML output for class luisa::compute::detail::TypeDesc< ImageView< T > >
Generating XML output for class luisa::compute::detail::TypeDesc< long >
Generating XML output for class luisa::compute::detail::TypeDesc< std::array< T, N > >
Generating XML output for class luisa::compute::detail::TypeDesc< std::tuple< T... > >
Generating XML output for class luisa::compute::detail::TypeDesc< T >
Generating XML output for class luisa::compute::detail::TypeDesc< T[N]>
Generating XML output for class luisa::compute::detail::TypeDesc< unsigned long >
Generating XML output for class luisa::compute::detail::TypeDesc< Volume< float > >
Generating XML output for class luisa::compute::detail::TypeDesc< Volume< int > >
Generating XML output for class luisa::compute::detail::TypeDesc< Volume< uint > >
Generating XML output for class luisa::compute::detail::TypeDesc< VolumeView< T > >
Generating XML output for class luisa::compute::detail::TypeRegistry::TypeDescAndHash
Generating XML output for class luisa::compute::xir::AST2XIRContext::TypedLiteral
Generating XML output for class luisa::compute::detail::TypeRegistry::TypeHash
Generating XML output for class luisa::compute::TypeIDExpr
Generating XML output for class luisa::compute::detail::TypeImpl
Generating XML output for class vstd::TypeOf
Generating XML output for class luisa::compute::TypePromotion
Generating XML output for class luisa::compute::detail::TypeRegistry
Generating XML output for class luisa::compute::TypeVisitor
Generating XML output for class luisa::compute::TypeVisitorAdapter
Generating XML output for class luisa::types::uint
Generating XML output for class luisa::types::ulong
Generating XML output for class luisa::types::ulong2
Generating XML output for class luisa::types::ulong3
Generating XML output for class luisa::types::ulong4
Generating XML output for class luisa::compute::UnaryExpr
Generating XML output for class vstd::UndefEval
Generating XML output for class luisa::compute::xir::Undefined
Generating XML output for class luisa::compute::Argument::Uniform
Generating XML output for class luisa::compute::xir::UniformityAnalysis
Generating XML output for class vstd::unique_ptr_deleter
Generating XML output for class luisa::compute::xir::UnreachableInst
Generating XML output for class luisa::compute::xir::UnusedCallableRemovalInfo
Generating XML output for class luisa::compute::ExternalCallable< Ret(Args...)>::UsageOf
Generating XML output for class luisa::compute::ExternalCallable< Ret(Args...)>::UsageOf< const T & >
Generating XML output for class luisa::compute::ExternalCallable< Ret(Args...)>::UsageOf< T & >
Generating XML output for class luisa::compute::tile::Use
Generating XML output for class luisa::compute::xir::Use
Generating XML output for class luisa::compute::tile::UseList
Generating XML output for class luisa::compute::xir::UseList
Generating XML output for class luisa::compute::xir::User
Generating XML output for class UserBinaryIO
Generating XML output for class luisa::types::ushort
Generating XML output for class luisa::types::ushort2
Generating XML output for class luisa::types::ushort3
Generating XML output for class luisa::types::ushort4
Generating XML output for class v2p
Generating XML output for class vstd::v_lazy_eval
Generating XML output for class luisa::compute::ValidationLayer
Generating XML output for class VAllocHandle
Generating XML output for class luisa::compute::tile::Value
Generating XML output for class luisa::compute::xir::Value
Generating XML output for class vstd::LMDBIterator::Value
Generating XML output for class move_only_function_detail::_move_only_pointer::value_type
Generating XML output for class luisa::compute::xir::ValueArgument
Generating XML output for class luisa::compute::tile::detail::ValueHandle
Generating XML output for class luisa::compute::xir::XIR2ASTContext::ValueMapFrame
Generating XML output for class luisa::compute::tile::detail::ValueSlot
Generating XML output for class luisa::compute::Var
Generating XML output for class luisa::compute::Var< Accel >
Generating XML output for class luisa::compute::Var< BindlessArray >
Generating XML output for class luisa::compute::Var< Buffer< T > >
Generating XML output for class luisa::compute::Var< BufferView< T > >
Generating XML output for class luisa::compute::Var< ByteBuffer >
Generating XML output for class luisa::compute::Var< Image< T > >
Generating XML output for class luisa::compute::Var< ImageView< T > >
Generating XML output for class luisa::compute::Var< IndirectDispatchBuffer >
Generating XML output for class luisa::compute::Var< SOA< T > >
Generating XML output for class luisa::compute::Var< SOAView< T > >
Generating XML output for class luisa::compute::Var< Volume< T > >
Generating XML output for class luisa::compute::Var< VolumeView< T > >
Generating XML output for class luisa::compute::Variable
Generating XML output for class luisa::compute::xir::AST2XIRContext::VariableBindings
Generating XML output for class luisa::astbuilder::VariableInfo
Generating XML output for class vstd::variant
Generating XML output for class eastl::variant_size< luisa::compute::detail::LiteralValue >
Generating XML output for class vstd::detail::VariantConstructible
Generating XML output for class luisa::globalvars::Vars
Generating XML output for class luisa::shader::vec
Generating XML output for class luisa::shader::vec< T, 2 >
Generating XML output for class luisa::shader::vec< T, 3 >
Generating XML output for class luisa::shader::vec< T, 4 >
Generating XML output for class VecStruct
Generating XML output for class luisa::Vector
Generating XML output for class luisa::detail::vector_alignment
Generating XML output for class luisa::detail::vector_dimension_impl
Generating XML output for class luisa::detail::vector_dimension_impl< Vector< T, N > >
Generating XML output for class luisa::detail::vector_element_impl
Generating XML output for class luisa::detail::vector_element_impl< Vector< T, N > >
Generating XML output for class luisa::compute::detail::vectorized
Generating XML output for class luisa::compute::detail::vectorized< T, 1u >
Generating XML output for class luisa::compute::detail::vectorized_dimension
Generating XML output for class luisa::compute::detail::vectorized_dimension< First, Other... >
Generating XML output for class luisa::compute::detail::vectorized_dimension< T >
Generating XML output for class luisa::detail::VectorStorage
Generating XML output for class luisa::detail::VectorStorage< T, 2 >
Generating XML output for class luisa::detail::VectorStorage< T, 3 >
Generating XML output for class luisa::detail::VectorStorage< T, 4 >
Generating XML output for class vstd::VEngineMallocVisitor
Generating XML output for class luisa::compute::tile::VerificationDiagnostic
Generating XML output for class luisa::compute::tile::VerificationResult
Generating XML output for class luisa::compute::tile::detail::Verifier
Generating XML output for class luisa::compute::xir::detail::VerifierSparseDomTree
Generating XML output for class Vertex
Generating XML output for class luisa::compute::VertexAttribute
Generating XML output for class luisa::compute::VertexBufferView
Generating XML output for class VertexData
Generating XML output for class VertexIn
Generating XML output for class VertexOut
Generating XML output for class luisa::compute::Viewport
Generating XML output for class vstd::visit_strategy
Generating XML output for class vstd::visit_strategy< N, 0 >
Generating XML output for class vstd::visit_strategy< N, 1 >
Generating XML output for class vstd::visit_strategy< N, 2 >
Generating XML output for class vstd::visit_strategy< N, 3 >
Generating XML output for class vstd::visit_strategy< N, 4 >
Generating XML output for class luisa::compute::VkCudaInterop
Generating XML output for class luisa::compute::VKCustomCmd
Generating XML output for class luisa::compute::VolkInitializer
Generating XML output for class luisa::compute::Volume
Generating XML output for class luisa::shader::Volume
Generating XML output for class luisa::shader::Volume< float, CacheFlags::ReadOnly >
Generating XML output for class luisa::compute::detail::volume_element_impl
Generating XML output for class luisa::compute::detail::volume_element_impl< Volume< T > >
Generating XML output for class luisa::compute::detail::volume_element_impl< VolumeView< T > >
Generating XML output for class luisa::compute::detail::VolumeExprProxy
Generating XML output for class luisa::compute::VolumeView
Generating XML output for class move_only_function_detail::_callable_trait::vtable
Generating XML output for class luisa::compute::VulkanDeviceConfigExt
Generating XML output for class luisa::compute::VulkanDeviceConfigExt::VulkanLibPath
Generating XML output for class luisa::compute::VulkanSwapchain
Generating XML output for class luisa::compute::dx_cuda_interop::Wait
Generating XML output for class luisa::compute::Event::Wait
Generating XML output for class luisa::compute::vk_cuda_interop::Wait
Generating XML output for class luisa::compute::EventStats::WaitCmd
Generating XML output for class luisa::compute::simd::reference::WarpCollectives
Generating XML output for class luisa::parallel_primitive::WarpReduce
Generating XML output for class luisa::parallel_primitive::details::WarpReduceShfl
Generating XML output for class luisa::compute::coro::WavefrontCoroAuxiliaryProducer
Generating XML output for class luisa::compute::coro::WavefrontCoroAuxiliaryStats
Generating XML output for class luisa::compute::coro::WavefrontCoroAuxiliaryWork
Generating XML output for class luisa::compute::coro::WavefrontCoroContinuationBlockSize
Generating XML output for class luisa::compute::coro::WavefrontCoroContinuationStats
Generating XML output for class luisa::compute::coro::WavefrontCoroDispatchStats
Generating XML output for class luisa::compute::coro::WavefrontCoroExtensionDispatchContext
Generating XML output for class luisa::compute::coro::WavefrontCoroExtensionPrepareContext
Generating XML output for class luisa::compute::coro::WavefrontCoroExtensionStage
Generating XML output for class luisa::compute::coro::WavefrontCoroExtensionStats
Generating XML output for class luisa::compute::coro::WavefrontCoroScheduler
Generating XML output for class luisa::compute::coro::WavefrontCoroSchedulerConfig
Generating XML output for class luisa::compute::coro::WavefrontCoroSchedulerExtensionHandler
Generating XML output for class luisa::compute::coro::WavefrontCoroShaderInfo
Generating XML output for class luisa::compute::detail::WhileStmtBuilder
Generating XML output for class WideVectorStorageRecord
Generating XML output for class luisa::compute::Window
Generating XML output for class luisa::compute::detail::WindowImpl
Generating XML output for class WordBackedMixedComposite
Generating XML output for class WordBackedSignedAtomicComposite
Generating XML output for class luisa::compute::Coroutine< Ret(Args...)>::WrappedSubroutine
Generating XML output for class luisa::compute::xir::XIR2ASTConfig
Generating XML output for class luisa::compute::xir::XIR2ASTContext
Generating XML output for class luisa::compute::xir::XIR2ASTTranslationStatistics
Generating XML output for class luisa::compute::xir::XIR2TextTranslator
Generating XML output for class luisa::compute::xir::XIRBuilder
Generating XML output for class luisa::compute::xir::XIRDebugPrinter
Generating XML output for class luisa::compute::xir::XIRInterchangeBitcodeWriteResult
Generating XML output for class luisa::compute::xir::XIRInterchangeDiagnostic
Generating XML output for class luisa::compute::xir::XIRInterchangeParseResult
Generating XML output for class luisa::compute::xir::XIRInterchangeTextWriteResult
Generating XML output for class luisa::compute::xir::XIRPassVerificationTransaction
Generating XML output for class luisa::compute::xir::XIRVerificationError
Generating XML output for class luisa::compute::xir::XIRVerificationOptions
Generating XML output for class luisa::compute::xir::XIRVerificationResult
Generating XML output for class luisa::compute::xir::detail::XIRVerifier
Generating XML output for concept @006002207303134220126224215250340125170142015073::writable_element
Generating XML output for concept @175071203172240077337300124376163226314151321045::can_store
Generating XML output for concept @175071203172240077337300124376163226314151321045::has_comma_adapter
Generating XML output for concept @175071203172240077337300124376163226314151321045::has_condition_first_select
Generating XML output for concept @175071203172240077337300124376163226314151321045::has_native_tile_subscript
Generating XML output for concept @175071203172240077337300124376163226314151321045::has_nest_subscript
Generating XML output for concept @221306124277320252311030011022055033271014060146::memory_storable
Generating XML output for concept HasCeilDiv
Generating XML output for concept luisa::compute::detail::vector_expr_compatible
Generating XML output for concept luisa::compute::device_extension
Generating XML output for concept luisa::compute::tile::arithmetic_scalar_cpp_type
Generating XML output for concept luisa::compute::tile::detail::tile_binary_operands
Generating XML output for concept luisa::compute::tile::detail::tile_operand
Generating XML output for concept luisa::compute::tile::integral_scalar_cpp_type
Generating XML output for concept luisa::compute::tile::scalar_cpp_type
Generating XML output for concept luisa::concepts::basic
Generating XML output for concept luisa::concepts::bitwise_convertible
Generating XML output for concept luisa::concepts::bool_vector
Generating XML output for concept luisa::concepts::constructible
Generating XML output for concept luisa::concepts::container
Generating XML output for concept luisa::concepts::different
Generating XML output for concept luisa::concepts::float_vector
Generating XML output for concept luisa::concepts::function
Generating XML output for concept luisa::concepts::int_vector
Generating XML output for concept luisa::concepts::integral
Generating XML output for concept luisa::concepts::invocable
Generating XML output for concept luisa::concepts::invocable_with_return
Generating XML output for concept luisa::concepts::is_iterator
Generating XML output for concept luisa::concepts::iterable
Generating XML output for concept luisa::concepts::matrix
Generating XML output for concept luisa::concepts::matrix2
Generating XML output for concept luisa::concepts::matrix3
Generating XML output for concept luisa::concepts::matrix4
Generating XML output for concept luisa::concepts::non_cvref
Generating XML output for concept luisa::concepts::non_pointer
Generating XML output for concept luisa::concepts::operator_access
Generating XML output for concept luisa::concepts::pointer
Generating XML output for concept luisa::concepts::reinterpret_convertible
Generating XML output for concept luisa::concepts::same
Generating XML output for concept luisa::concepts::scalar
Generating XML output for concept luisa::concepts::static_convertible
Generating XML output for concept luisa::concepts::string_viewable
Generating XML output for concept luisa::concepts::trivially_default_constructible
Generating XML output for concept luisa::concepts::uint_vector
Generating XML output for concept luisa::concepts::vector
Generating XML output for concept luisa::concepts::vector2
Generating XML output for concept luisa::concepts::vector3
Generating XML output for concept luisa::concepts::vector4
Generating XML output for concept luisa::concepts::vector_same_dimension
Generating XML output for concept luisa::shader::concepts::arithmetic
Generating XML output for concept luisa::shader::concepts::arithmetic_scalar
Generating XML output for concept luisa::shader::concepts::arithmetic_vec
Generating XML output for concept luisa::shader::concepts::bool_family
Generating XML output for concept luisa::shader::concepts::bool_vec_family
Generating XML output for concept luisa::shader::concepts::buffer
Generating XML output for concept luisa::shader::concepts::float_family
Generating XML output for concept luisa::shader::concepts::float_vec_family
Generating XML output for concept luisa::shader::concepts::image
Generating XML output for concept luisa::shader::concepts::int_family
Generating XML output for concept luisa::shader::concepts::int_vec_family
Generating XML output for concept luisa::shader::concepts::matrix
Generating XML output for concept luisa::shader::concepts::non_vec
Generating XML output for concept luisa::shader::concepts::primitive
Generating XML output for concept luisa::shader::concepts::signed_arithmetic
Generating XML output for concept luisa::shader::concepts::sint_family
Generating XML output for concept luisa::shader::concepts::sint_vec_family
Generating XML output for concept luisa::shader::concepts::texture
Generating XML output for concept luisa::shader::concepts::uint_family
Generating XML output for concept luisa::shader::concepts::uint_vec_family
Generating XML output for concept luisa::shader::concepts::vec
Generating XML output for concept luisa::shader::concepts::volume
Generating XML output for namespace 
Generating XML output for namespace 
Generating XML output for namespace 
Generating XML output for namespace 
Generating XML output for namespace 
Generating XML output for namespace 
Generating XML output for namespace 
Generating XML output for namespace 
Generating XML output for namespace 
Generating XML output for namespace 
Generating XML output for namespace 
Generating XML output for namespace 
Generating XML output for namespace 
Generating XML output for namespace 
Generating XML output for namespace 
Generating XML output for namespace 
Generating XML output for namespace 
Generating XML output for namespace 
Generating XML output for namespace 
Generating XML output for namespace 
Generating XML output for namespace 
Generating XML output for namespace 
Generating XML output for namespace 
Generating XML output for namespace 
Generating XML output for namespace 
Generating XML output for namespace 
Generating XML output for namespace 
Generating XML output for namespace 
Generating XML output for namespace 
Generating XML output for namespace 
Generating XML output for namespace 
Generating XML output for namespace 
Generating XML output for namespace 
Generating XML output for namespace 
Generating XML output for namespace 
Generating XML output for namespace 
Generating XML output for namespace 
Generating XML output for namespace 
Generating XML output for namespace 
Generating XML output for namespace 
Generating XML output for namespace 
Generating XML output for namespace 
Generating XML output for namespace 
Generating XML output for namespace 
Generating XML output for namespace 
Generating XML output for namespace 
Generating XML output for namespace 
Generating XML output for namespace 
Generating XML output for namespace 
Generating XML output for namespace 
Generating XML output for namespace 
Generating XML output for namespace 
Generating XML output for namespace 
Generating XML output for namespace 
Generating XML output for namespace 
Generating XML output for namespace 
Generating XML output for namespace 
Generating XML output for namespace 
Generating XML output for namespace 
Generating XML output for namespace 
Generating XML output for namespace 
Generating XML output for namespace 
Generating XML output for namespace 
Generating XML output for namespace 
Generating XML output for namespace 
Generating XML output for namespace 
Generating XML output for namespace 
Generating XML output for namespace 
Generating XML output for namespace 
Generating XML output for namespace 
Generating XML output for namespace 
Generating XML output for namespace 
Generating XML output for namespace 
Generating XML output for namespace 
Generating XML output for namespace 
Generating XML output for namespace 
Generating XML output for namespace 
Generating XML output for namespace 
Generating XML output for namespace 
Generating XML output for namespace 
Generating XML output for namespace 
Generating XML output for namespace 
Generating XML output for namespace 
Generating XML output for namespace 
Generating XML output for namespace 
Generating XML output for namespace 
Generating XML output for namespace 
Generating XML output for namespace 
Generating XML output for namespace 
Generating XML output for namespace 
Generating XML output for namespace 
Generating XML output for namespace 
Generating XML output for namespace 
Generating XML output for namespace 
Generating XML output for namespace 
Generating XML output for namespace 
Generating XML output for namespace 
Generating XML output for namespace 
Generating XML output for namespace 
Generating XML output for namespace 
Generating XML output for namespace 
Generating XML output for namespace 
Generating XML output for namespace 
Generating XML output for namespace 
Generating XML output for namespace 
Generating XML output for namespace 
Generating XML output for namespace 
Generating XML output for namespace 
Generating XML output for namespace 
Generating XML output for namespace 
Generating XML output for namespace 
Generating XML output for namespace 
Generating XML output for namespace 
Generating XML output for namespace 
Generating XML output for namespace 
Generating XML output for namespace 
Generating XML output for namespace 
Generating XML output for namespace 
Generating XML output for namespace 
Generating XML output for namespace 
Generating XML output for namespace 
Generating XML output for namespace 
Generating XML output for namespace 
Generating XML output for namespace 
Generating XML output for namespace 
Generating XML output for namespace 
Generating XML output for namespace 
Generating XML output for namespace 
Generating XML output for namespace 
Generating XML output for namespace 
Generating XML output for namespace 
Generating XML output for namespace 
Generating XML output for namespace 
Generating XML output for namespace 
Generating XML output for namespace 
Generating XML output for namespace 
Generating XML output for namespace 
Generating XML output for namespace 
Generating XML output for namespace 
Generating XML output for namespace 
Generating XML output for namespace 
Generating XML output for namespace 
Generating XML output for namespace 
Generating XML output for namespace 
Generating XML output for namespace 
Generating XML output for namespace 
Generating XML output for namespace 
Generating XML output for namespace 
Generating XML output for namespace 
Generating XML output for namespace 
Generating XML output for namespace 
Generating XML output for namespace 
Generating XML output for namespace 
Generating XML output for namespace 
Generating XML output for namespace 
Generating XML output for namespace 
Generating XML output for namespace 
Generating XML output for namespace 
Generating XML output for namespace 
Generating XML output for namespace 
Generating XML output for namespace 
Generating XML output for namespace 
Generating XML output for namespace 
Generating XML output for namespace 
Generating XML output for namespace 
Generating XML output for namespace 
Generating XML output for namespace 
Generating XML output for namespace 
Generating XML output for namespace 
Generating XML output for namespace 
Generating XML output for namespace 
Generating XML output for namespace 
Generating XML output for namespace 
Generating XML output for namespace 
Generating XML output for namespace 
Generating XML output for namespace 
Generating XML output for namespace 
Generating XML output for namespace 
Generating XML output for namespace 
Generating XML output for namespace 
Generating XML output for namespace 
Generating XML output for namespace 
Generating XML output for namespace 
Generating XML output for namespace 
Generating XML output for namespace 
Generating XML output for namespace 
Generating XML output for namespace 
Generating XML output for namespace 
Generating XML output for namespace 
Generating XML output for namespace 
Generating XML output for namespace 
Generating XML output for namespace 
Generating XML output for namespace 
Generating XML output for namespace 
Generating XML output for namespace 
Generating XML output for namespace 
Generating XML output for namespace 
Generating XML output for namespace 
Generating XML output for namespace 
Generating XML output for namespace 
Generating XML output for namespace 
Generating XML output for namespace 
Generating XML output for namespace 
Generating XML output for namespace 
Generating XML output for namespace 
Generating XML output for namespace 
Generating XML output for namespace 
Generating XML output for namespace 
Generating XML output for namespace 
Generating XML output for namespace 
Generating XML output for namespace 
Generating XML output for namespace 
Generating XML output for namespace 
Generating XML output for namespace 
Generating XML output for namespace 
Generating XML output for namespace 
Generating XML output for namespace 
Generating XML output for namespace 
Generating XML output for namespace aces
Generating XML output for namespace boost::ut
Generating XML output for namespace boost::ut::literals
Generating XML output for namespace clang
Generating XML output for namespace clang::ast_matchers
Generating XML output for namespace clang::ast_matchers::MatchFinder
Generating XML output for namespace clang::tooling
Generating XML output for namespace cornell_box
Generating XML output for namespace detail
Generating XML output for namespace eastl
Generating XML output for namespace fmt
Generating XML output for namespace frozenca
Generating XML output for namespace generate_swizzles
Generating XML output for namespace half_float::literal
Generating XML output for namespace lc
Generating XML output for namespace lc::dx
Generating XML output for namespace lc::validation
Generating XML output for namespace lc::vk::detail
Generating XML output for namespace llvm
Generating XML output for namespace luisa
Generating XML output for namespace luisa.accel
Generating XML output for namespace luisa.array
Generating XML output for namespace luisa.astbuilder
Generating XML output for namespace luisa.atomic
Generating XML output for namespace luisa.autodiff
Generating XML output for namespace luisa.bindless
Generating XML output for namespace luisa.buffer
Generating XML output for namespace luisa.builtin
Generating XML output for namespace luisa.callable_lib
Generating XML output for namespace luisa::clangcxx
Generating XML output for namespace luisa::clangcxx::compat
Generating XML output for namespace luisa::clangcxx::detail
Generating XML output for namespace luisa::compute
Generating XML output for namespace luisa::compute 
Generating XML output for namespace luisa::compute ::detail
Generating XML output for namespace luisa::compute
Generating XML output for namespace luisa::compute
Generating XML output for namespace luisa::compute::coro
Generating XML output for namespace luisa::compute::coro
Generating XML output for namespace luisa::compute::coro
Generating XML output for namespace luisa::compute::coro::detail
Generating XML output for namespace luisa::compute::coro::radix_sort
Generating XML output for namespace luisa::compute::coro_suspend_detail
Generating XML output for namespace luisa::compute::cuda
Generating XML output for namespace luisa::compute::cuda::dcub
Generating XML output for namespace luisa::compute::cuda::lcub
Generating XML output for namespace luisa::compute::detail
Generating XML output for namespace luisa::compute::detail
Generating XML output for namespace luisa::compute::detail
Generating XML output for namespace luisa::compute::dsl
Generating XML output for namespace luisa::compute::dsl::coro_suspend_detail
Generating XML output for namespace luisa::compute::dsl_detail
Generating XML output for namespace luisa::compute::dsl_literals
Generating XML output for namespace luisa::compute::dx_cuda_interop
Generating XML output for namespace luisa::compute::dx_detail
Generating XML output for namespace luisa::compute::fallback
Generating XML output for namespace luisa::compute::fallback::api
Generating XML output for namespace luisa::compute::hip
Generating XML output for namespace luisa::compute::metal
Generating XML output for namespace luisa::compute::metal
Generating XML output for namespace luisa::compute::osl
Generating XML output for namespace luisa::compute::osl::detail
Generating XML output for namespace luisa::compute::remote
Generating XML output for namespace luisa::compute::simd
Generating XML output for namespace luisa::compute::simd::benchmark
Generating XML output for namespace luisa::compute::simd::reference
Generating XML output for namespace luisa::compute::simd::schedule
Generating XML output for namespace luisa::compute::tile
Generating XML output for namespace luisa::compute::tile::bounds
Generating XML output for namespace luisa::compute::tile::bridge
Generating XML output for namespace luisa::compute::tile::bridge::tirx
Generating XML output for namespace luisa::compute::tile::bridge::tirx
Generating XML output for namespace luisa::compute::tile::bridge::tirx
Generating XML output for namespace luisa::compute::tile::bridge::tirx::detail
Generating XML output for namespace luisa::compute::tile::bridge::tirx::detail
Generating XML output for namespace luisa::compute::tile::bridge::tirx::detail
Generating XML output for namespace luisa::compute::tile::bridge::tirx::detail
Generating XML output for namespace luisa::compute::tile::bridge::tirx::detail
Generating XML output for namespace luisa::compute::tile::bridge::tirx::detail
Generating XML output for namespace luisa::compute::tile::bridge::tirx::detail
Generating XML output for namespace luisa::compute::tile::bridge::tirx::detail
Generating XML output for namespace luisa::compute::tile::bridge::tirx::detail
Generating XML output for namespace luisa::compute::tile::bridge::tirx::detail
Generating XML output for namespace luisa::compute::tile::bridge::xir
Generating XML output for namespace luisa::compute::tile::bridge::xir
Generating XML output for namespace luisa::compute::tile::bridge::xir
Generating XML output for namespace luisa::compute::tile::bridge::xir::detail
Generating XML output for namespace luisa::compute::tile::detail
Generating XML output for namespace luisa::compute::tile::exec
Generating XML output for namespace luisa::compute::tile::mem
Generating XML output for namespace luisa::compute::tile::reduction
Generating XML output for namespace luisa::compute::vk_cuda_interop
Generating XML output for namespace luisa::compute::xir
Generating XML output for namespace luisa::compute::xir
Generating XML output for namespace luisa::compute::xir
Generating XML output for namespace luisa::compute::xir
Generating XML output for namespace luisa::compute::xir
Generating XML output for namespace luisa::compute::xir
Generating XML output for namespace luisa::compute::xir
Generating XML output for namespace luisa::compute::xir
Generating XML output for namespace luisa::compute::xir
Generating XML output for namespace luisa::compute::xir
Generating XML output for namespace luisa::compute::xir
Generating XML output for namespace luisa::compute::xir
Generating XML output for namespace luisa::compute::xir
Generating XML output for namespace luisa::compute::xir
Generating XML output for namespace luisa::compute::xir
Generating XML output for namespace luisa::compute::xir
Generating XML output for namespace luisa::compute::xir
Generating XML output for namespace luisa::compute::xir
Generating XML output for namespace luisa::compute::xir
Generating XML output for namespace luisa::compute::xir
Generating XML output for namespace luisa::compute::xir
Generating XML output for namespace luisa::compute::xir
Generating XML output for namespace luisa::compute::xir::detail
Generating XML output for namespace luisa::compute::xir::detail
Generating XML output for namespace luisa::compute::xir::detail
Generating XML output for namespace luisa::compute::xir::detail
Generating XML output for namespace luisa::compute::xir::detail
Generating XML output for namespace luisa::compute::xir::detail
Generating XML output for namespace luisa::compute::xir::detail
Generating XML output for namespace luisa::compute::xir::detail
Generating XML output for namespace luisa::compute::xir::detail
Generating XML output for namespace luisa::compute::xir::detail
Generating XML output for namespace luisa::compute::xir::detail
Generating XML output for namespace luisa::compute::xir::detail
Generating XML output for namespace luisa::compute::xir::detail
Generating XML output for namespace luisa::compute::xir::detail
Generating XML output for namespace luisa::compute::xir::detail
Generating XML output for namespace luisa::compute::xir::detail
Generating XML output for namespace luisa::compute::xir::detail
Generating XML output for namespace luisa::compute::xir::detail
Generating XML output for namespace luisa::compute::xir::detail
Generating XML output for namespace luisa::compute::xir::detail
Generating XML output for namespace luisa::compute::xir::detail
Generating XML output for namespace luisa::compute::xir::detail
Generating XML output for namespace luisa::concepts
Generating XML output for namespace luisa::concepts::detail
Generating XML output for namespace luisa::constants
Generating XML output for namespace luisa::detail
Generating XML output for namespace luisa::detail
Generating XML output for namespace luisa::fiber
Generating XML output for namespace luisa::fiber::detail
Generating XML output for namespace luisa.framerate
Generating XML output for namespace luisa.func
Generating XML output for namespace luisa.globalvars
Generating XML output for namespace luisa.gui
Generating XML output for namespace luisa.hit
Generating XML output for namespace luisa.image2d
Generating XML output for namespace luisa.image3d
Generating XML output for namespace luisa.mathtypes
Generating XML output for namespace luisa.meshformat
Generating XML output for namespace luisa::parallel_primitive
Generating XML output for namespace luisa::parallel_primitive::details
Generating XML output for namespace luisa.raster
Generating XML output for namespace luisa.raster_func
Generating XML output for namespace luisa.rayquery
Generating XML output for namespace luisa.reftest
Generating XML output for namespace luisa::shader
Generating XML output for namespace luisa::shader::concepts
Generating XML output for namespace luisa::shader::detail
Generating XML output for namespace luisa::shader::float16_detail
Generating XML output for namespace luisa::shader::mandelbrot
Generating XML output for namespace luisa::size_literals
Generating XML output for namespace luisa.struct
Generating XML output for namespace luisa::test
Generating XML output for namespace luisa::test::coro_test
Generating XML output for namespace luisa::test::detail
Generating XML output for namespace luisa::test::spectrum
Generating XML output for namespace luisa::test::tile_llm
Generating XML output for namespace luisa::test::tile_native
Generating XML output for namespace luisa::test::tile_reduction
Generating XML output for namespace luisa::test::tile_tirx
Generating XML output for namespace luisa::test::tile_xir
Generating XML output for namespace luisa.types
Generating XML output for namespace luisa.util
Generating XML output for namespace luisa::utils
Generating XML output for namespace luisa.vector
Generating XML output for namespace marl
Generating XML output for namespace move_only_function_detail
Generating XML output for namespace parse_bindings
Generating XML output for namespace pdqsort_detail
Generating XML output for namespace skr
Generating XML output for namespace skr::detail
Generating XML output for namespace spdlog
Generating XML output for namespace spdlog::sinks
Generating XML output for namespace std
Generating XML output for namespace std::chrono_literals
Generating XML output for namespace std::literals
Generating XML output for namespace std::string_view_literals
Generating XML output for namespace stdex
Generating XML output for namespace test
Generating XML output for namespace test-aot
Generating XML output for namespace test-autodiff
Generating XML output for namespace test-autodiff-clamp
Generating XML output for namespace test-autodiff-clamp-builtin
Generating XML output for namespace test-bindless
Generating XML output for namespace test-buffer
Generating XML output for namespace test-game-of-life
Generating XML output for namespace test-helloworld
Generating XML output for namespace test-indirect
Generating XML output for namespace test-interop
Generating XML output for namespace test-mpm
Generating XML output for namespace test-path-tracing
Generating XML output for namespace test-path-tracing-f16
Generating XML output for namespace test-power-op
Generating XML output for namespace test-procedural
Generating XML output for namespace test-pytorch-interop
Generating XML output for namespace test-raymarch
Generating XML output for namespace test-rtx
Generating XML output for namespace test-sdf-renderer
Generating XML output for namespace test-shader-visuals-present
Generating XML output for namespace test-shadertoy
Generating XML output for namespace test-texture
Generating XML output for namespace tinyobj
Generating XML output for namespace tvm
Generating XML output for namespace tvm::tirx
Generating XML output for namespace update_op_name_map
Generating XML output for namespace visualize_cfg
Generating XML output for namespace vstd
Generating XML output for namespace vstd::detail
Generating XML output for namespace vstd::hashmap_detail
Generating XML output for namespace vstd::strutil_detail
Generating XML output for namespace vstd::VGuid_Detail
Generating XML output for file ast2json.h
Generating XML output for file atomic_ref_node.h
Generating XML output for file attribute.h
Generating XML output for file callable_library.h
Generating XML output for file callable_library.h
Generating XML output for file constant_data.h
Generating XML output for file coro_suspend.h
Generating XML output for file expression.h
Generating XML output for file external_function.h
Generating XML output for file function.h
Generating XML output for file function.h
Generating XML output for file function_builder.h
Generating XML output for file interface.h
Generating XML output for file member_reflect.inl.h
Generating XML output for file op.h
Generating XML output for file op.h
Generating XML output for file statement.h
Generating XML output for file type.h
Generating XML output for file type.h
Generating XML output for file type_registry.h
Generating XML output for file usage.h
Generating XML output for file variable.h
Generating XML output for file volk_init.h
Generating XML output for file vulkan_check_error.h
Generating XML output for file vulkan_swapchain.h
Generating XML output for file cuda_config_ext.h
Generating XML output for file cuda_external_ext.h
Generating XML output for file cuda_graph_ext.h
Generating XML output for file cuda_lcub_command.h
Generating XML output for file dcub_common.h
Generating XML output for file dcub_utils.h
Generating XML output for file device_merge_sort.h
Generating XML output for file device_partition.h
Generating XML output for file device_radix_sort.h
Generating XML output for file device_reduce.h
Generating XML output for file device_run_length_encode.h
Generating XML output for file device_scan.h
Generating XML output for file device_select.h
Generating XML output for file device_spmv.h
Generating XML output for file lcub.h
Generating XML output for file debug_capture_ext.hpp
Generating XML output for file denoiser_ext.h
Generating XML output for file dml_ext.h
Generating XML output for file dstorage_cmd.h
Generating XML output for file dstorage_ext.hpp
Generating XML output for file dstorage_ext_interface.h
Generating XML output for file dx_config_ext.h
Generating XML output for file dx_cuda_interop.h
Generating XML output for file dx_cuda_timeline_event.h
Generating XML output for file dx_custom_cmd.h
Generating XML output for file dx_hdr_ext.hpp
Generating XML output for file dx_hdr_ext_interface.h
Generating XML output for file native_resource_ext.hpp
Generating XML output for file native_resource_ext_interface.h
Generating XML output for file pinned_memory_ext.hpp
Generating XML output for file raster_cmd.h
Generating XML output for file raster_ext.hpp
Generating XML output for file raster_ext_interface.h
Generating XML output for file registry.h
Generating XML output for file remote_config_ext.h
Generating XML output for file simd_config_ext.h
Generating XML output for file stats_ext.h
Generating XML output for file tex_compress_ext.h
Generating XML output for file vk_config_ext.h
Generating XML output for file vk_cuda_interop.h
Generating XML output for file vk_custom_cmd.h
Generating XML output for file ast.h
Generating XML output for file build_arguments.h
Generating XML output for file compiler.h
Generating XML output for file compiler.h
Generating XML output for file basic_traits.h
Generating XML output for file basic_types.h
Generating XML output for file binary_file_stream.h
Generating XML output for file binary_io.h
Generating XML output for file clock.h
Generating XML output for file clock.h
Generating XML output for file concepts.h
Generating XML output for file constants.h
Generating XML output for file dll_export.h
Generating XML output for file dynamic_module.h
Generating XML output for file fiber.h
Generating XML output for file fiber_future.h
Generating XML output for file first_fit.h
Generating XML output for file intrin.h
Generating XML output for file logging.h
Generating XML output for file macro.h
Generating XML output for file magic_enum.h
Generating XML output for file managed_ilist.h
Generating XML output for file managed_ptr.h
Generating XML output for file mathematics.h
Generating XML output for file memory_sanitizer.hpp
Generating XML output for file platform.h
Generating XML output for file pool.h
Generating XML output for file pool.h
Generating XML output for file shared_function.h
Generating XML output for file spin_mutex.h
Generating XML output for file spin_mutex.h
Generating XML output for file stl.h
Generating XML output for file algorithm.h
Generating XML output for file deque.h
Generating XML output for file filesystem.h
Generating XML output for file fixed_map.h
Generating XML output for file format.h
Generating XML output for file functional.h
Generating XML output for file functional.h
Generating XML output for file functional_impl.h
Generating XML output for file hash.h
Generating XML output for file hash.h
Generating XML output for file hash_fwd.h
Generating XML output for file iterator.h
Generating XML output for file list.h
Generating XML output for file lru_cache.h
Generating XML output for file map.h
Generating XML output for file memory.h
Generating XML output for file memory.h
Generating XML output for file memory.h
Generating XML output for file optional.h
Generating XML output for file pdqsort.h
Generating XML output for file priority_queue.h
Generating XML output for file queue.h
Generating XML output for file ring_buffer.h
Generating XML output for file sstream.h
Generating XML output for file stack.h
Generating XML output for file string.h
Generating XML output for file type_traits.h
Generating XML output for file unordered_dense.h
Generating XML output for file unordered_map.h
Generating XML output for file variant.h
Generating XML output for file vector.h
Generating XML output for file vector.h
Generating XML output for file vector_map.h
Generating XML output for file string_scratch.h
Generating XML output for file swizzle_2.inl.h
Generating XML output for file swizzle_2.inl.h
Generating XML output for file swizzle_3.inl.h
Generating XML output for file swizzle_3.inl.h
Generating XML output for file swizzle_4.inl.h
Generating XML output for file swizzle_4.inl.h
Generating XML output for file thread_safety.h
Generating XML output for file coro_common.h
Generating XML output for file coro_frame_storage.h
Generating XML output for file coro_graph.h
Generating XML output for file coro_scheduler.h
Generating XML output for file coro_slot_access.h
Generating XML output for file radix_sort.h
Generating XML output for file compaction.h
Generating XML output for file token_index.h
Generating XML output for file graph_wavefront.h
Generating XML output for file graph_wavefront_policy.h
Generating XML output for file multisplit.h
Generating XML output for file persistent.h
Generating XML output for file persistent_threads.h
Generating XML output for file state_machine.h
Generating XML output for file wavefront.h
Generating XML output for file wavefront_auxiliary.h
Generating XML output for file wavefront_extension.h
Generating XML output for file arg.h
Generating XML output for file atomic.h
Generating XML output for file atomic.h
Generating XML output for file binding_group.h
Generating XML output for file builtin.h
Generating XML output for file cluster_launch_control.h
Generating XML output for file constant.h
Generating XML output for file constant.h
Generating XML output for file coop_vector.h
Generating XML output for file coro_frame.h
Generating XML output for file coro_func.h
Generating XML output for file dispatch_indirect.h
Generating XML output for file expr.h
Generating XML output for file expr_traits.h
Generating XML output for file func.h
Generating XML output for file local.h
Generating XML output for file matrix.h
Generating XML output for file operators.h
Generating XML output for file polymorphic.h
Generating XML output for file raster_func.h
Generating XML output for file raster_interpolation.h
Generating XML output for file raster_kernel.h
Generating XML output for file ref.h
Generating XML output for file resource.h
Generating XML output for file resource.h
Generating XML output for file resource.h
Generating XML output for file aabb.h
Generating XML output for file aabb.h
Generating XML output for file accel.h
Generating XML output for file accel.h
Generating XML output for file curve.h
Generating XML output for file curve.h
Generating XML output for file hit.h
Generating XML output for file hit.h
Generating XML output for file motion.h
Generating XML output for file ray.h
Generating XML output for file ray.h
Generating XML output for file ray_query.h
Generating XML output for file ray_query.h
Generating XML output for file triangle.h
Generating XML output for file triangle.h
Generating XML output for file shared.h
Generating XML output for file soa.h
Generating XML output for file stmt.h
Generating XML output for file struct.h
Generating XML output for file sugar.h
Generating XML output for file syntax.h
Generating XML output for file var.h
Generating XML output for file framerate.h
Generating XML output for file imgui_window.h
Generating XML output for file input.h
Generating XML output for file window.h
Generating XML output for file luisa-compute.h
Generating XML output for file hint.h
Generating XML output for file instruction.h
Generating XML output for file instruction.h
Generating XML output for file literal.h
Generating XML output for file oso_parser.h
Generating XML output for file shader.h
Generating XML output for file shader.h
Generating XML output for file symbol.h
Generating XML output for file bindless_array.h
Generating XML output for file buffer.h
Generating XML output for file buffer_arena.h
Generating XML output for file builtin_kernel.h
Generating XML output for file byte_buffer.h
Generating XML output for file command_list.h
Generating XML output for file context.h
Generating XML output for file depth_format.h
Generating XML output for file device.h
Generating XML output for file dispatch_buffer.h
Generating XML output for file event.h
Generating XML output for file image.h
Generating XML output for file mipmap.h
Generating XML output for file app_data.h
Generating XML output for file depth_buffer.h
Generating XML output for file raster_scene.h
Generating XML output for file raster_shader.h
Generating XML output for file raster_state.h
Generating XML output for file vertex_attribute.h
Generating XML output for file viewport.h
Generating XML output for file argument.h
Generating XML output for file argument.h
Generating XML output for file command.h
Generating XML output for file command_encoder.h
Generating XML output for file curve_basis.h
Generating XML output for file curve_basis.h
Generating XML output for file device_interface.h
Generating XML output for file pixel.h
Generating XML output for file sampler.h
Generating XML output for file stream_tag.h
Generating XML output for file tile_modification.h
Generating XML output for file mesh.h
Generating XML output for file motion_instance.h
Generating XML output for file motion_transform.h
Generating XML output for file procedural_primitive.h
Generating XML output for file sparse_buffer.h
Generating XML output for file sparse_command_list.h
Generating XML output for file sparse_heap.h
Generating XML output for file sparse_image.h
Generating XML output for file sparse_texture.h
Generating XML output for file sparse_volume.h
Generating XML output for file stream.h
Generating XML output for file stream_event.h
Generating XML output for file swapchain.h
Generating XML output for file volume.h
Generating XML output for file tile.h
Generating XML output for file algorithms.h
Generating XML output for file analysis.h
Generating XML output for file layout.h
Generating XML output for file layout.h
Generating XML output for file lower.h
Generating XML output for file lower.h
Generating XML output for file planner.h
Generating XML output for file planner.h
Generating XML output for file dimension.h
Generating XML output for file dsl.h
Generating XML output for file ir.h
Generating XML output for file runtime.h
Generating XML output for file target.h
Generating XML output for file value.h
Generating XML output for file value.h
Generating XML output for file verifier.h
Generating XML output for file verifier.h
Generating XML output for file version.h
Generating XML output for file allocate_type.h
Generating XML output for file arena_hash_map.h
Generating XML output for file common.h
Generating XML output for file compare.h
Generating XML output for file config.h
Generating XML output for file hash_map.h
Generating XML output for file lmdb.hpp
Generating XML output for file lockfree_array_queue.h
Generating XML output for file log.h
Generating XML output for file md5.h
Generating XML output for file meta_lib.h
Generating XML output for file ranges.h
Generating XML output for file stack_allocator.h
Generating XML output for file string_builder.h
Generating XML output for file string_hash.h
Generating XML output for file string_utility.h
Generating XML output for file tree_map_base.h
Generating XML output for file unique_ptr.h
Generating XML output for file v_allocator.h
Generating XML output for file v_guid.h
Generating XML output for file vstring.h
Generating XML output for file basic_block.h
Generating XML output for file builder.h
Generating XML output for file debug_printer.h
Generating XML output for file alloca.h
Generating XML output for file arithmetic.h
Generating XML output for file assert.h
Generating XML output for file assume.h
Generating XML output for file autodiff.h
Generating XML output for file autodiff.h
Generating XML output for file branch.h
Generating XML output for file break.h
Generating XML output for file call.h
Generating XML output for file cast.h
Generating XML output for file continue.h
Generating XML output for file coro.h
Generating XML output for file debug_break.h
Generating XML output for file gep.h
Generating XML output for file if.h
Generating XML output for file indexed_branch.h
Generating XML output for file load.h
Generating XML output for file loop.h
Generating XML output for file outline.h
Generating XML output for file outline.h
Generating XML output for file phi.h
Generating XML output for file print.h
Generating XML output for file raster_discard.h
Generating XML output for file return.h
Generating XML output for file store.h
Generating XML output for file switch.h
Generating XML output for file thread_group.h
Generating XML output for file unreachable.h
Generating XML output for file metadata.h
Generating XML output for file comment.h
Generating XML output for file location.h
Generating XML output for file name.h
Generating XML output for file reg2mem_spill.h
Generating XML output for file signature_constraint.h
Generating XML output for file module.h
Generating XML output for file op_to_string.inl.h
Generating XML output for file aggregate_field_bitmask.h
Generating XML output for file algebraic_simplify.h
Generating XML output for file alias_analysis.h
Generating XML output for file call_graph.h
Generating XML output for file const_fold.h
Generating XML output for file convergence_region.h
Generating XML output for file coro_alloca_scope.h
Generating XML output for file coro_cfg_distill.h
Generating XML output for file coro_materialize.h
Generating XML output for file coro_reg2mem.h
Generating XML output for file coro_rematerialize.h
Generating XML output for file coro_split.h
Generating XML output for file cvp.h
Generating XML output for file dce.h
Generating XML output for file dead_arg_elim.h
Generating XML output for file dead_field_elimination.h
Generating XML output for file dead_store_elimination.h
Generating XML output for file defer_local_aggregate_load.h
Generating XML output for file destructure_cfg.h
Generating XML output for file div_rem_pairs.h
Generating XML output for file dom_tree.h
Generating XML output for file early_cse.h
Generating XML output for file early_return_elimination.h
Generating XML output for file fast_math_simplify.h
Generating XML output for file fix_self_referential.h
Generating XML output for file fuse_consecutive_buffer_reads.h
Generating XML output for file gvn.h
Generating XML output for file if_conversion.h
Generating XML output for file indvar_simplify.h
Generating XML output for file inline.h
Generating XML output for file integer_alignment.h
Generating XML output for file lex_scope_analysis.h
Generating XML output for file licm.h
Generating XML output for file local_load_elimination.h
Generating XML output for file local_store_forward.h
Generating XML output for file loop_fusion.h
Generating XML output for file loop_rotation.h
Generating XML output for file loop_unswitch.h
Generating XML output for file loop_vectorization.h
Generating XML output for file lower_break_continue.h
Generating XML output for file lower_irreducible_cfg.h
Generating XML output for file lower_ray_query_loop.h
Generating XML output for file lower_ray_query_loop_to_loop.h
Generating XML output for file lower_ray_query_to_loop.h
Generating XML output for file lower_ray_query_to_pipeline.h
Generating XML output for file mem2reg.h
Generating XML output for file pass_pipeline.h
Generating XML output for file pass_verification.h
Generating XML output for file phi_cleanup.h
Generating XML output for file pointer_usage.h
Generating XML output for file post_dom_tree.h
Generating XML output for file promote_ref_arg.h
Generating XML output for file reassociate.h
Generating XML output for file reconstruct_ray_query_loop.h
Generating XML output for file reg2mem.h
Generating XML output for file restructure_cfg.h
Generating XML output for file scalar_evolution.h
Generating XML output for file scalarizer.h
Generating XML output for file sccp.h
Generating XML output for file select_factor.h
Generating XML output for file simplify_cfg.h
Generating XML output for file simplify_libcalls.h
Generating XML output for file slp_vectorization.h
Generating XML output for file sroa.h
Generating XML output for file trace_gep.h
Generating XML output for file transpose_gep.h
Generating XML output for file uniformity_analysis.h
Generating XML output for file unused_callable_removal.h
Generating XML output for file special_register.h
Generating XML output for file traits.h
Generating XML output for file ast2xir.h
Generating XML output for file coro_xir2ast.h
Generating XML output for file json2xir.h
Generating XML output for file xir2ast.h
Generating XML output for file xir2json.h
Generating XML output for file xir2text.h
Generating XML output for file xir_interchange.h
Generating XML output for file undefined.h
Generating XML output for file use.h
Generating XML output for file user.h
Generating XML output for file README.md
Generating XML output for file README.md
Generating XML output for file README.md
Generating XML output for file ast2json.cpp
Generating XML output for file atomic_ref_node.cpp
Generating XML output for file callable_library.cpp
Generating XML output for file constant_data.cpp
Generating XML output for file coro_suspend.cpp
Generating XML output for file expression.cpp
Generating XML output for file external_function.cpp
Generating XML output for file function.cpp
Generating XML output for file function.cpp
Generating XML output for file function_builder.cpp
Generating XML output for file function_duplicator.cpp
Generating XML output for file json2ast.cpp
Generating XML output for file lc_ast_pch.h
Generating XML output for file op.cpp
Generating XML output for file op.cpp
Generating XML output for file statement.cpp
Generating XML output for file type.cpp
Generating XML output for file type.cpp
Generating XML output for file variable.cpp
Generating XML output for file compiler.cpp
Generating XML output for file compiler.cpp
Generating XML output for file lc_clangcxx_pch.h
Generating XML output for file ASTConsumer.cpp
Generating XML output for file ASTConsumer.h
Generating XML output for file FrontendAction.cpp
Generating XML output for file FrontendAction.h
Generating XML output for file Global.cpp
Generating XML output for file Global.h
Generating XML output for file TypeDatabase.cpp
Generating XML output for file TypeDatabase.h
Generating XML output for file AttributeHelper.hpp
Generating XML output for file ClangCompat.hpp
Generating XML output for file Defer.hpp
Generating XML output for file OptionsParser.cpp
Generating XML output for file OptionsParser.h
Generating XML output for file basic_types.cpp
Generating XML output for file binary_file_stream.cpp
Generating XML output for file binary_io.cpp
Generating XML output for file dynamic_module.cpp
Generating XML output for file first_fit.cpp
Generating XML output for file generate_swizzles.py
Generating XML output for file generate_swizzles.py
Generating XML output for file logging.cpp
Generating XML output for file platform.cpp
Generating XML output for file pool.cpp
Generating XML output for file filesystem.cpp
Generating XML output for file hash.cpp
Generating XML output for file memory.cpp
Generating XML output for file string_scratch.cpp
Generating XML output for file coro_compile.cpp
Generating XML output for file coro_graph.cpp
Generating XML output for file coro_stub.cpp
Generating XML output for file graph_wavefront_policy.cpp
Generating XML output for file persistent.cpp
Generating XML output for file state_machine.cpp
Generating XML output for file wavefront.cpp
Generating XML output for file builtin.cpp
Generating XML output for file dispatch_indirect.cpp
Generating XML output for file nanovdb_accessor.h
Generating XML output for file func.cpp
Generating XML output for file lc_dsl_pch.h
Generating XML output for file local.cpp
Generating XML output for file polymorphic.cpp
Generating XML output for file raster_kernel.cpp
Generating XML output for file resource.cpp
Generating XML output for file resource.cpp
Generating XML output for file resource.cpp
Generating XML output for file accel.cpp
Generating XML output for file accel.cpp
Generating XML output for file curve.cpp
Generating XML output for file curve.cpp
Generating XML output for file hit.cpp
Generating XML output for file ray.cpp
Generating XML output for file ray_query.cpp
Generating XML output for file ray_query.cpp
Generating XML output for file soa.cpp
Generating XML output for file sugar.cpp
Generating XML output for file framerate.cpp
Generating XML output for file imgui_window.cpp
Generating XML output for file window.cpp
Generating XML output for file hint.cpp
Generating XML output for file instruction.cpp
Generating XML output for file instruction.cpp
Generating XML output for file literal.cpp
Generating XML output for file oso_parser.cpp
Generating XML output for file shader.cpp
Generating XML output for file symbol.cpp
Generating XML output for file dlpack.h
Generating XML output for file export_commands.cpp
Generating XML output for file export_dlpack.cpp
Generating XML output for file export_expr.cpp
Generating XML output for file export_gui.cpp
Generating XML output for file export_matrix.cpp
Generating XML output for file export_op.cpp
Generating XML output for file export_runtime.cpp
Generating XML output for file export_vector2.cpp
Generating XML output for file export_vector3.cpp
Generating XML output for file export_vector4.cpp
Generating XML output for file image_util.cpp
Generating XML output for file interop.cpp
Generating XML output for file interop.h
Generating XML output for file lcapi.cpp
Generating XML output for file lcpy_pch.h
Generating XML output for file __init__.py
Generating XML output for file accel.py
Generating XML output for file array.py
Generating XML output for file astbuilder.py
Generating XML output for file atomic.py
Generating XML output for file autodiff.py
Generating XML output for file bindless.py
Generating XML output for file buffer.py
Generating XML output for file builtin.py
Generating XML output for file callable_lib.py
Generating XML output for file framerate.py
Generating XML output for file func.py
Generating XML output for file globalvars.py
Generating XML output for file gui.py
Generating XML output for file hit.py
Generating XML output for file image2d.py
Generating XML output for file image3d.py
Generating XML output for file mathtypes.py
Generating XML output for file meshformat.py
Generating XML output for file raster.py
Generating XML output for file raster_func.py
Generating XML output for file rayquery.py
Generating XML output for file reftest.py
Generating XML output for file struct.py
Generating XML output for file types.py
Generating XML output for file util.py
Generating XML output for file vector.py
Generating XML output for file managed_accel.cpp
Generating XML output for file managed_accel.h
Generating XML output for file managed_bindless.cpp
Generating XML output for file managed_bindless.h
Generating XML output for file managed_collector.cpp
Generating XML output for file managed_collector.h
Generating XML output for file managed_device.h
Generating XML output for file parse_bindings.py
Generating XML output for file py_stream.cpp
Generating XML output for file py_stream.h
Generating XML output for file ref_counter.cpp
Generating XML output for file ref_counter.h
Generating XML output for file stb.cpp
Generating XML output for file bindless_array.cpp
Generating XML output for file buffer.cpp
Generating XML output for file builtin_kernel.cpp
Generating XML output for file byte_buffer.cpp
Generating XML output for file command_list.cpp
Generating XML output for file context.cpp
Generating XML output for file device.cpp
Generating XML output for file dispatch_buffer.cpp
Generating XML output for file event.cpp
Generating XML output for file image.cpp
Generating XML output for file lc_runtime_pch.h
Generating XML output for file mipmap.cpp
Generating XML output for file depth_buffer.cpp
Generating XML output for file raster.cpp
Generating XML output for file command.cpp
Generating XML output for file command_encoder.cpp
Generating XML output for file device_interface.cpp
Generating XML output for file pixel.cpp
Generating XML output for file mesh.cpp
Generating XML output for file motion_instance.cpp
Generating XML output for file procedural_primitive.cpp
Generating XML output for file sparse_buffer.cpp
Generating XML output for file sparse_buffer_tile_plan.h
Generating XML output for file sparse_command_list.cpp
Generating XML output for file sparse_heap.cpp
Generating XML output for file sparse_heap_provenance.h
Generating XML output for file sparse_texture.cpp
Generating XML output for file sparse_texture_tile_plan.h
Generating XML output for file sparse_tile_allocation_plan.h
Generating XML output for file stream.cpp
Generating XML output for file swapchain.cpp
Generating XML output for file volume.cpp
Generating XML output for file benchmark_metal4.cpp
Generating XML output for file benchmark_tile_manual.mm
Generating XML output for file benchmark_tile_mpp.mm
Generating XML output for file benchmark_tile_native.cpp
Generating XML output for file benchmark_tile_system.mm
Generating XML output for file benchmark_tile_tirx.cpp
Generating XML output for file benchmark_tile_xir.cpp
Generating XML output for file cornell_box.h
Generating XML output for file coro_test_utils.h
Generating XML output for file metal_benchmark.h
Generating XML output for file metal_benchmark_timing.h
Generating XML output for file metal_benchmark_timing.mm
Generating XML output for file projection.hpp
Generating XML output for file reference_image.h
Generating XML output for file spectrum_data.h
Generating XML output for file test_device.h
Generating XML output for file tile_llm_benchmark.h
Generating XML output for file tile_llm_test_utils.h
Generating XML output for file tile_native_test_utils.h
Generating XML output for file tile_reduction_policy_test_utils.h
Generating XML output for file tile_tirx_test_utils.h
Generating XML output for file tile_xir_test_utils.h
Generating XML output for file tiny_obj_loader.h
Generating XML output for file tinyexr.h
Generating XML output for file test_cuda_tensor_dispatch.cpp
Generating XML output for file attributes.hpp
Generating XML output for file attributes.hpp
Generating XML output for file attributes.hpp
Generating XML output for file intrin.hpp
Generating XML output for file functions.hpp
Generating XML output for file atomic.hpp
Generating XML output for file custom.hpp
Generating XML output for file dispatch.hpp
Generating XML output for file math.hpp
Generating XML output for file warp.hpp
Generating XML output for file mesh_example.cpp
Generating XML output for file task_example.cpp
Generating XML output for file numeric.hpp
Generating XML output for file constants.hpp
Generating XML output for file float16.hpp
Generating XML output for file limits.hpp
Generating XML output for file printer.hpp
Generating XML output for file raytracing.hpp
Generating XML output for file ray_query.hpp
Generating XML output for file resources.hpp
Generating XML output for file accel.hpp
Generating XML output for file bindless_array.hpp
Generating XML output for file bindless_buffer.hpp
Generating XML output for file bindless_image.hpp
Generating XML output for file bindless_volume.hpp
Generating XML output for file buffer.hpp
Generating XML output for file buffer_heap_extern.hpp
Generating XML output for file common_extern.hpp
Generating XML output for file image_heap_extern.hpp
Generating XML output for file indirect_buffer.hpp
Generating XML output for file texture.hpp
Generating XML output for file volume_heap_extern.hpp
Generating XML output for file std.hpp
Generating XML output for file type_traits.hpp
Generating XML output for file builtins.hpp
Generating XML output for file concepts.hpp
Generating XML output for file types.hpp
Generating XML output for file array.hpp
Generating XML output for file matrix.hpp
Generating XML output for file mat_ops.inl
Generating XML output for file swizzle2.inl
Generating XML output for file swizzle3.inl
Generating XML output for file swizzle4.inl
Generating XML output for file vec_ops.inl
Generating XML output for file ray.hpp
Generating XML output for file vec.hpp
Generating XML output for file type_list.hpp
Generating XML output for file utility.hpp
Generating XML output for file common.hpp
Generating XML output for file test.lang.cpp
Generating XML output for file test.mandelbrot.cpp
Generating XML output for file test.printer.cpp
Generating XML output for file test.pt.cpp
Generating XML output for file test.raster.cpp
Generating XML output for file test.rtx.cpp
Generating XML output for file test_mesh.cpp
Generating XML output for file test_mesh_2.cpp
Generating XML output for file test_mesh_3.cpp
Generating XML output for file test_mesh_4.cpp
Generating XML output for file pbrt_curve_parser.h
Generating XML output for file test_aot.cpp
Generating XML output for file test_bindless.cpp
Generating XML output for file test_bindless_buffer.cpp
Generating XML output for file test_cuda_graph.cpp
Generating XML output for file test_curve.cpp
Generating XML output for file test_curve_pbrt.cpp
Generating XML output for file test_curve_pbrt_diffuse.cpp
Generating XML output for file test_denoiser.cpp
Generating XML output for file test_device_debugger.cpp
Generating XML output for file test_dstorage_decompression.cpp
Generating XML output for file test_external_device.cpp
Generating XML output for file test_indirect.cpp
Generating XML output for file test_indirect_rtx.cpp
Generating XML output for file test_memory_compact.cpp
Generating XML output for file test_metal4_air_extended_accel_limits.cpp
Generating XML output for file test_metal4_device_conformance.cpp
Generating XML output for file test_metal4_motion_instance_render.cpp
Generating XML output for file test_metal4_raster_stencil.cpp
Generating XML output for file test_metal_xir_air.cpp
Generating XML output for file test_metal_xir_air_accel.cpp
Generating XML output for file test_metal_xir_air_raster.cpp
Generating XML output for file test_metal_xir_air_ray_query.cpp
Generating XML output for file test_metal_xir_air_ray_query_state_machine.cpp
Generating XML output for file test_metal_xir_air_typed_bindless.cpp
Generating XML output for file test_motion_blur.cpp
Generating XML output for file test_motion_blur_vk.cpp
Generating XML output for file test_native_include.cpp
Generating XML output for file test_oso_parser.cpp
Generating XML output for file test_present.cpp
Generating XML output for file test_procedural_callable.cpp
Generating XML output for file test_raster.cpp
Generating XML output for file test_rtx.cpp
Generating XML output for file test_runtime.cpp
Generating XML output for file test_select_device.cpp
Generating XML output for file test_texture3d.cpp
Generating XML output for file test_transient_resource.cpp
Generating XML output for file test_work_graph.cpp
Generating XML output for file managed_first_fit.cpp
Generating XML output for file managed_first_fit.h
Generating XML output for file transient_resource_device.cpp
Generating XML output for file transient_resource_device.h
Generating XML output for file test_xir2ast_roundtrip.cpp
Generating XML output for file metal4_device_conformance.cpp
Generating XML output for file metal4_device_conformance.h
Generating XML output for file metal4_ios_path_tracing_aot.cpp
Generating XML output for file metal4_ios_path_tracing_kernel.h
Generating XML output for file aces.py
Generating XML output for file cornell_box.py
Generating XML output for file test-aot.cpp
Generating XML output for file test-aot.py
Generating XML output for file test-autodiff-clamp-builtin.py
Generating XML output for file test-autodiff-clamp.py
Generating XML output for file test-autodiff.py
Generating XML output for file test-bindless.py
Generating XML output for file test-buffer.py
Generating XML output for file test-game-of-life.py
Generating XML output for file test-helloworld.py
Generating XML output for file test-indirect.py
Generating XML output for file test-interop.py
Generating XML output for file test-mpm.py
Generating XML output for file test-path-tracing-f16.py
Generating XML output for file test-path-tracing.py
Generating XML output for file test-power-op.py
Generating XML output for file test-procedural.py
Generating XML output for file test-pytorch-interop.py
Generating XML output for file test-raymarch.py
Generating XML output for file test-rtx.py
Generating XML output for file test-sdf-renderer.py
Generating XML output for file test-shader-visuals-present.py
Generating XML output for file test-shadertoy.py
Generating XML output for file test-texture.py
Generating XML output for file test_ast.cpp
Generating XML output for file test_ast_basic.cpp
Generating XML output for file test_ast_json_serde.cpp
Generating XML output for file test_async_copy_ast.cpp
Generating XML output for file test_bindless_write_usage.cpp
Generating XML output for file test_builtin_kernel.cpp
Generating XML output for file test_cooperative_vector.cpp
Generating XML output for file test_function_builder_dag.cpp
Generating XML output for file test_manual_ast.cpp
Generating XML output for file test_basic_traits.cpp
Generating XML output for file test_basic_types.cpp
Generating XML output for file test_binary_file_stream.cpp
Generating XML output for file test_binary_io.cpp
Generating XML output for file test_clock.cpp
Generating XML output for file test_dynamic_module.cpp
Generating XML output for file test_eastl_allocation.cpp
Generating XML output for file test_example_options.cpp
Generating XML output for file test_fiber.cpp
Generating XML output for file test_first_fit.cpp
Generating XML output for file test_foreground_moments.cpp
Generating XML output for file test_hash.cpp
Generating XML output for file test_hip_callable_abi.cpp
Generating XML output for file test_hip_curve_bounds.cpp
Generating XML output for file test_hip_geometry_memory_policy.cpp
Generating XML output for file test_hip_llvm_pipeline.cpp
Generating XML output for file test_hip_shader_link_options.cpp
Generating XML output for file test_logging.cpp
Generating XML output for file test_mathematics.cpp
Generating XML output for file test_matrix.cpp
Generating XML output for file test_matrix.cpp
Generating XML output for file test_nbody_render_plan.cpp
Generating XML output for file test_path_tracing_sample_plan.cpp
Generating XML output for file test_photon_mapping_plan.cpp
Generating XML output for file test_pixel_storage.cpp
Generating XML output for file test_platform.cpp
Generating XML output for file test_pool.cpp
Generating XML output for file test_sparse_buffer_tile_plan.cpp
Generating XML output for file test_sparse_texture_tile_plan.cpp
Generating XML output for file test_spin_mutex.cpp
Generating XML output for file test_stl_containers.cpp
Generating XML output for file test_type.cpp
Generating XML output for file test_coro_all_schedulers.cpp
Generating XML output for file test_coro_compaction.cpp
Generating XML output for file test_coro_graph.cpp
Generating XML output for file test_coro_graph_wavefront_policy.cpp
Generating XML output for file test_coro_multisplit.cpp
Generating XML output for file test_coro_persistent.cpp
Generating XML output for file test_coro_persistent_integration.cpp
Generating XML output for file test_coro_persistent_opt.cpp
Generating XML output for file test_coro_pipeline_1suspend.cpp
Generating XML output for file test_coro_pipeline_3suspend.cpp
Generating XML output for file test_coro_radix_sort.cpp
Generating XML output for file test_coro_scheduler_base.cpp
Generating XML output for file test_coro_soa_layout.cpp
Generating XML output for file test_coro_state_machine.cpp
Generating XML output for file test_coro_wavefront.cpp
Generating XML output for file test_coro_wavefront_integration.cpp
Generating XML output for file test_8bit.cpp
Generating XML output for file test_async_copy.cpp
Generating XML output for file test_autodiff.cpp
Generating XML output for file test_binding_group.cpp
Generating XML output for file test_binding_group_template.cpp
Generating XML output for file test_calc.cpp
Generating XML output for file test_callable.cpp
Generating XML output for file test_constant.cpp
Generating XML output for file test_coro_compile_trigger.cpp
Generating XML output for file test_coro_frame_desc.cpp
Generating XML output for file test_coro_frame_runtime.cpp
Generating XML output for file test_coro_func.cpp
Generating XML output for file test_coro_suspend.cpp
Generating XML output for file test_device_math.cpp
Generating XML output for file test_dsl.cpp
Generating XML output for file test_dsl_mathematic.cpp
Generating XML output for file test_dsl_multithread.cpp
Generating XML output for file test_dsl_sugar.cpp
Generating XML output for file test_minimal_coro.cpp
Generating XML output for file test_nested_callable.cpp
Generating XML output for file test_normal_encoding.cpp
Generating XML output for file test_polymorphic.cpp
Generating XML output for file test_soa.cpp
Generating XML output for file test_soa_simple.cpp
Generating XML output for file test_soa_subview.cpp
Generating XML output for file test_var.cpp
Generating XML output for file test_argument_block_layout.cpp
Generating XML output for file test_command_reorder_bindless.cpp
Generating XML output for file test_glslang_spirv.cpp
Generating XML output for file test_hlsl_validation_codegen.cpp
Generating XML output for file test_metal_metallib.cpp
Generating XML output for file test_metal_raster_archive.cpp
Generating XML output for file test_spirv_aggregate_indices.cpp
Generating XML output for file test_spirv_bindless_xir_usage.cpp
Generating XML output for file test_spirv_buffer_layout.cpp
Generating XML output for file test_spirv_callable_reference_handoff.cpp
Generating XML output for file test_spirv_constant_ubo_layout.cpp
Generating XML output for file test_spirv_control_flow_plan.cpp
Generating XML output for file test_spirv_float_atomics.cpp
Generating XML output for file test_spirv_handoff_boundaries.cpp
Generating XML output for file test_spirv_instruction_layout.cpp
Generating XML output for file test_spirv_integer_numeric_boundaries.cpp
Generating XML output for file test_spirv_llvm_facade.cpp
Generating XML output for file test_spirv_motion_patch.cpp
Generating XML output for file test_spirv_optimizer.cpp
Generating XML output for file test_spirv_pointer_legalization.cpp
Generating XML output for file test_spirv_raw_float_constants.cpp
Generating XML output for file test_spirv_ray_culling.cpp
Generating XML output for file test_spirv_runtime_target_plan.cpp
Generating XML output for file test_spirv_target_feature_codegen.cpp
Generating XML output for file test_spirv_target_feature_mask.cpp
Generating XML output for file test_spirv_undefined.cpp
Generating XML output for file test_spirv_volatile_buffers.cpp
Generating XML output for file test_spirv_xir_dialect.cpp
Generating XML output for file test_vk_android_plan.cpp
Generating XML output for file test_vk_cuda_interop_texture_plan.cpp
Generating XML output for file test_vk_indirect_dispatch.cpp
Generating XML output for file test_vk_resource_barrier_contract.cpp
Generating XML output for file test_vk_result_contract.cpp
Generating XML output for file test_vk_saved_argument_contract.cpp
Generating XML output for file test_vk_shader_binary_contract.cpp
Generating XML output for file test_vk_sparse_residency_registry.cpp
Generating XML output for file test_vk_user_compute_codegen_route.cpp
Generating XML output for file test_fallback_llvm_native_math.cpp
Generating XML output for file fp4.h
Generating XML output for file fp8.h
Generating XML output for file test_accel_blas_lifetime.cpp
Generating XML output for file test_accel_build_modes.cpp
Generating XML output for file test_accel_visibility.cpp
Generating XML output for file test_async_copy_cuda.cpp
Generating XML output for file test_atomic.cpp
Generating XML output for file test_atomic_queue.cpp
Generating XML output for file test_bindless_mip.cpp
Generating XML output for file test_buffer.cpp
Generating XML output for file test_buffer_io.cpp
Generating XML output for file test_buffer_view.cpp
Generating XML output for file test_byte_buffer.cpp
Generating XML output for file test_cluster_launch_control.cpp
Generating XML output for file test_complex_kernel.cpp
Generating XML output for file test_context.cpp
Generating XML output for file test_copy.cpp
Generating XML output for file test_counted_local_array.cpp
Generating XML output for file test_cpu_callable.cpp
Generating XML output for file test_decoupled_look_back.cpp
Generating XML output for file test_device.cpp
Generating XML output for file test_direct_texture_sampling.cpp
Generating XML output for file test_dsl_fuse_buffer_reads.cpp
Generating XML output for file test_dsl_indvar_strength_reduce.cpp
Generating XML output for file test_dsl_slp_vectorization.cpp
Generating XML output for file test_dsl_xir_optimize_vk.cpp
Generating XML output for file test_external_buffer.cpp
Generating XML output for file test_fallback_shader_cache.cpp
Generating XML output for file test_fp4.cpp
Generating XML output for file test_fp4_quantization.cpp
Generating XML output for file test_fp8.cpp
Generating XML output for file test_fp8_quantization.cpp
Generating XML output for file test_gemm.cpp
Generating XML output for file test_hip_callable_boundary.cpp
Generating XML output for file test_hip_codegen_arithmetic.cpp
Generating XML output for file test_hip_curve_ray_query.cpp
Generating XML output for file test_hip_float_atomic_memory_model.cpp
Generating XML output for file test_hip_large_accel_instances.cpp
Generating XML output for file test_hip_motion_instance_device_ops.cpp
Generating XML output for file test_hip_motion_instance_matrix.cpp
Generating XML output for file test_hip_motion_instance_srt.cpp
Generating XML output for file test_hip_motion_mesh.cpp
Generating XML output for file test_hip_motion_ray_query.cpp
Generating XML output for file test_hip_motion_workgroup_rows.cpp
Generating XML output for file test_hip_ray_query_pipeline.cpp
Generating XML output for file test_hip_rt_scratch_reuse.cpp
Generating XML output for file test_hip_shader_cache.cpp
Generating XML output for file test_hip_signed_texture_io.cpp
Generating XML output for file test_hip_static_motion_instance.cpp
Generating XML output for file test_hip_wave_size.cpp
Generating XML output for file test_metal_codegen_regressions.cpp
Generating XML output for file test_mha_warp_reduction.cpp
Generating XML output for file test_mipmap.cpp
Generating XML output for file test_motion_instance_keyframes.cpp
Generating XML output for file test_native_window_events.cpp
Generating XML output for file test_out_of_range.cpp
Generating XML output for file test_pbrt_curve_parser.cpp
Generating XML output for file test_pinned_mem.cpp
Generating XML output for file test_printer.cpp
Generating XML output for file test_printer_custom_callback.cpp
Generating XML output for file test_ray_query_world_ray.cpp
Generating XML output for file test_remote_backend_e2e.cpp
Generating XML output for file test_remote_backend_native.cpp
Generating XML output for file test_remote_backend_swapchain.cpp
Generating XML output for file test_remote_blob_cache.cpp
Generating XML output for file test_remote_protocol.cpp
Generating XML output for file test_remote_transport.cpp
Generating XML output for file test_sampler.cpp
Generating XML output for file test_shared_mem.cpp
Generating XML output for file test_shared_memory.cpp
Generating XML output for file test_softmax.cpp
Generating XML output for file test_texture_compress.cpp
Generating XML output for file test_texture_io.cpp
Generating XML output for file test_timeline_event.cpp
Generating XML output for file test_vk_native_route_guard.cpp
Generating XML output for file test_vk_shader_cache.cpp
Generating XML output for file test_vk_sparse_runtime.cpp
Generating XML output for file test_vk_spirv_codegen_path.cpp
Generating XML output for file test_warp.cpp
Generating XML output for file test_warp_prefix_scan.cpp
Generating XML output for file test_warp_sparse_collectives.cpp
Generating XML output for file benchmark_ispc_gemm.cpp
Generating XML output for file benchmark_llvm_native_math.cpp
Generating XML output for file benchmark_loop_unswitch.cpp
Generating XML output for file benchmark_predicated_if_conversion.cpp
Generating XML output for file benchmark_simd_gemm.cpp
Generating XML output for file benchmark_simd_gemm_assembly.cpp
Generating XML output for file benchmark_simd_gemm_kernel.h
Generating XML output for file benchmark_simd_procedural_ray_query.cpp
Generating XML output for file benchmark_simd_ray_query.cpp
Generating XML output for file reference_warp_collectives.h
Generating XML output for file test_cohort_scheduler.cpp
Generating XML output for file test_llvm_native_math.cpp
Generating XML output for file test_llvm_native_math_fast.cpp
Generating XML output for file test_llvm_native_math_fast.h
Generating XML output for file test_llvm_schedule_codegen.cpp
Generating XML output for file test_llvm_value_layout.cpp
Generating XML output for file test_llvm_warp_collectives.cpp
Generating XML output for file test_phi_parallel_copy.cpp
Generating XML output for file test_reference_warp_collectives.cpp
Generating XML output for file test_schedule_ir.cpp
Generating XML output for file test_scheduler_model.cpp
Generating XML output for file test_simd_accel.cpp
Generating XML output for file test_simd_arithmetic.cpp
Generating XML output for file test_simd_atomics.cpp
Generating XML output for file test_simd_bindless_buffers.cpp
Generating XML output for file test_simd_bindless_textures.cpp
Generating XML output for file test_simd_curves.cpp
Generating XML output for file test_simd_embree_packet_support.cpp
Generating XML output for file test_simd_local_memory.cpp
Generating XML output for file test_simd_procedural.cpp
Generating XML output for file test_simd_runtime_widths.cpp
Generating XML output for file test_simd_thread_pool.cpp
Generating XML output for file test_warp_uniformity.cpp
Generating XML output for file test_xir_to_schedule.cpp
Generating XML output for file test_tirx_cooperative.cpp
Generating XML output for file test_tirx_execution.cpp
Generating XML output for file test_tirx_layout.cpp
Generating XML output for file test_tirx_matrix.cpp
Generating XML output for file test_tirx_memory.cpp
Generating XML output for file test_tirx_pipeline.cpp
Generating XML output for file test_tirx_planner.cpp
Generating XML output for file test_tirx_poc.cpp
Generating XML output for file test_tirx_poc_algorithms.cpp
Generating XML output for file test_tirx_poc_neural.cpp
Generating XML output for file test_tirx_targets.cpp
Generating XML output for file test_tirx_values.cpp
Generating XML output for file test_xir.cpp
Generating XML output for file test_xir_llm.cpp
Generating XML output for file test_xir_runtime.cpp
Generating XML output for file test_metal_timing.mm
Generating XML output for file test_tile_dsl.cpp
Generating XML output for file test_tile_ir.cpp
Generating XML output for file test_tile_layout.cpp
Generating XML output for file test_tile_memory.cpp
Generating XML output for file test_tile_native_codegen.cpp
Generating XML output for file test_tile_native_runtime.cpp
Generating XML output for file test_tile_values.cpp
Generating XML output for file benchmark_ast2xir_inline_ray_query.cpp
Generating XML output for file test_ast_external_lowering.cpp
Generating XML output for file test_ast_pack_usage.cpp
Generating XML output for file test_ast_to_xir.cpp
Generating XML output for file test_coro_cfg_dataflow.cpp
Generating XML output for file test_coro_cfg_distill.cpp
Generating XML output for file test_coro_dead_field.cpp
Generating XML output for file test_coro_frame_size.cpp
Generating XML output for file test_coro_materialize.cpp
Generating XML output for file test_coro_pipeline.cpp
Generating XML output for file test_coro_reg2mem.cpp
Generating XML output for file test_coro_restructure_validation.cpp
Generating XML output for file test_coro_split.cpp
Generating XML output for file test_coro_xir2ast.cpp
Generating XML output for file test_xir2ast_translators.cpp
Generating XML output for file test_xir_aggregate_field_bitmask.cpp
Generating XML output for file test_xir_builder.cpp
Generating XML output for file test_xir_integer_alignment.cpp
Generating XML output for file test_xir_interchange.cpp
Generating XML output for file test_xir_module.cpp
Generating XML output for file test_xir_pass_alias_analysis.cpp
Generating XML output for file test_xir_pass_autodiff_cfg.cpp
Generating XML output for file test_xir_pass_convergence_region.cpp
Generating XML output for file test_xir_pass_core_analyses.cpp
Generating XML output for file test_xir_pass_coro_alloca_scope.cpp
Generating XML output for file test_xir_pass_coro_rematerialize.cpp
Generating XML output for file test_xir_pass_defer_local_aggregate_load.cpp
Generating XML output for file test_xir_pass_destructure_cfg.cpp
Generating XML output for file test_xir_pass_early_cse.cpp
Generating XML output for file test_xir_pass_early_return_elimination.cpp
Generating XML output for file test_xir_pass_fuse_consecutive_buffer_reads.cpp
Generating XML output for file test_xir_pass_indvar_simplify.cpp
Generating XML output for file test_xir_pass_licm.cpp
Generating XML output for file test_xir_pass_loop_fusion.cpp
Generating XML output for file test_xir_pass_loop_rotation.cpp
Generating XML output for file test_xir_pass_loop_vectorization.cpp
Generating XML output for file test_xir_pass_lower_break_continue.cpp
Generating XML output for file test_xir_pass_lower_irreducible_cfg.cpp
Generating XML output for file test_xir_pass_lower_ray_query_to_pipeline.cpp
Generating XML output for file test_xir_pass_mutation_safety.cpp
Generating XML output for file test_xir_pass_pipeline.cpp
Generating XML output for file test_xir_pass_pointer_usage.cpp
Generating XML output for file test_xir_pass_post_dom_tree.cpp
Generating XML output for file test_xir_pass_reconstruct_ray_query_loop.cpp
Generating XML output for file test_xir_pass_restructure_cfg.cpp
Generating XML output for file test_xir_pass_restructure_cfg_construct_exits.cpp
Generating XML output for file test_xir_pass_restructure_cfg_entry_boundaries.cpp
Generating XML output for file test_xir_pass_restructure_cfg_selection_relations.cpp
Generating XML output for file test_xir_pass_scalar_evolution.cpp
Generating XML output for file test_xir_pass_sccp.cpp
Generating XML output for file test_xir_pass_simplify_cfg.cpp
Generating XML output for file test_xir_pass_slp_vectorization.cpp
Generating XML output for file test_xir_pass_unused_callable_removal.cpp
Generating XML output for file test_xir_passes.cpp
Generating XML output for file test_xir_translators.cpp
Generating XML output for file test_xir_verifier.cpp
Generating XML output for file LICENSE.md
Generating XML output for file ut.hpp
Generating XML output for file cooperative.cpp
Generating XML output for file cpu.cpp
Generating XML output for file execution.cpp
Generating XML output for file execution.h
Generating XML output for file layout.cpp
Generating XML output for file layout.cpp
Generating XML output for file lower.cpp
Generating XML output for file lower.cpp
Generating XML output for file mapping.cpp
Generating XML output for file matrix.cpp
Generating XML output for file pipeline.cpp
Generating XML output for file planner.cpp
Generating XML output for file planner.cpp
Generating XML output for file reduction.cpp
Generating XML output for file synchronization.cpp
Generating XML output for file views.cpp
Generating XML output for file representation.h
Generating XML output for file dimension.cpp
Generating XML output for file dsl.cpp
Generating XML output for file ir.cpp
Generating XML output for file RELATED_WORK.md
Generating XML output for file target.cpp
Generating XML output for file verifier.cpp
Generating XML output for file verifier.cpp
Generating XML output for file lc_vstl_pch.h
Generating XML output for file lmdb.cpp
Generating XML output for file log.cpp
Generating XML output for file md5.cpp
Generating XML output for file stack_allocator.cpp
Generating XML output for file string_builder.cpp
Generating XML output for file string_utility.cpp
Generating XML output for file v_guid.cpp
Generating XML output for file vstl.cpp
Generating XML output for file argument.cpp
Generating XML output for file basic_block.cpp
Generating XML output for file builder.cpp
Generating XML output for file constant.cpp
Generating XML output for file debug_printer.cpp
Generating XML output for file instruction_semantics.h
Generating XML output for file alloca.cpp
Generating XML output for file arithmetic.cpp
Generating XML output for file assert.cpp
Generating XML output for file assume.cpp
Generating XML output for file atomic.cpp
Generating XML output for file autodiff.cpp
Generating XML output for file autodiff.cpp
Generating XML output for file branch.cpp
Generating XML output for file break.cpp
Generating XML output for file call.cpp
Generating XML output for file cast.cpp
Generating XML output for file clock.cpp
Generating XML output for file continue.cpp
Generating XML output for file coro.cpp
Generating XML output for file debug_break.cpp
Generating XML output for file gep.cpp
Generating XML output for file if.cpp
Generating XML output for file indexed_branch.cpp
Generating XML output for file load.cpp
Generating XML output for file loop.cpp
Generating XML output for file outline.cpp
Generating XML output for file outline.cpp
Generating XML output for file phi.cpp
Generating XML output for file print.cpp
Generating XML output for file raster_discard.cpp
Generating XML output for file return.cpp
Generating XML output for file store.cpp
Generating XML output for file switch.cpp
Generating XML output for file thread_group.cpp
Generating XML output for file unreachable.cpp
Generating XML output for file metadata.cpp
Generating XML output for file comment.cpp
Generating XML output for file curve_basis.cpp
Generating XML output for file location.cpp
Generating XML output for file name.cpp
Generating XML output for file reg2mem_spill.cpp
Generating XML output for file signature_constraint.cpp
Generating XML output for file module.cpp
Generating XML output for file aggregate_field_bitmask.cpp
Generating XML output for file algebraic_simplify.cpp
Generating XML output for file alias_analysis.cpp
Generating XML output for file call_graph.cpp
Generating XML output for file CFG_NORMALIZATION_PLAN.md
Generating XML output for file const_fold.cpp
Generating XML output for file convergence_region.cpp
Generating XML output for file coro_alloca_scope.cpp
Generating XML output for file coro_cfg_dataflow.cpp
Generating XML output for file coro_cfg_dataflow.h
Generating XML output for file coro_cfg_distill.cpp
Generating XML output for file coro_frame_abi.cpp
Generating XML output for file coro_frame_abi.h
Generating XML output for file coro_frame_access.cpp
Generating XML output for file coro_frame_access.h
Generating XML output for file coro_guarded_scalar_relation.cpp
Generating XML output for file coro_guarded_scalar_relation.h
Generating XML output for file coro_initialized_prefix.cpp
Generating XML output for file coro_initialized_prefix.h
Generating XML output for file coro_materialize.cpp
Generating XML output for file coro_predicate_analysis.cpp
Generating XML output for file coro_predicate_analysis.h
Generating XML output for file coro_reg2mem.cpp
Generating XML output for file coro_rematerialize.cpp
Generating XML output for file coro_replayable.cpp
Generating XML output for file coro_replayable.h
Generating XML output for file coro_scalar_relation_liveness.cpp
Generating XML output for file coro_scalar_relation_liveness.h
Generating XML output for file coro_semantic_cfg.h
Generating XML output for file coro_semantic_graph.cpp
Generating XML output for file coro_semantic_graph.h
Generating XML output for file coro_split.cpp
Generating XML output for file cvp.cpp
Generating XML output for file dce.cpp
Generating XML output for file dead_arg_elim.cpp
Generating XML output for file dead_field_elimination.cpp
Generating XML output for file dead_store_elimination.cpp
Generating XML output for file defer_local_aggregate_load.cpp
Generating XML output for file destructure_cfg.cpp
Generating XML output for file div_rem_pairs.cpp
Generating XML output for file dom_tree.cpp
Generating XML output for file early_cse.cpp
Generating XML output for file early_return_elimination.cpp
Generating XML output for file fast_math_simplify.cpp
Generating XML output for file fix_self_referential.cpp
Generating XML output for file fuse_consecutive_buffer_reads.cpp
Generating XML output for file gvn.cpp
Generating XML output for file helpers.cpp
Generating XML output for file helpers.h
Generating XML output for file if_conversion.cpp
Generating XML output for file indvar_simplify.cpp
Generating XML output for file inline.cpp
Generating XML output for file integer_alignment.cpp
Generating XML output for file irreducible_cfg_analysis.cpp
Generating XML output for file irreducible_cfg_analysis.h
Generating XML output for file lex_scope_analysis.cpp
Generating XML output for file licm.cpp
Generating XML output for file local_load_elimination.cpp
Generating XML output for file local_store_forward.cpp
Generating XML output for file loop_fusion.cpp
Generating XML output for file loop_rotation.cpp
Generating XML output for file loop_unswitch.cpp
Generating XML output for file loop_vectorization.cpp
Generating XML output for file lower_break_continue.cpp
Generating XML output for file lower_irreducible_cfg.cpp
Generating XML output for file lower_ray_query_handler_graph.cpp
Generating XML output for file lower_ray_query_handler_graph.h
Generating XML output for file lower_ray_query_to_loop.cpp
Generating XML output for file lower_ray_query_to_pipeline.cpp
Generating XML output for file lower_ray_query_to_pipeline_capture_cost.h
Generating XML output for file mem2reg.cpp
Generating XML output for file natural_loop.cpp
Generating XML output for file natural_loop.h
Generating XML output for file PASS_CORRECTNESS_AUDIT.md
Generating XML output for file pass_pipeline.cpp
Generating XML output for file pass_verification.cpp
Generating XML output for file phi_cleanup.cpp
Generating XML output for file pointer_usage.cpp
Generating XML output for file post_dom_tree.cpp
Generating XML output for file promote_ref_arg.cpp
Generating XML output for file reassociate.cpp
Generating XML output for file reconstruct_ray_query_loop.cpp
Generating XML output for file reg2mem.cpp
Generating XML output for file restructure_cfg.cpp
Generating XML output for file restructure_cfg_construct_boundary.cpp
Generating XML output for file restructure_cfg_construct_boundary.h
Generating XML output for file restructure_cfg_loop_boundary.cpp
Generating XML output for file restructure_cfg_loop_boundary.h
Generating XML output for file restructure_cfg_post_dom.cpp
Generating XML output for file restructure_cfg_post_dom.h
Generating XML output for file restructure_cfg_selection_merge.cpp
Generating XML output for file restructure_cfg_selection_merge.h
Generating XML output for file scalar_evolution.cpp
Generating XML output for file scalarizer.cpp
Generating XML output for file sccp.cpp
Generating XML output for file select_factor.cpp
Generating XML output for file simplify_cfg.cpp
Generating XML output for file simplify_libcalls.cpp
Generating XML output for file slp_vectorization.cpp
Generating XML output for file sroa.cpp
Generating XML output for file trace_gep.cpp
Generating XML output for file transpose_gep.cpp
Generating XML output for file uniformity_analysis.cpp
Generating XML output for file unused_callable_removal.cpp
Generating XML output for file visualize_cfg.py
Generating XML output for file pointer_containers.h
Generating XML output for file special_register.cpp
Generating XML output for file test_aggregate_field_bitmasks.cpp
Generating XML output for file test_dce.cpp
Generating XML output for file test_debug_printer.cpp
Generating XML output for file test_mem2reg.cpp
Generating XML output for file test_ray_query.cpp
Generating XML output for file ast2xir.cpp
Generating XML output for file ast2xir_inline_ray_query.cpp
Generating XML output for file ast2xir_inline_ray_query.h
Generating XML output for file json2xir.cpp
Generating XML output for file xir2ast.cpp
Generating XML output for file xir2json.cpp
Generating XML output for file xir2text.cpp
Generating XML output for file xir_interchange.cpp
Generating XML output for file update_op_name_map.py
Generating XML output for file use.cpp
Generating XML output for file user.cpp
Generating XML output for file value.cpp
Generating XML output for file verifier_dom_tree.cpp
Generating XML output for file verifier_dom_tree.h
Generating XML output for page md_src_2tests_2ut_2_l_i_c_e_n_s_e
Generating XML output for page md_src_2tile_2_r_e_l_a_t_e_d___w_o_r_k
Generating XML output for page md_src_2xir_2passes_2_c_f_g___n_o_r_m_a_l_i_z_a_t_i_o_n___p_l_a_n
Generating XML output for page md_src_2xir_2passes_2_p_a_s_s___c_o_r_r_e_c_t_n_e_s_s___a_u_d_i_t
Generating XML output for page deprecated
Generate XML output for dir /Users/mike/CLionProjects/luisa/include/luisa/ast/
Generate XML output for dir /Users/mike/CLionProjects/luisa/src/ast/
Generate XML output for dir /Users/mike/CLionProjects/luisa/src/tests/unit/ast/
Generate XML output for dir /Users/mike/CLionProjects/luisa/include/luisa/backends/
Generate XML output for dir /Users/mike/CLionProjects/luisa/src/tests/benchmark/
Generate XML output for dir /Users/mike/CLionProjects/luisa/include/luisa/tile/bridge/
Generate XML output for dir /Users/mike/CLionProjects/luisa/src/tests/unit/tile/bridge/
Generate XML output for dir /Users/mike/CLionProjects/luisa/src/tile/bridge/
Generate XML output for dir /Users/mike/CLionProjects/luisa/include/luisa/clangcxx/
Generate XML output for dir /Users/mike/CLionProjects/luisa/src/clangcxx/
Generate XML output for dir /Users/mike/CLionProjects/luisa/include/luisa/backends/common/
Generate XML output for dir /Users/mike/CLionProjects/luisa/src/tests/common/
Generate XML output for dir /Users/mike/CLionProjects/luisa/include/luisa/core/
Generate XML output for dir /Users/mike/CLionProjects/luisa/src/core/
Generate XML output for dir /Users/mike/CLionProjects/luisa/src/tests/unit/core/
Generate XML output for dir /Users/mike/CLionProjects/luisa/include/luisa/coro/
Generate XML output for dir /Users/mike/CLionProjects/luisa/src/coro/
Generate XML output for dir /Users/mike/CLionProjects/luisa/src/tests/unit/coro/
Generate XML output for dir /Users/mike/CLionProjects/luisa/include/luisa/backends/ext/cuda/
Generate XML output for dir /Users/mike/CLionProjects/luisa/src/tests/cuda/
Generate XML output for dir /Users/mike/CLionProjects/luisa/src/tests/cxx_shaders/
Generate XML output for dir /Users/mike/CLionProjects/luisa/include/luisa/backends/ext/cuda/lcub/dcub/
Generate XML output for dir /Users/mike/CLionProjects/luisa/include/luisa/coro/schedulers/detail/
Generate XML output for dir /Users/mike/CLionProjects/luisa/include/luisa/dsl/
Generate XML output for dir /Users/mike/CLionProjects/luisa/src/dsl/
Generate XML output for dir /Users/mike/CLionProjects/luisa/src/tests/unit/dsl/
Generate XML output for dir /Users/mike/CLionProjects/luisa/src/tests/cxx_shaders/std/ex/
Generate XML output for dir /Users/mike/CLionProjects/luisa/src/tests/cxx_shaders/luisa/experimental/
Generate XML output for dir /Users/mike/CLionProjects/luisa/include/luisa/backends/ext/
Generate XML output for dir /Users/mike/CLionProjects/luisa/src/dsl/ext/
Generate XML output for dir /Users/mike/CLionProjects/luisa/src/tests/unit/ext/
Generate XML output for dir /Users/mike/CLionProjects/luisa/src/tests/unit/fallback/
Generate XML output for dir /Users/mike/CLionProjects/luisa/src/tests/cxx_shaders/luisa/functions/
Generate XML output for dir /Users/mike/CLionProjects/luisa/include/luisa/gui/
Generate XML output for dir /Users/mike/CLionProjects/luisa/src/gui/
Generate XML output for dir /Users/mike/CLionProjects/luisa/include/
Generate XML output for dir /Users/mike/CLionProjects/luisa/include/luisa/xir/instructions/
Generate XML output for dir /Users/mike/CLionProjects/luisa/src/xir/instructions/
Generate XML output for dir /Users/mike/CLionProjects/luisa/src/tests/integration/
Generate XML output for dir /Users/mike/CLionProjects/luisa/src/tests/cxx_shaders/std/internal/
Generate XML output for dir /Users/mike/CLionProjects/luisa/src/tests/ios/
Generate XML output for dir /Users/mike/CLionProjects/luisa/include/luisa/backends/ext/cuda/lcub/
Generate XML output for dir /Users/mike/CLionProjects/luisa/src/clangcxx/src/llvm/
Generate XML output for dir /Users/mike/CLionProjects/luisa/include/luisa/
Generate XML output for dir /Users/mike/CLionProjects/luisa/src/py/luisa/
Generate XML output for dir /Users/mike/CLionProjects/luisa/src/tests/cxx_shaders/luisa/
Generate XML output for dir /Users/mike/CLionProjects/luisa/src/tests/cxx_shaders/luisa/mesh_shader/
Generate XML output for dir /Users/mike/CLionProjects/luisa/include/luisa/xir/metadata/
Generate XML output for dir /Users/mike/CLionProjects/luisa/src/xir/metadata/
Generate XML output for dir /Users/mike/CLionProjects/luisa/src/tests/integration/runtime/motion_blur/
Generate XML output for dir /Users/mike/CLionProjects/luisa/src/tests/cxx_shaders/luisa/numeric/
Generate XML output for dir /Users/mike/CLionProjects/luisa/src/tests/cxx_shaders/luisa/types/ops/
Generate XML output for dir /Users/mike/CLionProjects/luisa/include/luisa/osl/
Generate XML output for dir /Users/mike/CLionProjects/luisa/src/osl/
Generate XML output for dir /Users/mike/CLionProjects/luisa/include/luisa/xir/passes/
Generate XML output for dir /Users/mike/CLionProjects/luisa/src/xir/passes/
Generate XML output for dir /Users/mike/CLionProjects/luisa/src/tile/bridge/tirx/patches/
Generate XML output for dir /Users/mike/CLionProjects/luisa/src/py/
Generate XML output for dir /Users/mike/CLionProjects/luisa/src/tests/python/
Generate XML output for dir /Users/mike/CLionProjects/luisa/include/luisa/dsl/raster/
Generate XML output for dir /Users/mike/CLionProjects/luisa/include/luisa/runtime/raster/
Generate XML output for dir /Users/mike/CLionProjects/luisa/src/dsl/raster/
Generate XML output for dir /Users/mike/CLionProjects/luisa/src/runtime/raster/
Generate XML output for dir /Users/mike/CLionProjects/luisa/src/tests/cxx_shaders/luisa/raster/
Generate XML output for dir /Users/mike/CLionProjects/luisa/src/tests/cxx_shaders/luisa/raytracing/
Generate XML output for dir /Users/mike/CLionProjects/luisa/src/tests/cxx_shaders/luisa/resources/
Generate XML output for dir /Users/mike/CLionProjects/luisa/include/luisa/runtime/rhi/
Generate XML output for dir /Users/mike/CLionProjects/luisa/src/runtime/rhi/
Generate XML output for dir /Users/mike/CLionProjects/luisa/include/luisa/dsl/rtx/
Generate XML output for dir /Users/mike/CLionProjects/luisa/include/luisa/runtime/rtx/
Generate XML output for dir /Users/mike/CLionProjects/luisa/src/dsl/rtx/
Generate XML output for dir /Users/mike/CLionProjects/luisa/src/runtime/rtx/
Generate XML output for dir /Users/mike/CLionProjects/luisa/include/luisa/runtime/
Generate XML output for dir /Users/mike/CLionProjects/luisa/src/runtime/
Generate XML output for dir /Users/mike/CLionProjects/luisa/src/tests/integration/runtime/
Generate XML output for dir /Users/mike/CLionProjects/luisa/src/tests/unit/runtime/
Generate XML output for dir /Users/mike/CLionProjects/luisa/include/luisa/coro/schedulers/
Generate XML output for dir /Users/mike/CLionProjects/luisa/src/coro/schedulers/
Generate XML output for dir /Users/mike/CLionProjects/luisa/src/tests/unit/simd/
Generate XML output for dir /Users/mike/CLionProjects/luisa/src/
Generate XML output for dir /Users/mike/CLionProjects/luisa/src/clangcxx/src/
Generate XML output for dir /Users/mike/CLionProjects/luisa/src/tests/cxx_shaders/std/
Generate XML output for dir /Users/mike/CLionProjects/luisa/include/luisa/core/stl/
Generate XML output for dir /Users/mike/CLionProjects/luisa/src/core/stl/
Generate XML output for dir /Users/mike/CLionProjects/luisa/src/tests/
Generate XML output for dir /Users/mike/CLionProjects/luisa/src/xir/tests/
Generate XML output for dir /Users/mike/CLionProjects/luisa/include/luisa/tile/
Generate XML output for dir /Users/mike/CLionProjects/luisa/src/tests/unit/tile/
Generate XML output for dir /Users/mike/CLionProjects/luisa/src/tile/
Generate XML output for dir /Users/mike/CLionProjects/luisa/include/luisa/tile/bridge/tirx/
Generate XML output for dir /Users/mike/CLionProjects/luisa/src/tile/bridge/tirx/
Generate XML output for dir /Users/mike/CLionProjects/luisa/src/tests/integration/runtime/transient_resource_device/
Generate XML output for dir /Users/mike/CLionProjects/luisa/include/luisa/xir/translators/
Generate XML output for dir /Users/mike/CLionProjects/luisa/src/xir/translators/
Generate XML output for dir /Users/mike/CLionProjects/luisa/src/tests/cxx_shaders/luisa/type_traits/
Generate XML output for dir /Users/mike/CLionProjects/luisa/src/tests/cxx_shaders/luisa/types/
Generate XML output for dir /Users/mike/CLionProjects/luisa/src/tests/unit/
Generate XML output for dir /Users/mike/CLionProjects/luisa/src/tests/ut/
Generate XML output for dir /Users/mike/CLionProjects/luisa/src/clangcxx/src/llvm/Utils/
Generate XML output for dir /Users/mike/CLionProjects/luisa/include/luisa/vstl/
Generate XML output for dir /Users/mike/CLionProjects/luisa/src/vstl/
Generate XML output for dir /Users/mike/CLionProjects/luisa/include/luisa/tile/bridge/xir/
Generate XML output for dir /Users/mike/CLionProjects/luisa/include/luisa/xir/
Generate XML output for dir /Users/mike/CLionProjects/luisa/src/tests/integration/xir/
Generate XML output for dir /Users/mike/CLionProjects/luisa/src/tests/unit/xir/
Generate XML output for dir /Users/mike/CLionProjects/luisa/src/tile/bridge/xir/
Generate XML output for dir /Users/mike/CLionProjects/luisa/src/xir/
Generating XML output for example Type::from
Generating XML output for the main page
type lookup cache used 54166/65536 hits=343490 misses=66716
symbol lookup cache used 65536/65536 hits=2114985 misses=328365
Note: based on cache misses the ideal setting for LOOKUP_CACHE_SIZE is 2 at the cost of higher memory usage.
finished...
